category,price,category_encoded,price_scaled
CPU,9800.0,0,0.1176935946129999
CPU,34890.0,0,1.6393421367770962
CPU,760.0,0,-0.43056080240427513
CPU,1890.0,0,-0.36202900277711575
CPU,13008.0,0,0.3122511284217851
CPU,12499.0,0,0.28138149478441865
CPU,1630.0,0,-0.3777973814523914
CPU,16599.0,0,0.530036696971457
CPU,1630.0,0,-0.3777973814523914
CPU,7099.0,0,-0.04611560077899788
CPU,27999.0,0,1.2214194542720032
CPU,42993.0,0,2.1307697229530893
CPU,9599.0,0,0.10550342494480607
CPU,7916.0,0,0.00343349682754125
CPU,2044.0,0,-0.35268927079252943
CPU,23890.0,0,0.9722184235923589
CPU,35349.0,0,1.6671793898999867
CPU,51890.0,0,2.670351511698963
CPU,790.0,0,-0.4287413740955895
CPU,28900.0,0,1.276062951142862
CPU,3339.0,0,-0.274150615467599
CPU,1940.0,0,-0.3589966222626397
CPU,8626.0,0,0.046493300133101566
CPU,18699.0,0,0.6573966785794524
CPU,4790.0,0,-0.1861509329375032
CPU,4495.0,0,-0.20404197797291207
CPU,4949.0,0,-0.17650796290146928
CPU,23499.0,0,0.9485052079691559
CPU,2300.0,0,-0.33716348255841194
CPU,15799.0,0,0.4815186087398398
CPU,2496.0,0,-0.3252765509416657
CPU,2397.0,0,-0.3312806643603283
CPU,11796.0,0,0.23874622475088497
CPU,3148.0,0,-0.28573430903289765
CPU,27399.0,0,1.18503088809829
CPU,26518.0,0,1.1316003434332216
CPU,1790.0,0,-0.3680937638060679
CPU,7940.0,0,0.004889039474489767
CPU,466.0,0,-0.4483911998293945
CPU,3372.0,0,-0.27214924432804477
CPU,9800.0,0,0.1176935946129999
CPU,34890.0,0,1.6393421367770962
CPU,760.0,0,-0.43056080240427513
CPU,1890.0,0,-0.36202900277711575
CPU,13008.0,0,0.3122511284217851
CPU,12499.0,0,0.28138149478441865
CPU,1630.0,0,-0.3777973814523914
CPU,16599.0,0,0.530036696971457
CPU,1630.0,0,-0.3777973814523914
CPU,7099.0,0,-0.04611560077899788
CPU,27999.0,0,1.2214194542720032
CPU,42993.0,0,2.1307697229530893
CPU,9599.0,0,0.10550342494480607
CPU,7916.0,0,0.00343349682754125
CPU,2044.0,0,-0.35268927079252943
CPU,23890.0,0,0.9722184235923589
CPU,35349.0,0,1.6671793898999867
CPU,51890.0,0,2.670351511698963
CPU,790.0,0,-0.4287413740955895
CPU,28900.0,0,1.276062951142862
CPU,3339.0,0,-0.274150615467599
CPU,1940.0,0,-0.3589966222626397
CPU,8626.0,0,0.046493300133101566
CPU,18699.0,0,0.6573966785794524
CPU,4790.0,0,-0.1861509329375032
CPU,4495.0,0,-0.20404197797291207
CPU,4949.0,0,-0.17650796290146928
CPU,23499.0,0,0.9485052079691559
CPU,2300.0,0,-0.33716348255841194
CPU,15799.0,0,0.4815186087398398
CPU,2496.0,0,-0.3252765509416657
CPU,2397.0,0,-0.3312806643603283
CPU,11796.0,0,0.23874622475088497
CPU,3148.0,0,-0.28573430903289765
CPU,27399.0,0,1.18503088809829
CPU,26518.0,0,1.1316003434332216
CPU,1790.0,0,-0.3680937638060679
CPU,7940.0,0,0.004889039474489767
CPU,466.0,0,-0.4483911998293945
CPU,3372.0,0,-0.27214924432804477
CPU,9800.0,0,0.1176935946129999
CPU,16599.0,0,0.530036696971457
CPU,999.0,0,-0.4160660235450795
CPU,27499.0,0,1.1910956491272422
CPU,9999.0,0,0.1297624690606147
CPU,1699.0,0,-0.3736126963424144
CPU,27999.0,0,1.2214194542720032
CPU,35349.0,0,1.6671793898999867
CPU,47999.0,0,2.4343716600624346
CPU,2500.0,0,-0.3250339605005076
CPU,34890.0,0,1.6393421367770962
CPU,51890.0,0,2.670351511698963
CPU,1900.0,0,-0.36142252667422053
CPU,800.0,0,-0.4281348979926943
CPU,37957.0,0,1.8253483575350589
CPU,1709.0,0,-0.3730062202395192
CPU,42993.0,0,2.1307697229530893
CPU,18999.0,0,0.6755909616663088
CPU,60999.0,0,3.2227905938262147
CPU,2660.0,0,-0.31533034285418415
CPU,19656.0,0,0.7154364416265245
CPU,1015.0,0,-0.41509566178044716
CPU,349.0,0,-0.4554869702332685
CPU,32990.0,0,1.5241116772270051
CPU,3150.0,0,-0.2856130138123186
CPU,2900.0,0,-0.300774916384699
CPU,1700.0,0,-0.3735520487321249
CPU,6399.0,0,-0.08856892798166298
CPU,6150.0,0,-0.10367018294375385
CPU,2800.0,0,-0.30683967741365115
CPU,28499.0,0,1.251743259416764
CPU,3100.0,0,-0.28864539432679465
CPU,22499.0,0,0.8878575976796343
CPU,24999.0,0,1.0394766234034383
CPU,46999.0,0,2.3737240497729126
CPU,1990.0,0,-0.3559642417481636
CPU,2734.0,0,-0.31084241969275955
CPU,30999.0,0,1.4033622851405678
CPU,2400.0,0,-0.33109872152945974
CPU,44390.0,0,2.215494434527551
CPU,9800.0,0,0.1176935946129999
CPU,34890.0,0,1.6393421367770962
CPU,760.0,0,-0.43056080240427513
CPU,1890.0,0,-0.36202900277711575
CPU,13008.0,0,0.3122511284217851
CPU,12499.0,0,0.28138149478441865
CPU,1630.0,0,-0.3777973814523914
CPU,16599.0,0,0.530036696971457
CPU,1630.0,0,-0.3777973814523914
CPU,7099.0,0,-0.04611560077899788
CPU,27999.0,0,1.2214194542720032
CPU,42993.0,0,2.1307697229530893
CPU,9599.0,0,0.10550342494480607
CPU,7916.0,0,0.00343349682754125
CPU,2044.0,0,-0.35268927079252943
CPU,23890.0,0,0.9722184235923589
CPU,35349.0,0,1.6671793898999867
CPU,51890.0,0,2.670351511698963
CPU,790.0,0,-0.4287413740955895
CPU,28900.0,0,1.276062951142862
CPU,3339.0,0,-0.274150615467599
CPU,1940.0,0,-0.3589966222626397
CPU,8626.0,0,0.046493300133101566
CPU,18699.0,0,0.6573966785794524
CPU,4790.0,0,-0.1861509329375032
CPU,4495.0,0,-0.20404197797291207
CPU,4949.0,0,-0.17650796290146928
CPU,23499.0,0,0.9485052079691559
CPU,2300.0,0,-0.33716348255841194
CPU,15799.0,0,0.4815186087398398
CPU,2496.0,0,-0.3252765509416657
CPU,2397.0,0,-0.3312806643603283
CPU,11796.0,0,0.23874622475088497
CPU,3148.0,0,-0.28573430903289765
CPU,27399.0,0,1.18503088809829
CPU,26518.0,0,1.1316003434332216
CPU,1790.0,0,-0.3680937638060679
CPU,7940.0,0,0.004889039474489767
CPU,466.0,0,-0.4483911998293945
CPU,3372.0,0,-0.27214924432804477
CPU,9800.0,0,0.1176935946129999
CPU,16599.0,0,0.530036696971457
CPU,999.0,0,-0.4160660235450795
CPU,27499.0,0,1.1910956491272422
CPU,9999.0,0,0.1297624690606147
CPU,1699.0,0,-0.3736126963424144
CPU,27999.0,0,1.2214194542720032
CPU,35349.0,0,1.6671793898999867
CPU,47999.0,0,2.4343716600624346
CPU,2500.0,0,-0.3250339605005076
CPU,34890.0,0,1.6393421367770962
CPU,51890.0,0,2.670351511698963
CPU,1900.0,0,-0.36142252667422053
CPU,800.0,0,-0.4281348979926943
CPU,37957.0,0,1.8253483575350589
CPU,1709.0,0,-0.3730062202395192
CPU,42993.0,0,2.1307697229530893
CPU,18999.0,0,0.6755909616663088
CPU,60999.0,0,3.2227905938262147
CPU,2660.0,0,-0.31533034285418415
CPU,19656.0,0,0.7154364416265245
CPU,1015.0,0,-0.41509566178044716
CPU,349.0,0,-0.4554869702332685
CPU,32990.0,0,1.5241116772270051
CPU,3150.0,0,-0.2856130138123186
CPU,2900.0,0,-0.300774916384699
CPU,1700.0,0,-0.3735520487321249
CPU,6399.0,0,-0.08856892798166298
CPU,6150.0,0,-0.10367018294375385
CPU,2800.0,0,-0.30683967741365115
CPU,28499.0,0,1.251743259416764
CPU,3100.0,0,-0.28864539432679465
CPU,22499.0,0,0.8878575976796343
CPU,24999.0,0,1.0394766234034383
CPU,46999.0,0,2.3737240497729126
CPU,1990.0,0,-0.3559642417481636
CPU,2734.0,0,-0.31084241969275955
CPU,30999.0,0,1.4033622851405678
CPU,2400.0,0,-0.33109872152945974
CPU,44390.0,0,2.215494434527551
CPU,9800.0,0,0.1176935946129999
CPU,16599.0,0,0.530036696971457
CPU,1800.0,0,-0.3674872877031727
CPU,5499.0,0,-0.1431517772422324
CPU,79999.0,0,4.375095189327125
CPU,49399.0,0,2.5192783144677646
CPU,27999.0,0,1.2214194542720032
CPU,51890.0,0,2.670351511698963
CPU,42993.0,0,2.1307697229530893
CPU,11099.0,0,0.1964748403790884
CPU,34890.0,0,1.6393421367770962
CPU,35349.0,0,1.6671793898999867
CPU,22790.0,0,0.9055060522738851
CPU,63999.0,0,3.4047334246947796
CPU,1575.0,0,-0.38113300001831507
CPU,765.0,0,-0.4302575643528275
CPU,2999.0,0,-0.29477080296603636
CPU,42999.0,0,2.1311336086148263
CPU,3599.0,0,-0.2583822367923234
CPU,20999.0,0,0.796886182245352
CPU,410.0,0,-0.4517874660056077
CPU,359.0,0,-0.4548804941303733
CPU,800.0,0,-0.4281348979926943
CPU,10750.0,0,0.1753088243880454
CPU,27999.0,0,1.2214194542720032
CPU,87370.0,0,4.822128724771188
CPU,69999.0,0,3.768619086431909
CPU,999.0,0,-0.4160660235450795
CPU,26899.0,0,1.1547070829535293
CPU,6998.0,0,-0.05224100941823956
CPU,14100.0,0,0.3784783188579427
CPU,399.0,0,-0.45245458971879243
CPU,2289.0,0,-0.33783060627159667
CPU,6499.0,0,-0.08250416695271082
CPU,3209.0,0,-0.2820348048052368
CPU,1699.0,0,-0.3736126963424144
CPU,699.0,0,-0.434260306631936
CPU,2999.0,0,-0.29477080296603636
CPU,55999.0,0,2.919552542378607
CPU,6300.0,0,-0.09457304140032562
CPU,9800.0,0,0.1176935946129999
CPU,34890.0,0,1.6393421367770962
CPU,760.0,0,-0.43056080240427513
CPU,1890.0,0,-0.36202900277711575
CPU,13008.0,0,0.3122511284217851
CPU,12499.0,0,0.28138149478441865
CPU,1630.0,0,-0.3777973814523914
CPU,16599.0,0,0.530036696971457
CPU,1630.0,0,-0.3777973814523914
CPU,7099.0,0,-0.04611560077899788
CPU,27999.0,0,1.2214194542720032
CPU,42993.0,0,2.1307697229530893
CPU,9599.0,0,0.10550342494480607
CPU,7916.0,0,0.00343349682754125
CPU,2044.0,0,-0.35268927079252943
CPU,23890.0,0,0.9722184235923589
CPU,35349.0,0,1.6671793898999867
CPU,51890.0,0,2.670351511698963
CPU,790.0,0,-0.4287413740955895
CPU,28900.0,0,1.276062951142862
CPU,3339.0,0,-0.274150615467599
CPU,1940.0,0,-0.3589966222626397
CPU,8626.0,0,0.046493300133101566
CPU,18699.0,0,0.6573966785794524
CPU,4790.0,0,-0.1861509329375032
CPU,4495.0,0,-0.20404197797291207
CPU,4949.0,0,-0.17650796290146928
CPU,23499.0,0,0.9485052079691559
CPU,2300.0,0,-0.33716348255841194
CPU,15799.0,0,0.4815186087398398
CPU,2496.0,0,-0.3252765509416657
CPU,2397.0,0,-0.3312806643603283
CPU,11796.0,0,0.23874622475088497
CPU,3148.0,0,-0.28573430903289765
CPU,27399.0,0,1.18503088809829
CPU,26518.0,0,1.1316003434332216
CPU,1790.0,0,-0.3680937638060679
CPU,7940.0,0,0.004889039474489767
CPU,466.0,0,-0.4483911998293945
CPU,3372.0,0,-0.27214924432804477
CPU,9800.0,0,0.1176935946129999
CPU,16599.0,0,0.530036696971457
CPU,999.0,0,-0.4160660235450795
CPU,27499.0,0,1.1910956491272422
CPU,9999.0,0,0.1297624690606147
CPU,1699.0,0,-0.3736126963424144
CPU,27999.0,0,1.2214194542720032
CPU,35349.0,0,1.6671793898999867
CPU,47999.0,0,2.4343716600624346
CPU,2500.0,0,-0.3250339605005076
CPU,34890.0,0,1.6393421367770962
CPU,51890.0,0,2.670351511698963
CPU,1900.0,0,-0.36142252667422053
CPU,800.0,0,-0.4281348979926943
CPU,37957.0,0,1.8253483575350589
CPU,1709.0,0,-0.3730062202395192
CPU,42993.0,0,2.1307697229530893
CPU,18999.0,0,0.6755909616663088
CPU,60999.0,0,3.2227905938262147
CPU,2660.0,0,-0.31533034285418415
CPU,19656.0,0,0.7154364416265245
CPU,1015.0,0,-0.41509566178044716
CPU,349.0,0,-0.4554869702332685
CPU,32990.0,0,1.5241116772270051
CPU,3150.0,0,-0.2856130138123186
CPU,2900.0,0,-0.300774916384699
CPU,1700.0,0,-0.3735520487321249
CPU,6399.0,0,-0.08856892798166298
CPU,6150.0,0,-0.10367018294375385
CPU,2800.0,0,-0.30683967741365115
CPU,28499.0,0,1.251743259416764
CPU,3100.0,0,-0.28864539432679465
CPU,22499.0,0,0.8878575976796343
CPU,24999.0,0,1.0394766234034383
CPU,46999.0,0,2.3737240497729126
CPU,1990.0,0,-0.3559642417481636
CPU,2734.0,0,-0.31084241969275955
CPU,30999.0,0,1.4033622851405678
CPU,2400.0,0,-0.33109872152945974
CPU,44390.0,0,2.215494434527551
CPU,9800.0,0,0.1176935946129999
CPU,16599.0,0,0.530036696971457
CPU,1800.0,0,-0.3674872877031727
CPU,5499.0,0,-0.1431517772422324
CPU,79999.0,0,4.375095189327125
CPU,49399.0,0,2.5192783144677646
CPU,27999.0,0,1.2214194542720032
CPU,51890.0,0,2.670351511698963
CPU,42993.0,0,2.1307697229530893
CPU,11099.0,0,0.1964748403790884
CPU,34890.0,0,1.6393421367770962
CPU,35349.0,0,1.6671793898999867
CPU,22790.0,0,0.9055060522738851
CPU,63999.0,0,3.4047334246947796
CPU,1575.0,0,-0.38113300001831507
CPU,765.0,0,-0.4302575643528275
CPU,2999.0,0,-0.29477080296603636
CPU,42999.0,0,2.1311336086148263
CPU,3599.0,0,-0.2583822367923234
CPU,20999.0,0,0.796886182245352
CPU,410.0,0,-0.4517874660056077
CPU,359.0,0,-0.4548804941303733
CPU,800.0,0,-0.4281348979926943
CPU,10750.0,0,0.1753088243880454
CPU,27999.0,0,1.2214194542720032
CPU,87370.0,0,4.822128724771188
CPU,69999.0,0,3.768619086431909
CPU,999.0,0,-0.4160660235450795
CPU,26899.0,0,1.1547070829535293
CPU,6998.0,0,-0.05224100941823956
CPU,14100.0,0,0.3784783188579427
CPU,399.0,0,-0.45245458971879243
CPU,2289.0,0,-0.33783060627159667
CPU,6499.0,0,-0.08250416695271082
CPU,3209.0,0,-0.2820348048052368
CPU,1699.0,0,-0.3736126963424144
CPU,699.0,0,-0.434260306631936
CPU,2999.0,0,-0.29477080296603636
CPU,55999.0,0,2.919552542378607
CPU,6300.0,0,-0.09457304140032562
CPU,9800.0,0,0.1176935946129999
CPU,16599.0,0,0.530036696971457
CPU,55999.0,0,2.919552542378607
CPU,6300.0,0,-0.09457304140032562
CPU,2950.0,0,-0.29774253587022287
CPU,1350.0,0,-0.3947787123334574
CPU,27999.0,0,1.2214194542720032
CPU,34890.0,0,1.6393421367770962
CPU,2382.0,0,-0.33219037851467115
CPU,11316.0,0,0.2096353718119146
CPU,51890.0,0,2.670351511698963
CPU,42993.0,0,2.1307697229530893
CPU,1800.0,0,-0.3674872877031727
CPU,29999.0,0,1.3427146748510461
CPU,5200.0,0,-0.16128541271879934
CPU,1249.0,0,-0.4009041209726991
CPU,35349.0,0,1.6671793898999867
CPU,2249.0,0,-0.3402565106831775
CPU,14818.0,0,0.42202330304581914
CPU,13000.0,0,0.31176594753946896
CPU,5180.0,0,-0.16249836492458977
CPU,650.0,0,-0.4372320395361225
CPU,2600.0,0,-0.31896919947155544
CPU,1889.0,0,-0.36208965038740526
CPU,3299.0,0,-0.27657651987917986
CPU,2199.0,0,-0.3432888911976536
CPU,900.0,0,-0.4220701369637421
CPU,349.0,0,-0.4554869702332685
CPU,6750.0,0,-0.06728161677004091
CPU,2298.0,0,-0.33728477777899096
CPU,2180.0,0,-0.3444411957931545
CPU,60999.0,0,3.2227905938262147
CPU,699.0,0,-0.434260306631936
CPU,5000.0,0,-0.17341493477670367
CPU,1150.0,0,-0.40690823439136176
CPU,1869.0,0,-0.36330260259319574
CPU,3449.0,0,-0.26747937833575164
CPU,1998.0,0,-0.3554790608658474
CPU,1100.0,0,-0.40994061490583783
CPU,12999.0,0,0.3117052999291794
CPU,9800.0,0,0.1176935946129999
CPU,34890.0,0,1.6393421367770962
CPU,760.0,0,-0.43056080240427513
CPU,1890.0,0,-0.36202900277711575
CPU,13008.0,0,0.3122511284217851
CPU,12499.0,0,0.28138149478441865
CPU,1630.0,0,-0.3777973814523914
CPU,16599.0,0,0.530036696971457
CPU,1630.0,0,-0.3777973814523914
CPU,7099.0,0,-0.04611560077899788
CPU,27999.0,0,1.2214194542720032
CPU,42993.0,0,2.1307697229530893
CPU,9599.0,0,0.10550342494480607
CPU,7916.0,0,0.00343349682754125
CPU,2044.0,0,-0.35268927079252943
CPU,23890.0,0,0.9722184235923589
CPU,35349.0,0,1.6671793898999867
CPU,51890.0,0,2.670351511698963
CPU,790.0,0,-0.4287413740955895
CPU,28900.0,0,1.276062951142862
CPU,3339.0,0,-0.274150615467599
CPU,1940.0,0,-0.3589966222626397
CPU,8626.0,0,0.046493300133101566
CPU,18699.0,0,0.6573966785794524
CPU,4790.0,0,-0.1861509329375032
CPU,4495.0,0,-0.20404197797291207
CPU,4949.0,0,-0.17650796290146928
CPU,23499.0,0,0.9485052079691559
CPU,2300.0,0,-0.33716348255841194
CPU,15799.0,0,0.4815186087398398
CPU,2496.0,0,-0.3252765509416657
CPU,2397.0,0,-0.3312806643603283
CPU,11796.0,0,0.23874622475088497
CPU,3148.0,0,-0.28573430903289765
CPU,27399.0,0,1.18503088809829
CPU,26518.0,0,1.1316003434332216
CPU,1790.0,0,-0.3680937638060679
CPU,7940.0,0,0.004889039474489767
CPU,466.0,0,-0.4483911998293945
CPU,3372.0,0,-0.27214924432804477
CPU,9800.0,0,0.1176935946129999
CPU,16599.0,0,0.530036696971457
CPU,999.0,0,-0.4160660235450795
CPU,27499.0,0,1.1910956491272422
CPU,9999.0,0,0.1297624690606147
CPU,1699.0,0,-0.3736126963424144
CPU,27999.0,0,1.2214194542720032
CPU,35349.0,0,1.6671793898999867
CPU,47999.0,0,2.4343716600624346
CPU,2500.0,0,-0.3250339605005076
CPU,34890.0,0,1.6393421367770962
CPU,51890.0,0,2.670351511698963
CPU,1900.0,0,-0.36142252667422053
CPU,800.0,0,-0.4281348979926943
CPU,37957.0,0,1.8253483575350589
CPU,1709.0,0,-0.3730062202395192
CPU,42993.0,0,2.1307697229530893
CPU,18999.0,0,0.6755909616663088
CPU,60999.0,0,3.2227905938262147
CPU,2660.0,0,-0.31533034285418415
CPU,19656.0,0,0.7154364416265245
CPU,1015.0,0,-0.41509566178044716
CPU,349.0,0,-0.4554869702332685
CPU,32990.0,0,1.5241116772270051
CPU,3150.0,0,-0.2856130138123186
CPU,2900.0,0,-0.300774916384699
CPU,1700.0,0,-0.3735520487321249
CPU,6399.0,0,-0.08856892798166298
CPU,6150.0,0,-0.10367018294375385
CPU,2800.0,0,-0.30683967741365115
CPU,28499.0,0,1.251743259416764
CPU,3100.0,0,-0.28864539432679465
CPU,22499.0,0,0.8878575976796343
CPU,24999.0,0,1.0394766234034383
CPU,46999.0,0,2.3737240497729126
CPU,1990.0,0,-0.3559642417481636
CPU,2734.0,0,-0.31084241969275955
CPU,30999.0,0,1.4033622851405678
CPU,2400.0,0,-0.33109872152945974
CPU,44390.0,0,2.215494434527551
CPU,9800.0,0,0.1176935946129999
CPU,16599.0,0,0.530036696971457
CPU,1800.0,0,-0.3674872877031727
CPU,5499.0,0,-0.1431517772422324
CPU,79999.0,0,4.375095189327125
CPU,49399.0,0,2.5192783144677646
CPU,27999.0,0,1.2214194542720032
CPU,51890.0,0,2.670351511698963
CPU,42993.0,0,2.1307697229530893
CPU,11099.0,0,0.1964748403790884
CPU,34890.0,0,1.6393421367770962
CPU,35349.0,0,1.6671793898999867
CPU,22790.0,0,0.9055060522738851
CPU,63999.0,0,3.4047334246947796
CPU,1575.0,0,-0.38113300001831507
CPU,765.0,0,-0.4302575643528275
CPU,2999.0,0,-0.29477080296603636
CPU,42999.0,0,2.1311336086148263
CPU,3599.0,0,-0.2583822367923234
CPU,20999.0,0,0.796886182245352
CPU,410.0,0,-0.4517874660056077
CPU,359.0,0,-0.4548804941303733
CPU,800.0,0,-0.4281348979926943
CPU,10750.0,0,0.1753088243880454
CPU,27999.0,0,1.2214194542720032
CPU,87370.0,0,4.822128724771188
CPU,69999.0,0,3.768619086431909
CPU,999.0,0,-0.4160660235450795
CPU,26899.0,0,1.1547070829535293
CPU,6998.0,0,-0.05224100941823956
CPU,14100.0,0,0.3784783188579427
CPU,399.0,0,-0.45245458971879243
CPU,2289.0,0,-0.33783060627159667
CPU,6499.0,0,-0.08250416695271082
CPU,3209.0,0,-0.2820348048052368
CPU,1699.0,0,-0.3736126963424144
CPU,699.0,0,-0.434260306631936
CPU,2999.0,0,-0.29477080296603636
CPU,55999.0,0,2.919552542378607
CPU,6300.0,0,-0.09457304140032562
CPU,9800.0,0,0.1176935946129999
CPU,16599.0,0,0.530036696971457
CPU,55999.0,0,2.919552542378607
CPU,6300.0,0,-0.09457304140032562
CPU,2950.0,0,-0.29774253587022287
CPU,1350.0,0,-0.3947787123334574
CPU,27999.0,0,1.2214194542720032
CPU,34890.0,0,1.6393421367770962
CPU,2382.0,0,-0.33219037851467115
CPU,11316.0,0,0.2096353718119146
CPU,51890.0,0,2.670351511698963
CPU,42993.0,0,2.1307697229530893
CPU,1800.0,0,-0.3674872877031727
CPU,29999.0,0,1.3427146748510461
CPU,5200.0,0,-0.16128541271879934
CPU,1249.0,0,-0.4009041209726991
CPU,35349.0,0,1.6671793898999867
CPU,2249.0,0,-0.3402565106831775
CPU,14818.0,0,0.42202330304581914
CPU,13000.0,0,0.31176594753946896
CPU,5180.0,0,-0.16249836492458977
CPU,650.0,0,-0.4372320395361225
CPU,2600.0,0,-0.31896919947155544
CPU,1889.0,0,-0.36208965038740526
CPU,3299.0,0,-0.27657651987917986
CPU,2199.0,0,-0.3432888911976536
CPU,900.0,0,-0.4220701369637421
CPU,349.0,0,-0.4554869702332685
CPU,6750.0,0,-0.06728161677004091
CPU,2298.0,0,-0.33728477777899096
CPU,2180.0,0,-0.3444411957931545
CPU,60999.0,0,3.2227905938262147
CPU,699.0,0,-0.434260306631936
CPU,5000.0,0,-0.17341493477670367
CPU,1150.0,0,-0.40690823439136176
CPU,1869.0,0,-0.36330260259319574
CPU,3449.0,0,-0.26747937833575164
CPU,1998.0,0,-0.3554790608658474
CPU,1100.0,0,-0.40994061490583783
CPU,12999.0,0,0.3117052999291794
CPU,9800.0,0,0.1176935946129999
CPU,16599.0,0,0.530036696971457
CPU,51890.0,0,2.670351511698963
CPU,3450.0,0,-0.26741873072546213
CPU,1698.0,0,-0.3736733439527039
CPU,1500.0,0,-0.3856815707900292
CPU,34890.0,0,1.6393421367770962
CPU,42993.0,0,2.1307697229530893
CPU,2900.0,0,-0.300774916384699
CPU,3500.0,0,-0.26438635021098605
CPU,35349.0,0,1.6671793898999867
CPU,27999.0,0,1.2214194542720032
CPU,3899.0,0,-0.24018795370546692
CPU,1299.0,0,-0.397871740458223
CPU,1099.0,0,-0.41000126251612734
CPU,2800.0,0,-0.30683967741365115
CPU,3000.0,0,-0.2947101553557468
CPU,1950.0,0,-0.35839014615974446
CPU,2400.0,0,-0.33109872152945974
CPU,9999.0,0,0.1297624690606147
CPU,1339.0,0,-0.39544583604664213
CPU,2400.0,0,-0.33109872152945974
CPU,2350.0,0,-0.3341311020439358
CPU,585.0,0,-0.44117413420494145
CPU,389.0,0,-0.45306106582168765
CPU,777.0,0,-0.4295297930293533
CPU,2786.0,0,-0.30768874395770446
CPU,3120.0,0,-0.2874324421210042
CPU,1800.0,0,-0.3674872877031727
CPU,2652.0,0,-0.31581552373650035
CPU,15999.0,0,0.49364813079774417
CPU,1200.0,0,-0.4038758538768856
CPU,5999.0,0,-0.11282797209747161
CPU,2199.0,0,-0.3432888911976536
CPU,2700.0,0,-0.3129044384426033
CPU,2250.0,0,-0.340195863072888
CPU,1400.0,0,-0.39174633181898133
CPU,5500.0,0,-0.14309112963194287
CPU,2878.0,0,-0.30210916381106845
CPU,850.0,0,-0.4251025174782182
CPU,9800.0,0,0.1176935946129999
CPU,34890.0,0,1.6393421367770962
CPU,760.0,0,-0.43056080240427513
CPU,1890.0,0,-0.36202900277711575
CPU,13008.0,0,0.3122511284217851
CPU,12499.0,0,0.28138149478441865
CPU,1630.0,0,-0.3777973814523914
CPU,16599.0,0,0.530036696971457
CPU,1630.0,0,-0.3777973814523914
CPU,7099.0,0,-0.04611560077899788
CPU,27999.0,0,1.2214194542720032
CPU,42993.0,0,2.1307697229530893
CPU,9599.0,0,0.10550342494480607
CPU,7916.0,0,0.00343349682754125
CPU,2044.0,0,-0.35268927079252943
CPU,23890.0,0,0.9722184235923589
CPU,35349.0,0,1.6671793898999867
CPU,51890.0,0,2.670351511698963
CPU,790.0,0,-0.4287413740955895
CPU,28900.0,0,1.276062951142862
CPU,3339.0,0,-0.274150615467599
CPU,1940.0,0,-0.3589966222626397
CPU,8626.0,0,0.046493300133101566
CPU,18699.0,0,0.6573966785794524
CPU,4790.0,0,-0.1861509329375032
CPU,4495.0,0,-0.20404197797291207
CPU,4949.0,0,-0.17650796290146928
CPU,23499.0,0,0.9485052079691559
CPU,2300.0,0,-0.33716348255841194
CPU,15799.0,0,0.4815186087398398
CPU,2496.0,0,-0.3252765509416657
CPU,2397.0,0,-0.3312806643603283
CPU,11796.0,0,0.23874622475088497
CPU,3148.0,0,-0.28573430903289765
CPU,27399.0,0,1.18503088809829
CPU,26518.0,0,1.1316003434332216
CPU,1790.0,0,-0.3680937638060679
CPU,7940.0,0,0.004889039474489767
CPU,466.0,0,-0.4483911998293945
CPU,3372.0,0,-0.27214924432804477
CPU,9800.0,0,0.1176935946129999
CPU,16599.0,0,0.530036696971457
CPU,999.0,0,-0.4160660235450795
CPU,27499.0,0,1.1910956491272422
CPU,9999.0,0,0.1297624690606147
CPU,1699.0,0,-0.3736126963424144
CPU,27999.0,0,1.2214194542720032
CPU,35349.0,0,1.6671793898999867
CPU,47999.0,0,2.4343716600624346
CPU,2500.0,0,-0.3250339605005076
CPU,34890.0,0,1.6393421367770962
CPU,51890.0,0,2.670351511698963
CPU,1900.0,0,-0.36142252667422053
CPU,800.0,0,-0.4281348979926943
CPU,37957.0,0,1.8253483575350589
CPU,1709.0,0,-0.3730062202395192
CPU,42993.0,0,2.1307697229530893
CPU,18999.0,0,0.6755909616663088
CPU,60999.0,0,3.2227905938262147
CPU,2660.0,0,-0.31533034285418415
CPU,19656.0,0,0.7154364416265245
CPU,1015.0,0,-0.41509566178044716
CPU,349.0,0,-0.4554869702332685
CPU,32990.0,0,1.5241116772270051
CPU,3150.0,0,-0.2856130138123186
CPU,2900.0,0,-0.300774916384699
CPU,1700.0,0,-0.3735520487321249
CPU,6399.0,0,-0.08856892798166298
CPU,6150.0,0,-0.10367018294375385
CPU,2800.0,0,-0.30683967741365115
CPU,28499.0,0,1.251743259416764
CPU,3100.0,0,-0.28864539432679465
CPU,22499.0,0,0.8878575976796343
CPU,24999.0,0,1.0394766234034383
CPU,46999.0,0,2.3737240497729126
CPU,1990.0,0,-0.3559642417481636
CPU,2734.0,0,-0.31084241969275955
CPU,30999.0,0,1.4033622851405678
CPU,2400.0,0,-0.33109872152945974
CPU,44390.0,0,2.215494434527551
CPU,9800.0,0,0.1176935946129999
CPU,16599.0,0,0.530036696971457
CPU,1800.0,0,-0.3674872877031727
CPU,5499.0,0,-0.1431517772422324
CPU,79999.0,0,4.375095189327125
CPU,49399.0,0,2.5192783144677646
CPU,27999.0,0,1.2214194542720032
CPU,51890.0,0,2.670351511698963
CPU,42993.0,0,2.1307697229530893
CPU,11099.0,0,0.1964748403790884
CPU,34890.0,0,1.6393421367770962
CPU,35349.0,0,1.6671793898999867
CPU,22790.0,0,0.9055060522738851
CPU,63999.0,0,3.4047334246947796
CPU,1575.0,0,-0.38113300001831507
CPU,765.0,0,-0.4302575643528275
CPU,2999.0,0,-0.29477080296603636
CPU,42999.0,0,2.1311336086148263
CPU,3599.0,0,-0.2583822367923234
CPU,20999.0,0,0.796886182245352
CPU,410.0,0,-0.4517874660056077
CPU,359.0,0,-0.4548804941303733
CPU,800.0,0,-0.4281348979926943
CPU,10750.0,0,0.1753088243880454
CPU,27999.0,0,1.2214194542720032
CPU,87370.0,0,4.822128724771188
CPU,69999.0,0,3.768619086431909
CPU,999.0,0,-0.4160660235450795
CPU,26899.0,0,1.1547070829535293
CPU,6998.0,0,-0.05224100941823956
CPU,14100.0,0,0.3784783188579427
CPU,399.0,0,-0.45245458971879243
CPU,2289.0,0,-0.33783060627159667
CPU,6499.0,0,-0.08250416695271082
CPU,3209.0,0,-0.2820348048052368
CPU,1699.0,0,-0.3736126963424144
CPU,699.0,0,-0.434260306631936
CPU,2999.0,0,-0.29477080296603636
CPU,55999.0,0,2.919552542378607
CPU,6300.0,0,-0.09457304140032562
CPU,9800.0,0,0.1176935946129999
CPU,16599.0,0,0.530036696971457
CPU,55999.0,0,2.919552542378607
CPU,6300.0,0,-0.09457304140032562
CPU,2950.0,0,-0.29774253587022287
CPU,1350.0,0,-0.3947787123334574
CPU,27999.0,0,1.2214194542720032
CPU,34890.0,0,1.6393421367770962
CPU,2382.0,0,-0.33219037851467115
CPU,11316.0,0,0.2096353718119146
CPU,51890.0,0,2.670351511698963
CPU,42993.0,0,2.1307697229530893
CPU,1800.0,0,-0.3674872877031727
CPU,29999.0,0,1.3427146748510461
CPU,5200.0,0,-0.16128541271879934
CPU,1249.0,0,-0.4009041209726991
CPU,35349.0,0,1.6671793898999867
CPU,2249.0,0,-0.3402565106831775
CPU,14818.0,0,0.42202330304581914
CPU,13000.0,0,0.31176594753946896
CPU,5180.0,0,-0.16249836492458977
CPU,650.0,0,-0.4372320395361225
CPU,2600.0,0,-0.31896919947155544
CPU,1889.0,0,-0.36208965038740526
CPU,3299.0,0,-0.27657651987917986
CPU,2199.0,0,-0.3432888911976536
CPU,900.0,0,-0.4220701369637421
CPU,349.0,0,-0.4554869702332685
CPU,6750.0,0,-0.06728161677004091
CPU,2298.0,0,-0.33728477777899096
CPU,2180.0,0,-0.3444411957931545
CPU,60999.0,0,3.2227905938262147
CPU,699.0,0,-0.434260306631936
CPU,5000.0,0,-0.17341493477670367
CPU,1150.0,0,-0.40690823439136176
CPU,1869.0,0,-0.36330260259319574
CPU,3449.0,0,-0.26747937833575164
CPU,1998.0,0,-0.3554790608658474
CPU,1100.0,0,-0.40994061490583783
CPU,12999.0,0,0.3117052999291794
CPU,9800.0,0,0.1176935946129999
CPU,16599.0,0,0.530036696971457
CPU,51890.0,0,2.670351511698963
CPU,3450.0,0,-0.26741873072546213
CPU,1698.0,0,-0.3736733439527039
CPU,1500.0,0,-0.3856815707900292
CPU,34890.0,0,1.6393421367770962
CPU,42993.0,0,2.1307697229530893
CPU,2900.0,0,-0.300774916384699
CPU,3500.0,0,-0.26438635021098605
CPU,35349.0,0,1.6671793898999867
CPU,27999.0,0,1.2214194542720032
CPU,3899.0,0,-0.24018795370546692
CPU,1299.0,0,-0.397871740458223
CPU,1099.0,0,-0.41000126251612734
CPU,2800.0,0,-0.30683967741365115
CPU,3000.0,0,-0.2947101553557468
CPU,1950.0,0,-0.35839014615974446
CPU,2400.0,0,-0.33109872152945974
CPU,9999.0,0,0.1297624690606147
CPU,1339.0,0,-0.39544583604664213
CPU,2400.0,0,-0.33109872152945974
CPU,2350.0,0,-0.3341311020439358
CPU,585.0,0,-0.44117413420494145
CPU,389.0,0,-0.45306106582168765
CPU,777.0,0,-0.4295297930293533
CPU,2786.0,0,-0.30768874395770446
CPU,3120.0,0,-0.2874324421210042
CPU,1800.0,0,-0.3674872877031727
CPU,2652.0,0,-0.31581552373650035
CPU,15999.0,0,0.49364813079774417
CPU,1200.0,0,-0.4038758538768856
CPU,5999.0,0,-0.11282797209747161
CPU,2199.0,0,-0.3432888911976536
CPU,2700.0,0,-0.3129044384426033
CPU,2250.0,0,-0.340195863072888
CPU,1400.0,0,-0.39174633181898133
CPU,5500.0,0,-0.14309112963194287
CPU,2878.0,0,-0.30210916381106845
CPU,850.0,0,-0.4251025174782182
CPU,9800.0,0,0.1176935946129999
CPU,16599.0,0,0.530036696971457
CPU,1200.0,0,-0.4038758538768856
CPU,1900.0,0,-0.36142252667422053
CPU,9999.0,0,0.1297624690606147
CPU,1800.0,0,-0.3674872877031727
CPU,34890.0,0,1.6393421367770962
CPU,51890.0,0,2.670351511698963
CPU,2850.0,0,-0.30380729689917507
CPU,3400.0,0,-0.2704511112399382
CPU,42993.0,0,2.1307697229530893
CPU,35349.0,0,1.6671793898999867
CPU,1800.0,0,-0.3674872877031727
CPU,66000.0,0,3.5260892928841123
CPU,1092.0,0,-0.41042579578815397
CPU,425.0,0,-0.4508777518512649
CPU,27999.0,0,1.2214194542720032
CPU,1350.0,0,-0.3947787123334574
CPU,2000.0,0,-0.3553577656452684
CPU,549.0,0,-0.4433574481753642
CPU,399.0,0,-0.45245458971879243
CPU,1990.0,0,-0.3559642417481636
CPU,399.0,0,-0.45245458971879243
CPU,449.0,0,-0.44942220920431636
CPU,2755.0,0,-0.3095688198766796
CPU,1263.0,0,-0.4000550544286458
CPU,16999.0,0,0.5542957410872658
CPU,599.0,0,-0.44032506766088814
CPU,1187.0,0,-0.40466427281064943
CPU,2899.0,0,-0.3008355639949885
CPU,2200.0,0,-0.3432282435873641
CPU,1092.0,0,-0.41042579578815397
CPU,45799.0,0,2.300946917425487
CPU,1140.0,0,-0.40751471049425697
CPU,1234.0,0,-0.40181383512704194
CPU,26435.0,0,1.1265665917791914
CPU,23999.0,0,0.9788290131139168
CPU,299.0,0,-0.4585193507477446
CPU,1662.0,0,-0.37585665792312667
CPU,1499.0,0,-0.3857422184003187
CPU,9800.0,0,0.1176935946129999
CPU,34890.0,0,1.6393421367770962
CPU,760.0,0,-0.43056080240427513
CPU,1890.0,0,-0.36202900277711575
CPU,13008.0,0,0.3122511284217851
CPU,12499.0,0,0.28138149478441865
CPU,1630.0,0,-0.3777973814523914
CPU,16599.0,0,0.530036696971457
CPU,1630.0,0,-0.3777973814523914
CPU,7099.0,0,-0.04611560077899788
CPU,27999.0,0,1.2214194542720032
CPU,42993.0,0,2.1307697229530893
CPU,9599.0,0,0.10550342494480607
CPU,7916.0,0,0.00343349682754125
CPU,2044.0,0,-0.35268927079252943
CPU,23890.0,0,0.9722184235923589
CPU,35349.0,0,1.6671793898999867
CPU,51890.0,0,2.670351511698963
CPU,790.0,0,-0.4287413740955895
CPU,28900.0,0,1.276062951142862
CPU,3339.0,0,-0.274150615467599
CPU,1940.0,0,-0.3589966222626397
CPU,8626.0,0,0.046493300133101566
CPU,18699.0,0,0.6573966785794524
CPU,4790.0,0,-0.1861509329375032
CPU,4495.0,0,-0.20404197797291207
CPU,4949.0,0,-0.17650796290146928
CPU,23499.0,0,0.9485052079691559
CPU,2300.0,0,-0.33716348255841194
CPU,15799.0,0,0.4815186087398398
CPU,2496.0,0,-0.3252765509416657
CPU,2397.0,0,-0.3312806643603283
CPU,11796.0,0,0.23874622475088497
CPU,3148.0,0,-0.28573430903289765
CPU,27399.0,0,1.18503088809829
CPU,26518.0,0,1.1316003434332216
CPU,1790.0,0,-0.3680937638060679
CPU,7940.0,0,0.004889039474489767
CPU,466.0,0,-0.4483911998293945
CPU,3372.0,0,-0.27214924432804477
CPU,9800.0,0,0.1176935946129999
CPU,16599.0,0,0.530036696971457
CPU,999.0,0,-0.4160660235450795
CPU,27499.0,0,1.1910956491272422
CPU,9999.0,0,0.1297624690606147
CPU,1699.0,0,-0.3736126963424144
CPU,27999.0,0,1.2214194542720032
CPU,35349.0,0,1.6671793898999867
CPU,47999.0,0,2.4343716600624346
CPU,2500.0,0,-0.3250339605005076
CPU,34890.0,0,1.6393421367770962
CPU,51890.0,0,2.670351511698963
CPU,1900.0,0,-0.36142252667422053
CPU,800.0,0,-0.4281348979926943
CPU,37957.0,0,1.8253483575350589
CPU,1709.0,0,-0.3730062202395192
CPU,42993.0,0,2.1307697229530893
CPU,18999.0,0,0.6755909616663088
CPU,60999.0,0,3.2227905938262147
CPU,2660.0,0,-0.31533034285418415
CPU,19656.0,0,0.7154364416265245
CPU,1015.0,0,-0.41509566178044716
CPU,349.0,0,-0.4554869702332685
CPU,32990.0,0,1.5241116772270051
CPU,3150.0,0,-0.2856130138123186
CPU,2900.0,0,-0.300774916384699
CPU,1700.0,0,-0.3735520487321249
CPU,6399.0,0,-0.08856892798166298
CPU,6150.0,0,-0.10367018294375385
CPU,2800.0,0,-0.30683967741365115
CPU,28499.0,0,1.251743259416764
CPU,3100.0,0,-0.28864539432679465
CPU,22499.0,0,0.8878575976796343
CPU,24999.0,0,1.0394766234034383
CPU,46999.0,0,2.3737240497729126
CPU,1990.0,0,-0.3559642417481636
CPU,2734.0,0,-0.31084241969275955
CPU,30999.0,0,1.4033622851405678
CPU,2400.0,0,-0.33109872152945974
CPU,44390.0,0,2.215494434527551
CPU,9800.0,0,0.1176935946129999
CPU,16599.0,0,0.530036696971457
CPU,1800.0,0,-0.3674872877031727
CPU,5499.0,0,-0.1431517772422324
CPU,79999.0,0,4.375095189327125
CPU,49399.0,0,2.5192783144677646
CPU,27999.0,0,1.2214194542720032
CPU,51890.0,0,2.670351511698963
CPU,42993.0,0,2.1307697229530893
CPU,11099.0,0,0.1964748403790884
CPU,34890.0,0,1.6393421367770962
CPU,35349.0,0,1.6671793898999867
CPU,22790.0,0,0.9055060522738851
CPU,63999.0,0,3.4047334246947796
CPU,1575.0,0,-0.38113300001831507
CPU,765.0,0,-0.4302575643528275
CPU,2999.0,0,-0.29477080296603636
CPU,42999.0,0,2.1311336086148263
CPU,3599.0,0,-0.2583822367923234
CPU,20999.0,0,0.796886182245352
CPU,410.0,0,-0.4517874660056077
CPU,359.0,0,-0.4548804941303733
CPU,800.0,0,-0.4281348979926943
CPU,10750.0,0,0.1753088243880454
CPU,27999.0,0,1.2214194542720032
CPU,87370.0,0,4.822128724771188
CPU,69999.0,0,3.768619086431909
CPU,999.0,0,-0.4160660235450795
CPU,26899.0,0,1.1547070829535293
CPU,6998.0,0,-0.05224100941823956
CPU,14100.0,0,0.3784783188579427
CPU,399.0,0,-0.45245458971879243
CPU,2289.0,0,-0.33783060627159667
CPU,6499.0,0,-0.08250416695271082
CPU,3209.0,0,-0.2820348048052368
CPU,1699.0,0,-0.3736126963424144
CPU,699.0,0,-0.434260306631936
CPU,2999.0,0,-0.29477080296603636
CPU,55999.0,0,2.919552542378607
CPU,6300.0,0,-0.09457304140032562
CPU,9800.0,0,0.1176935946129999
CPU,16599.0,0,0.530036696971457
CPU,55999.0,0,2.919552542378607
CPU,6300.0,0,-0.09457304140032562
CPU,2950.0,0,-0.29774253587022287
CPU,1350.0,0,-0.3947787123334574
CPU,27999.0,0,1.2214194542720032
CPU,34890.0,0,1.6393421367770962
CPU,2382.0,0,-0.33219037851467115
CPU,11316.0,0,0.2096353718119146
CPU,51890.0,0,2.670351511698963
CPU,42993.0,0,2.1307697229530893
CPU,1800.0,0,-0.3674872877031727
CPU,29999.0,0,1.3427146748510461
CPU,5200.0,0,-0.16128541271879934
CPU,1249.0,0,-0.4009041209726991
CPU,35349.0,0,1.6671793898999867
CPU,2249.0,0,-0.3402565106831775
CPU,14818.0,0,0.42202330304581914
CPU,13000.0,0,0.31176594753946896
CPU,5180.0,0,-0.16249836492458977
CPU,650.0,0,-0.4372320395361225
CPU,2600.0,0,-0.31896919947155544
CPU,1889.0,0,-0.36208965038740526
CPU,3299.0,0,-0.27657651987917986
CPU,2199.0,0,-0.3432888911976536
CPU,900.0,0,-0.4220701369637421
CPU,349.0,0,-0.4554869702332685
CPU,6750.0,0,-0.06728161677004091
CPU,2298.0,0,-0.33728477777899096
CPU,2180.0,0,-0.3444411957931545
CPU,60999.0,0,3.2227905938262147
CPU,699.0,0,-0.434260306631936
CPU,5000.0,0,-0.17341493477670367
CPU,1150.0,0,-0.40690823439136176
CPU,1869.0,0,-0.36330260259319574
CPU,3449.0,0,-0.26747937833575164
CPU,1998.0,0,-0.3554790608658474
CPU,1100.0,0,-0.40994061490583783
CPU,12999.0,0,0.3117052999291794
CPU,9800.0,0,0.1176935946129999
CPU,16599.0,0,0.530036696971457
CPU,51890.0,0,2.670351511698963
CPU,3450.0,0,-0.26741873072546213
CPU,1698.0,0,-0.3736733439527039
CPU,1500.0,0,-0.3856815707900292
CPU,34890.0,0,1.6393421367770962
CPU,42993.0,0,2.1307697229530893
CPU,2900.0,0,-0.300774916384699
CPU,3500.0,0,-0.26438635021098605
CPU,35349.0,0,1.6671793898999867
CPU,27999.0,0,1.2214194542720032
CPU,3899.0,0,-0.24018795370546692
CPU,1299.0,0,-0.397871740458223
CPU,1099.0,0,-0.41000126251612734
CPU,2800.0,0,-0.30683967741365115
CPU,3000.0,0,-0.2947101553557468
CPU,1950.0,0,-0.35839014615974446
CPU,2400.0,0,-0.33109872152945974
CPU,9999.0,0,0.1297624690606147
CPU,1339.0,0,-0.39544583604664213
CPU,2400.0,0,-0.33109872152945974
CPU,2350.0,0,-0.3341311020439358
CPU,585.0,0,-0.44117413420494145
CPU,389.0,0,-0.45306106582168765
CPU,777.0,0,-0.4295297930293533
CPU,2786.0,0,-0.30768874395770446
CPU,3120.0,0,-0.2874324421210042
CPU,1800.0,0,-0.3674872877031727
CPU,2652.0,0,-0.31581552373650035
CPU,15999.0,0,0.49364813079774417
CPU,1200.0,0,-0.4038758538768856
CPU,5999.0,0,-0.11282797209747161
CPU,2199.0,0,-0.3432888911976536
CPU,2700.0,0,-0.3129044384426033
CPU,2250.0,0,-0.340195863072888
CPU,1400.0,0,-0.39174633181898133
CPU,5500.0,0,-0.14309112963194287
CPU,2878.0,0,-0.30210916381106845
CPU,850.0,0,-0.4251025174782182
CPU,9800.0,0,0.1176935946129999
CPU,16599.0,0,0.530036696971457
CPU,1200.0,0,-0.4038758538768856
CPU,1900.0,0,-0.36142252667422053
CPU,9999.0,0,0.1297624690606147
CPU,1800.0,0,-0.3674872877031727
CPU,34890.0,0,1.6393421367770962
CPU,51890.0,0,2.670351511698963
CPU,2850.0,0,-0.30380729689917507
CPU,3400.0,0,-0.2704511112399382
CPU,42993.0,0,2.1307697229530893
CPU,35349.0,0,1.6671793898999867
CPU,1800.0,0,-0.3674872877031727
CPU,66000.0,0,3.5260892928841123
CPU,1092.0,0,-0.41042579578815397
CPU,425.0,0,-0.4508777518512649
CPU,27999.0,0,1.2214194542720032
CPU,1350.0,0,-0.3947787123334574
CPU,2000.0,0,-0.3553577656452684
CPU,549.0,0,-0.4433574481753642
CPU,399.0,0,-0.45245458971879243
CPU,1990.0,0,-0.3559642417481636
CPU,399.0,0,-0.45245458971879243
CPU,449.0,0,-0.44942220920431636
CPU,2755.0,0,-0.3095688198766796
CPU,1263.0,0,-0.4000550544286458
CPU,16999.0,0,0.5542957410872658
CPU,599.0,0,-0.44032506766088814
CPU,1187.0,0,-0.40466427281064943
CPU,2899.0,0,-0.3008355639949885
CPU,2200.0,0,-0.3432282435873641
CPU,1092.0,0,-0.41042579578815397
CPU,45799.0,0,2.300946917425487
CPU,1140.0,0,-0.40751471049425697
CPU,1234.0,0,-0.40181383512704194
CPU,26435.0,0,1.1265665917791914
CPU,23999.0,0,0.9788290131139168
CPU,299.0,0,-0.4585193507477446
CPU,1662.0,0,-0.37585665792312667
CPU,1499.0,0,-0.3857422184003187
CPU,1519.0,0,-0.38452926619452826
CPU,733.0,0,-0.43219828788209225
CPU,1898.0,0,-0.3615438218947996
CPU,20000.0,0,0.73629921956612
CPU,2400.0,0,-0.33109872152945974
CPU,6500.0,0,-0.0824435193424213
CPU,4180.0,0,-0.22314597521411136
CPU,3390.0,0,-0.2710575873428334
CPU,2900.0,0,-0.300774916384699
CPU,1350.0,0,-0.3947787123334574
CPU,1300.0,0,-0.3978110928479335
CPU,1799.0,0,-0.36754793531346225
CPU,5999.0,0,-0.11282797209747161
CPU,1050.0,0,-0.4129729954203139
CPU,2500.0,0,-0.3250339605005076
CPU,1450.0,0,-0.38871395130450526
CPU,1350.0,0,-0.3947787123334574
CPU,949.0,0,-0.41909840405955556
CPU,499.0,0,-0.4463898286898403
CPU,499.0,0,-0.4463898286898403
CPU,388.0,0,-0.45312171343197716
CPU,4999.0,0,-0.17347558238699318
CPU,2422.0,0,-0.3297644741030903
CPU,4499.0,0,-0.20379938753175397
CPU,2099.0,0,-0.34935365222660575
CPU,1235.0,0,-0.4017531875167524
CPU,2599.0,0,-0.31902984708184495
CPU,9000.0,0,0.06917550638138263
CPU,1412.0,0,-0.3910185604955071
CPU,2422.0,0,-0.3297644741030903
CPU,7700.0,0,-0.009666386994995411
CPU,3550.0,0,-0.2613539696965099
CPU,815.0,0,-0.42722518383835145
CPU,229.0,0,-0.4627646834680111
CPU,1399.0,0,-0.39180697942927084
CPU,16499.0,0,0.5239719359425049
CPU,2600.0,0,-0.31896919947155544
CPU,1303.0,0,-0.39762915001706495
CPU,1615.0,0,-0.3787070956067342
CPU,7999.0,0,0.00846724848157154
CPU,9800.0,0,0.1176935946129999
CPU,34890.0,0,1.6393421367770962
CPU,760.0,0,-0.43056080240427513
CPU,1890.0,0,-0.36202900277711575
CPU,13008.0,0,0.3122511284217851
CPU,12499.0,0,0.28138149478441865
CPU,1630.0,0,-0.3777973814523914
CPU,16599.0,0,0.530036696971457
CPU,1630.0,0,-0.3777973814523914
CPU,7099.0,0,-0.04611560077899788
CPU,27999.0,0,1.2214194542720032
CPU,42993.0,0,2.1307697229530893
CPU,9599.0,0,0.10550342494480607
CPU,7916.0,0,0.00343349682754125
CPU,2044.0,0,-0.35268927079252943
CPU,23890.0,0,0.9722184235923589
CPU,35349.0,0,1.6671793898999867
CPU,51890.0,0,2.670351511698963
CPU,790.0,0,-0.4287413740955895
CPU,28900.0,0,1.276062951142862
CPU,3339.0,0,-0.274150615467599
CPU,1940.0,0,-0.3589966222626397
CPU,8626.0,0,0.046493300133101566
CPU,18699.0,0,0.6573966785794524
CPU,4790.0,0,-0.1861509329375032
CPU,4495.0,0,-0.20404197797291207
CPU,4949.0,0,-0.17650796290146928
CPU,23499.0,0,0.9485052079691559
CPU,2300.0,0,-0.33716348255841194
CPU,15799.0,0,0.4815186087398398
CPU,2496.0,0,-0.3252765509416657
CPU,2397.0,0,-0.3312806643603283
CPU,11796.0,0,0.23874622475088497
CPU,3148.0,0,-0.28573430903289765
CPU,27399.0,0,1.18503088809829
CPU,26518.0,0,1.1316003434332216
CPU,1790.0,0,-0.3680937638060679
CPU,7940.0,0,0.004889039474489767
CPU,466.0,0,-0.4483911998293945
CPU,3372.0,0,-0.27214924432804477
CPU,9800.0,0,0.1176935946129999
CPU,16599.0,0,0.530036696971457
CPU,999.0,0,-0.4160660235450795
CPU,27499.0,0,1.1910956491272422
CPU,9999.0,0,0.1297624690606147
CPU,1699.0,0,-0.3736126963424144
CPU,27999.0,0,1.2214194542720032
CPU,35349.0,0,1.6671793898999867
CPU,47999.0,0,2.4343716600624346
CPU,2500.0,0,-0.3250339605005076
CPU,34890.0,0,1.6393421367770962
CPU,51890.0,0,2.670351511698963
CPU,1900.0,0,-0.36142252667422053
CPU,800.0,0,-0.4281348979926943
CPU,37957.0,0,1.8253483575350589
CPU,1709.0,0,-0.3730062202395192
CPU,42993.0,0,2.1307697229530893
CPU,18999.0,0,0.6755909616663088
CPU,60999.0,0,3.2227905938262147
CPU,2660.0,0,-0.31533034285418415
CPU,19656.0,0,0.7154364416265245
CPU,1015.0,0,-0.41509566178044716
CPU,349.0,0,-0.4554869702332685
CPU,32990.0,0,1.5241116772270051
CPU,3150.0,0,-0.2856130138123186
CPU,2900.0,0,-0.300774916384699
CPU,1700.0,0,-0.3735520487321249
CPU,6399.0,0,-0.08856892798166298
CPU,6150.0,0,-0.10367018294375385
CPU,2800.0,0,-0.30683967741365115
CPU,28499.0,0,1.251743259416764
CPU,3100.0,0,-0.28864539432679465
CPU,22499.0,0,0.8878575976796343
CPU,24999.0,0,1.0394766234034383
CPU,46999.0,0,2.3737240497729126
CPU,1990.0,0,-0.3559642417481636
CPU,2734.0,0,-0.31084241969275955
CPU,30999.0,0,1.4033622851405678
CPU,2400.0,0,-0.33109872152945974
CPU,44390.0,0,2.215494434527551
CPU,9800.0,0,0.1176935946129999
CPU,16599.0,0,0.530036696971457
CPU,1800.0,0,-0.3674872877031727
CPU,5499.0,0,-0.1431517772422324
CPU,79999.0,0,4.375095189327125
CPU,49399.0,0,2.5192783144677646
CPU,27999.0,0,1.2214194542720032
CPU,51890.0,0,2.670351511698963
CPU,42993.0,0,2.1307697229530893
CPU,11099.0,0,0.1964748403790884
CPU,34890.0,0,1.6393421367770962
CPU,35349.0,0,1.6671793898999867
CPU,22790.0,0,0.9055060522738851
CPU,63999.0,0,3.4047334246947796
CPU,1575.0,0,-0.38113300001831507
CPU,765.0,0,-0.4302575643528275
CPU,2999.0,0,-0.29477080296603636
CPU,42999.0,0,2.1311336086148263
CPU,3599.0,0,-0.2583822367923234
CPU,20999.0,0,0.796886182245352
CPU,410.0,0,-0.4517874660056077
CPU,359.0,0,-0.4548804941303733
CPU,800.0,0,-0.4281348979926943
CPU,10750.0,0,0.1753088243880454
CPU,27999.0,0,1.2214194542720032
CPU,87370.0,0,4.822128724771188
CPU,69999.0,0,3.768619086431909
CPU,999.0,0,-0.4160660235450795
CPU,26899.0,0,1.1547070829535293
CPU,6998.0,0,-0.05224100941823956
CPU,14100.0,0,0.3784783188579427
CPU,399.0,0,-0.45245458971879243
CPU,2289.0,0,-0.33783060627159667
CPU,6499.0,0,-0.08250416695271082
CPU,3209.0,0,-0.2820348048052368
CPU,1699.0,0,-0.3736126963424144
CPU,699.0,0,-0.434260306631936
CPU,2999.0,0,-0.29477080296603636
CPU,55999.0,0,2.919552542378607
CPU,6300.0,0,-0.09457304140032562
CPU,9800.0,0,0.1176935946129999
CPU,16599.0,0,0.530036696971457
CPU,55999.0,0,2.919552542378607
CPU,6300.0,0,-0.09457304140032562
CPU,2950.0,0,-0.29774253587022287
CPU,1350.0,0,-0.3947787123334574
CPU,27999.0,0,1.2214194542720032
CPU,34890.0,0,1.6393421367770962
CPU,2382.0,0,-0.33219037851467115
CPU,11316.0,0,0.2096353718119146
CPU,51890.0,0,2.670351511698963
CPU,42993.0,0,2.1307697229530893
CPU,1800.0,0,-0.3674872877031727
CPU,29999.0,0,1.3427146748510461
CPU,5200.0,0,-0.16128541271879934
CPU,1249.0,0,-0.4009041209726991
CPU,35349.0,0,1.6671793898999867
CPU,2249.0,0,-0.3402565106831775
CPU,14818.0,0,0.42202330304581914
CPU,13000.0,0,0.31176594753946896
CPU,5180.0,0,-0.16249836492458977
CPU,650.0,0,-0.4372320395361225
CPU,2600.0,0,-0.31896919947155544
CPU,1889.0,0,-0.36208965038740526
CPU,3299.0,0,-0.27657651987917986
CPU,2199.0,0,-0.3432888911976536
CPU,900.0,0,-0.4220701369637421
CPU,349.0,0,-0.4554869702332685
CPU,6750.0,0,-0.06728161677004091
CPU,2298.0,0,-0.33728477777899096
CPU,2180.0,0,-0.3444411957931545
CPU,60999.0,0,3.2227905938262147
CPU,699.0,0,-0.434260306631936
CPU,5000.0,0,-0.17341493477670367
CPU,1150.0,0,-0.40690823439136176
CPU,1869.0,0,-0.36330260259319574
CPU,3449.0,0,-0.26747937833575164
CPU,1998.0,0,-0.3554790608658474
CPU,1100.0,0,-0.40994061490583783
CPU,12999.0,0,0.3117052999291794
CPU,9800.0,0,0.1176935946129999
CPU,16599.0,0,0.530036696971457
CPU,51890.0,0,2.670351511698963
CPU,3450.0,0,-0.26741873072546213
CPU,1698.0,0,-0.3736733439527039
CPU,1500.0,0,-0.3856815707900292
CPU,34890.0,0,1.6393421367770962
CPU,42993.0,0,2.1307697229530893
CPU,2900.0,0,-0.300774916384699
CPU,3500.0,0,-0.26438635021098605
CPU,35349.0,0,1.6671793898999867
CPU,27999.0,0,1.2214194542720032
CPU,3899.0,0,-0.24018795370546692
CPU,1299.0,0,-0.397871740458223
CPU,1099.0,0,-0.41000126251612734
CPU,2800.0,0,-0.30683967741365115
CPU,3000.0,0,-0.2947101553557468
CPU,1950.0,0,-0.35839014615974446
CPU,2400.0,0,-0.33109872152945974
CPU,9999.0,0,0.1297624690606147
CPU,1339.0,0,-0.39544583604664213
CPU,2400.0,0,-0.33109872152945974
CPU,2350.0,0,-0.3341311020439358
CPU,585.0,0,-0.44117413420494145
CPU,389.0,0,-0.45306106582168765
CPU,777.0,0,-0.4295297930293533
CPU,2786.0,0,-0.30768874395770446
CPU,3120.0,0,-0.2874324421210042
CPU,1800.0,0,-0.3674872877031727
CPU,2652.0,0,-0.31581552373650035
CPU,15999.0,0,0.49364813079774417
CPU,1200.0,0,-0.4038758538768856
CPU,5999.0,0,-0.11282797209747161
CPU,2199.0,0,-0.3432888911976536
CPU,2700.0,0,-0.3129044384426033
CPU,2250.0,0,-0.340195863072888
CPU,1400.0,0,-0.39174633181898133
CPU,5500.0,0,-0.14309112963194287
CPU,2878.0,0,-0.30210916381106845
CPU,850.0,0,-0.4251025174782182
CPU,9800.0,0,0.1176935946129999
CPU,16599.0,0,0.530036696971457
CPU,1200.0,0,-0.4038758538768856
CPU,1900.0,0,-0.36142252667422053
CPU,9999.0,0,0.1297624690606147
CPU,1800.0,0,-0.3674872877031727
CPU,34890.0,0,1.6393421367770962
CPU,51890.0,0,2.670351511698963
CPU,2850.0,0,-0.30380729689917507
CPU,3400.0,0,-0.2704511112399382
CPU,42993.0,0,2.1307697229530893
CPU,35349.0,0,1.6671793898999867
CPU,1800.0,0,-0.3674872877031727
CPU,66000.0,0,3.5260892928841123
CPU,1092.0,0,-0.41042579578815397
CPU,425.0,0,-0.4508777518512649
CPU,27999.0,0,1.2214194542720032
CPU,1350.0,0,-0.3947787123334574
CPU,2000.0,0,-0.3553577656452684
CPU,549.0,0,-0.4433574481753642
CPU,399.0,0,-0.45245458971879243
CPU,1990.0,0,-0.3559642417481636
CPU,399.0,0,-0.45245458971879243
CPU,449.0,0,-0.44942220920431636
CPU,2755.0,0,-0.3095688198766796
CPU,1263.0,0,-0.4000550544286458
CPU,16999.0,0,0.5542957410872658
CPU,599.0,0,-0.44032506766088814
CPU,1187.0,0,-0.40466427281064943
CPU,2899.0,0,-0.3008355639949885
CPU,2200.0,0,-0.3432282435873641
CPU,1092.0,0,-0.41042579578815397
CPU,45799.0,0,2.300946917425487
CPU,1140.0,0,-0.40751471049425697
CPU,1234.0,0,-0.40181383512704194
CPU,26435.0,0,1.1265665917791914
CPU,23999.0,0,0.9788290131139168
CPU,299.0,0,-0.4585193507477446
CPU,1662.0,0,-0.37585665792312667
CPU,1499.0,0,-0.3857422184003187
CPU,1519.0,0,-0.38452926619452826
CPU,733.0,0,-0.43219828788209225
CPU,1898.0,0,-0.3615438218947996
CPU,20000.0,0,0.73629921956612
CPU,2400.0,0,-0.33109872152945974
CPU,6500.0,0,-0.0824435193424213
CPU,4180.0,0,-0.22314597521411136
CPU,3390.0,0,-0.2710575873428334
CPU,2900.0,0,-0.300774916384699
CPU,1350.0,0,-0.3947787123334574
CPU,1300.0,0,-0.3978110928479335
CPU,1799.0,0,-0.36754793531346225
CPU,5999.0,0,-0.11282797209747161
CPU,1050.0,0,-0.4129729954203139
CPU,2500.0,0,-0.3250339605005076
CPU,1450.0,0,-0.38871395130450526
CPU,1350.0,0,-0.3947787123334574
CPU,949.0,0,-0.41909840405955556
CPU,499.0,0,-0.4463898286898403
CPU,499.0,0,-0.4463898286898403
CPU,388.0,0,-0.45312171343197716
CPU,4999.0,0,-0.17347558238699318
CPU,2422.0,0,-0.3297644741030903
CPU,4499.0,0,-0.20379938753175397
CPU,2099.0,0,-0.34935365222660575
CPU,1235.0,0,-0.4017531875167524
CPU,2599.0,0,-0.31902984708184495
CPU,9000.0,0,0.06917550638138263
CPU,1412.0,0,-0.3910185604955071
CPU,2422.0,0,-0.3297644741030903
CPU,7700.0,0,-0.009666386994995411
CPU,3550.0,0,-0.2613539696965099
CPU,815.0,0,-0.42722518383835145
CPU,229.0,0,-0.4627646834680111
CPU,1399.0,0,-0.39180697942927084
CPU,16499.0,0,0.5239719359425049
CPU,2600.0,0,-0.31896919947155544
CPU,1303.0,0,-0.39762915001706495
CPU,1615.0,0,-0.3787070956067342
CPU,7999.0,0,0.00846724848157154
CPU,18990.0,0,0.6750451331737032
CPU,999.0,0,-0.4160660235450795
CPU,11200.0,0,0.2026002490183301
CPU,3050.0,0,-0.2916777748412707
CPU,1700.0,0,-0.3735520487321249
CPU,7400.0,0,-0.027860670081851883
CPU,9800.0,0,0.1176935946129999
CPU,1299.0,0,-0.397871740458223
CPU,1188.0,0,-0.4046036252003599
CPU,5999.0,0,-0.11282797209747161
CPU,1299.0,0,-0.397871740458223
CPU,8499.0,0,0.038791053626332325
CPU,2050.0,0,-0.3523253851307923
CPU,5200.0,0,-0.16128541271879934
CPU,3100.0,0,-0.28864539432679465
CPU,899.0,0,-0.42213078457403164
CPU,299.0,0,-0.4585193507477446
CPU,16990.0,0,0.55374991259466
CPU,1805.0,0,-0.3671840496517251
CPU,700.0,0,-0.4341996590216464
CPU,494.0,0,-0.4466930667412879
CPU,999.0,0,-0.4160660235450795
CPU,7000.0,0,-0.05211971419766051
CPU,849.0,0,-0.4251631650885077
CPU,2050.0,0,-0.3523253851307923
CPU,674.0,0,-0.435776496889174
CPU,8499.0,0,0.038791053626332325
CPU,299.0,0,-0.4585193507477446
CPU,699.0,0,-0.434260306631936
CPU,999.0,0,-0.4160660235450795
CPU,220.0,0,-0.4633105119606168
CPU,209.0,0,-0.4639776356738015
CPU,399.0,0,-0.45245458971879243
CPU,14999.0,0,0.4330005205082226
CPU,27999.0,0,1.2214194542720032
CPU,1300.0,0,-0.3978110928479335
CPU,769.0,0,-0.43001497391166943
CPU,999.0,0,-0.4160660235450795
CPU,810.0,0,-0.42752842188979906
CPU,2499.0,0,-0.3250946081107971
GPU,2395.0,1,-0.33140195958090735
GPU,1000.0,1,-0.41600537593479
GPU,4399.0,1,-0.20986414856070612
GPU,2049.0,1,-0.3523860327410818
GPU,4557.0,1,-0.20028182613496173
GPU,3999.0,1,-0.23412319267651477
GPU,2990.0,1,-0.295316631458642
GPU,6870.0,1,-0.06000390353529832
GPU,13950.0,1,0.3693811773145144
GPU,9999.0,1,0.1297624690606147
GPU,1890.0,1,-0.36202900277711575
GPU,21599.0,1,0.833274748419065
GPU,14990.0,1,0.43245469201561687
GPU,30000.0,1,1.3427753224613357
GPU,4099.0,1,-0.2280584316475626
GPU,17345.0,1,0.5752798142474402
GPU,10999.0,1,0.19041007935013626
GPU,61848.0,1,3.2742804149620186
GPU,13899.0,1,0.36628814918974884
GPU,39999.0,1,1.949190777746262
GPU,17197.0,1,0.566303967924591
GPU,28809.0,1,1.2705440186065156
GPU,13799.0,1,0.3602233881607967
GPU,7899.0,1,0.002402487452619383
GPU,1959.0,1,-0.35784431766713876
GPU,32999.0,1,1.524657505719611
GPU,33261.0,1,1.5405471796154655
GPU,29490.0,1,1.3118450412136797
GPU,23890.0,1,0.9722184235923589
GPU,48999.0,1,2.495019270351956
GPU,2299.0,1,-0.33722413016870145
GPU,14999.0,1,0.4330005205082226
GPU,15000.0,1,0.4330611681185121
GPU,28500.0,1,1.2518039070270535
GPU,23010.0,1,0.9188485265375799
GPU,10799.0,1,0.17828055729223194
GPU,57999.0,1,3.0408477629576502
GPU,35999.0,1,1.7066003365881757
GPU,11699.0,1,0.23286340655280138
GPU,114999.0,1,6.49776154946038
GPU,2395.0,1,-0.33140195958090735
GPU,1000.0,1,-0.41600537593479
GPU,4399.0,1,-0.20986414856070612
GPU,2049.0,1,-0.3523860327410818
GPU,4557.0,1,-0.20028182613496173
GPU,3999.0,1,-0.23412319267651477
GPU,2990.0,1,-0.295316631458642
GPU,6870.0,1,-0.06000390353529832
GPU,13950.0,1,0.3693811773145144
GPU,9999.0,1,0.1297624690606147
GPU,1890.0,1,-0.36202900277711575
GPU,21599.0,1,0.833274748419065
GPU,14990.0,1,0.43245469201561687
GPU,30000.0,1,1.3427753224613357
GPU,4099.0,1,-0.2280584316475626
GPU,17345.0,1,0.5752798142474402
GPU,10999.0,1,0.19041007935013626
GPU,61848.0,1,3.2742804149620186
GPU,13899.0,1,0.36628814918974884
GPU,39999.0,1,1.949190777746262
GPU,17197.0,1,0.566303967924591
GPU,28809.0,1,1.2705440186065156
GPU,13799.0,1,0.3602233881607967
GPU,7899.0,1,0.002402487452619383
GPU,1959.0,1,-0.35784431766713876
GPU,32999.0,1,1.524657505719611
GPU,33261.0,1,1.5405471796154655
GPU,29490.0,1,1.3118450412136797
GPU,23890.0,1,0.9722184235923589
GPU,48999.0,1,2.495019270351956
GPU,2299.0,1,-0.33722413016870145
GPU,14999.0,1,0.4330005205082226
GPU,15000.0,1,0.4330611681185121
GPU,28500.0,1,1.2518039070270535
GPU,23010.0,1,0.9188485265375799
GPU,10799.0,1,0.17828055729223194
GPU,57999.0,1,3.0408477629576502
GPU,35999.0,1,1.7066003365881757
GPU,11699.0,1,0.23286340655280138
GPU,114999.0,1,6.49776154946038
GPU,2395.0,1,-0.33140195958090735
GPU,1000.0,1,-0.41600537593479
GPU,21999.0,1,0.8575337925348736
GPU,60298.0,1,3.1802766190132603
GPU,599.0,1,-0.44032506766088814
GPU,23500.0,1,0.9485658555794455
GPU,14999.0,1,0.4330005205082226
GPU,25999.0,1,1.10012423369296
GPU,39999.0,1,1.949190777746262
GPU,59999.0,1,3.162142983536693
GPU,29434.0,1,1.3084487750374665
GPU,129999.0,1,7.407475703803204
GPU,79999.0,1,4.375095189327125
GPU,204999.0,1,11.956046475517322
GPU,6499.0,1,-0.08250416695271082
GPU,24044.0,1,0.9815581555769453
GPU,3957.0,1,-0.23667039230867468
GPU,15999.0,1,0.49364813079774417
GPU,3270.0,1,-0.278335300577576
GPU,104999.0,1,5.891285446565164
GPU,30703.0,1,1.3854105924948694
GPU,49999.0,1,2.5556668806414775
GPU,15999.0,1,0.49364813079774417
GPU,104999.0,1,5.891285446565164
GPU,149999.0,1,8.620427909593635
GPU,57999.0,1,3.0408477629576502
GPU,32609.0,1,1.5010049377066974
GPU,6400.0,1,-0.08850828037137345
GPU,2750.0,1,-0.3098720579281272
GPU,57999.0,1,3.0408477629576502
GPU,55319.0,1,2.8783121673817322
GPU,1499.0,1,-0.3857422184003187
GPU,32999.0,1,1.524657505719611
GPU,44999.0,1,2.2524288291938697
GPU,117999.0,1,6.679704380328944
GPU,19499.0,1,0.7059147668110697
GPU,28999.0,1,1.2820670645615246
GPU,36999.0,1,1.7672479468776972
GPU,39999.0,1,1.949190777746262
GPU,59999.0,1,3.162142983536693
GPU,2395.0,1,-0.33140195958090735
GPU,1000.0,1,-0.41600537593479
GPU,4399.0,1,-0.20986414856070612
GPU,2049.0,1,-0.3523860327410818
GPU,4557.0,1,-0.20028182613496173
GPU,3999.0,1,-0.23412319267651477
GPU,2990.0,1,-0.295316631458642
GPU,6870.0,1,-0.06000390353529832
GPU,13950.0,1,0.3693811773145144
GPU,9999.0,1,0.1297624690606147
GPU,1890.0,1,-0.36202900277711575
GPU,21599.0,1,0.833274748419065
GPU,14990.0,1,0.43245469201561687
GPU,30000.0,1,1.3427753224613357
GPU,4099.0,1,-0.2280584316475626
GPU,17345.0,1,0.5752798142474402
GPU,10999.0,1,0.19041007935013626
GPU,61848.0,1,3.2742804149620186
GPU,13899.0,1,0.36628814918974884
GPU,39999.0,1,1.949190777746262
GPU,17197.0,1,0.566303967924591
GPU,28809.0,1,1.2705440186065156
GPU,13799.0,1,0.3602233881607967
GPU,7899.0,1,0.002402487452619383
GPU,1959.0,1,-0.35784431766713876
GPU,32999.0,1,1.524657505719611
GPU,33261.0,1,1.5405471796154655
GPU,29490.0,1,1.3118450412136797
GPU,23890.0,1,0.9722184235923589
GPU,48999.0,1,2.495019270351956
GPU,2299.0,1,-0.33722413016870145
GPU,14999.0,1,0.4330005205082226
GPU,15000.0,1,0.4330611681185121
GPU,28500.0,1,1.2518039070270535
GPU,23010.0,1,0.9188485265375799
GPU,10799.0,1,0.17828055729223194
GPU,57999.0,1,3.0408477629576502
GPU,35999.0,1,1.7066003365881757
GPU,11699.0,1,0.23286340655280138
GPU,114999.0,1,6.49776154946038
GPU,2395.0,1,-0.33140195958090735
GPU,1000.0,1,-0.41600537593479
GPU,21999.0,1,0.8575337925348736
GPU,60298.0,1,3.1802766190132603
GPU,599.0,1,-0.44032506766088814
GPU,23500.0,1,0.9485658555794455
GPU,14999.0,1,0.4330005205082226
GPU,25999.0,1,1.10012423369296
GPU,39999.0,1,1.949190777746262
GPU,59999.0,1,3.162142983536693
GPU,29434.0,1,1.3084487750374665
GPU,129999.0,1,7.407475703803204
GPU,79999.0,1,4.375095189327125
GPU,204999.0,1,11.956046475517322
GPU,6499.0,1,-0.08250416695271082
GPU,24044.0,1,0.9815581555769453
GPU,3957.0,1,-0.23667039230867468
GPU,15999.0,1,0.49364813079774417
GPU,3270.0,1,-0.278335300577576
GPU,104999.0,1,5.891285446565164
GPU,30703.0,1,1.3854105924948694
GPU,49999.0,1,2.5556668806414775
GPU,15999.0,1,0.49364813079774417
GPU,104999.0,1,5.891285446565164
GPU,149999.0,1,8.620427909593635
GPU,57999.0,1,3.0408477629576502
GPU,32609.0,1,1.5010049377066974
GPU,6400.0,1,-0.08850828037137345
GPU,2750.0,1,-0.3098720579281272
GPU,57999.0,1,3.0408477629576502
GPU,55319.0,1,2.8783121673817322
GPU,1499.0,1,-0.3857422184003187
GPU,32999.0,1,1.524657505719611
GPU,44999.0,1,2.2524288291938697
GPU,117999.0,1,6.679704380328944
GPU,19499.0,1,0.7059147668110697
GPU,28999.0,1,1.2820670645615246
GPU,36999.0,1,1.7672479468776972
GPU,39999.0,1,1.949190777746262
GPU,59999.0,1,3.162142983536693
GPU,2395.0,1,-0.33140195958090735
GPU,1000.0,1,-0.41600537593479
GPU,134999.0,1,7.710713755250811
GPU,23499.0,1,0.9485052079691559
GPU,118999.0,1,6.740351990618466
GPU,203999.0,1,11.8953988652278
GPU,44999.0,1,2.2524288291938697
GPU,49499.0,1,2.5253430754967168
GPU,60999.0,1,3.2227905938262147
GPU,1499.0,1,-0.3857422184003187
GPU,34999.0,1,1.6459527262986542
GPU,32479.0,1,1.4931207483690596
GPU,20999.0,1,0.796886182245352
GPU,99999.0,1,5.588047395117556
GPU,62890.0,1,3.3374752248837
GPU,499.0,1,-0.4463898286898403
GPU,139999.0,1,8.01395180669842
GPU,59499.0,1,3.1318191783919325
GPU,13200.0,1,0.32389546959737325
GPU,184999.0,1,10.74309426972689
GPU,31413.0,1,1.4284703958004297
GPU,36339.0,1,1.727220524086613
GPU,41499.0,1,2.040162193180544
GPU,99999.0,1,5.588047395117556
GPU,47999.0,1,2.4343716600624346
GPU,2157.0,1,-0.3458360908298135
GPU,206999.0,1,12.077341696096365
GPU,649.0,1,-0.43729268714641206
GPU,1424.0,1,-0.3902907891720328
GPU,94999.0,1,5.284809343669949
GPU,17999.0,1,0.6149433513767874
GPU,154999.0,1,8.923665961041245
GPU,32999.0,1,1.524657505719611
GPU,79999.0,1,4.375095189327125
GPU,207999.0,1,12.137989306385887
GPU,14999.0,1,0.4330005205082226
GPU,149999.0,1,8.620427909593635
GPU,168999.0,1,9.772732505094545
GPU,699.0,1,-0.434260306631936
GPU,754.0,1,-0.43092468806601225
GPU,2395.0,1,-0.33140195958090735
GPU,1000.0,1,-0.41600537593479
GPU,4399.0,1,-0.20986414856070612
GPU,2049.0,1,-0.3523860327410818
GPU,4557.0,1,-0.20028182613496173
GPU,3999.0,1,-0.23412319267651477
GPU,2990.0,1,-0.295316631458642
GPU,6870.0,1,-0.06000390353529832
GPU,13950.0,1,0.3693811773145144
GPU,9999.0,1,0.1297624690606147
GPU,1890.0,1,-0.36202900277711575
GPU,21599.0,1,0.833274748419065
GPU,14990.0,1,0.43245469201561687
GPU,30000.0,1,1.3427753224613357
GPU,4099.0,1,-0.2280584316475626
GPU,17345.0,1,0.5752798142474402
GPU,10999.0,1,0.19041007935013626
GPU,61848.0,1,3.2742804149620186
GPU,13899.0,1,0.36628814918974884
GPU,39999.0,1,1.949190777746262
GPU,17197.0,1,0.566303967924591
GPU,28809.0,1,1.2705440186065156
GPU,13799.0,1,0.3602233881607967
GPU,7899.0,1,0.002402487452619383
GPU,1959.0,1,-0.35784431766713876
GPU,32999.0,1,1.524657505719611
GPU,33261.0,1,1.5405471796154655
GPU,29490.0,1,1.3118450412136797
GPU,23890.0,1,0.9722184235923589
GPU,48999.0,1,2.495019270351956
GPU,2299.0,1,-0.33722413016870145
GPU,14999.0,1,0.4330005205082226
GPU,15000.0,1,0.4330611681185121
GPU,28500.0,1,1.2518039070270535
GPU,23010.0,1,0.9188485265375799
GPU,10799.0,1,0.17828055729223194
GPU,57999.0,1,3.0408477629576502
GPU,35999.0,1,1.7066003365881757
GPU,11699.0,1,0.23286340655280138
GPU,114999.0,1,6.49776154946038
GPU,2395.0,1,-0.33140195958090735
GPU,1000.0,1,-0.41600537593479
GPU,21999.0,1,0.8575337925348736
GPU,60298.0,1,3.1802766190132603
GPU,599.0,1,-0.44032506766088814
GPU,23500.0,1,0.9485658555794455
GPU,14999.0,1,0.4330005205082226
GPU,25999.0,1,1.10012423369296
GPU,39999.0,1,1.949190777746262
GPU,59999.0,1,3.162142983536693
GPU,29434.0,1,1.3084487750374665
GPU,129999.0,1,7.407475703803204
GPU,79999.0,1,4.375095189327125
GPU,204999.0,1,11.956046475517322
GPU,6499.0,1,-0.08250416695271082
GPU,24044.0,1,0.9815581555769453
GPU,3957.0,1,-0.23667039230867468
GPU,15999.0,1,0.49364813079774417
GPU,3270.0,1,-0.278335300577576
GPU,104999.0,1,5.891285446565164
GPU,30703.0,1,1.3854105924948694
GPU,49999.0,1,2.5556668806414775
GPU,15999.0,1,0.49364813079774417
GPU,104999.0,1,5.891285446565164
GPU,149999.0,1,8.620427909593635
GPU,57999.0,1,3.0408477629576502
GPU,32609.0,1,1.5010049377066974
GPU,6400.0,1,-0.08850828037137345
GPU,2750.0,1,-0.3098720579281272
GPU,57999.0,1,3.0408477629576502
GPU,55319.0,1,2.8783121673817322
GPU,1499.0,1,-0.3857422184003187
GPU,32999.0,1,1.524657505719611
GPU,44999.0,1,2.2524288291938697
GPU,117999.0,1,6.679704380328944
GPU,19499.0,1,0.7059147668110697
GPU,28999.0,1,1.2820670645615246
GPU,36999.0,1,1.7672479468776972
GPU,39999.0,1,1.949190777746262
GPU,59999.0,1,3.162142983536693
GPU,2395.0,1,-0.33140195958090735
GPU,1000.0,1,-0.41600537593479
GPU,134999.0,1,7.710713755250811
GPU,23499.0,1,0.9485052079691559
GPU,118999.0,1,6.740351990618466
GPU,203999.0,1,11.8953988652278
GPU,44999.0,1,2.2524288291938697
GPU,49499.0,1,2.5253430754967168
GPU,60999.0,1,3.2227905938262147
GPU,1499.0,1,-0.3857422184003187
GPU,34999.0,1,1.6459527262986542
GPU,32479.0,1,1.4931207483690596
GPU,20999.0,1,0.796886182245352
GPU,99999.0,1,5.588047395117556
GPU,62890.0,1,3.3374752248837
GPU,499.0,1,-0.4463898286898403
GPU,139999.0,1,8.01395180669842
GPU,59499.0,1,3.1318191783919325
GPU,13200.0,1,0.32389546959737325
GPU,184999.0,1,10.74309426972689
GPU,31413.0,1,1.4284703958004297
GPU,36339.0,1,1.727220524086613
GPU,41499.0,1,2.040162193180544
GPU,99999.0,1,5.588047395117556
GPU,47999.0,1,2.4343716600624346
GPU,2157.0,1,-0.3458360908298135
GPU,206999.0,1,12.077341696096365
GPU,649.0,1,-0.43729268714641206
GPU,1424.0,1,-0.3902907891720328
GPU,94999.0,1,5.284809343669949
GPU,17999.0,1,0.6149433513767874
GPU,154999.0,1,8.923665961041245
GPU,32999.0,1,1.524657505719611
GPU,79999.0,1,4.375095189327125
GPU,207999.0,1,12.137989306385887
GPU,14999.0,1,0.4330005205082226
GPU,149999.0,1,8.620427909593635
GPU,168999.0,1,9.772732505094545
GPU,699.0,1,-0.434260306631936
GPU,754.0,1,-0.43092468806601225
GPU,2395.0,1,-0.33140195958090735
GPU,1000.0,1,-0.41600537593479
GPU,64999.0,1,3.465381034984301
GPU,11899.0,1,0.24499292861070568
GPU,54289.0,1,2.815845128783525
GPU,57999.0,1,3.0408477629576502
GPU,3850.0,1,-0.24315968660965348
GPU,4149.0,1,-0.22502605113308652
GPU,14299.0,1,0.3905471933055575
GPU,426.0,1,-0.4508171042409754
GPU,10799.0,1,0.17828055729223194
GPU,41499.0,1,2.040162193180544
GPU,2299.0,1,-0.33722413016870145
GPU,156999.0,1,9.044961181620288
GPU,11999.0,1,0.25105768963965786
GPU,1129.0,1,-0.4081818342074417
GPU,94849.0,1,5.27571220212652
GPU,754.0,1,-0.43092468806601225
GPU,499.0,1,-0.4463898286898403
GPU,1199.0,1,-0.4039365014871752
GPU,59800.0,1,3.1500741090890783
GPU,4350.0,1,-0.21283588146489268
GPU,10799.0,1,0.17828055729223194
GPU,699.0,1,-0.434260306631936
GPU,4375.0,1,-0.21131969120765465
GPU,599.0,1,-0.44032506766088814
GPU,499.0,1,-0.4463898286898403
GPU,88600.0,1,4.8967252854273
GPU,15999.0,1,0.49364813079774417
GPU,7950.0,1,0.005495515577384983
GPU,12999.0,1,0.3117052999291794
GPU,443.0,1,-0.4497860948660535
GPU,2999.0,1,-0.29477080296603636
GPU,3999.0,1,-0.23412319267651477
GPU,479.0,1,-0.4476027808956307
GPU,85000.0,1,4.678393888385022
GPU,54500.0,1,2.828641774554614
GPU,1307.0,1,-0.39738655957590685
GPU,2999.0,1,-0.29477080296603636
GPU,2550.0,1,-0.3220015799860315
GPU,2395.0,1,-0.33140195958090735
GPU,1000.0,1,-0.41600537593479
GPU,4399.0,1,-0.20986414856070612
GPU,2049.0,1,-0.3523860327410818
GPU,4557.0,1,-0.20028182613496173
GPU,3999.0,1,-0.23412319267651477
GPU,2990.0,1,-0.295316631458642
GPU,6870.0,1,-0.06000390353529832
GPU,13950.0,1,0.3693811773145144
GPU,9999.0,1,0.1297624690606147
GPU,1890.0,1,-0.36202900277711575
GPU,21599.0,1,0.833274748419065
GPU,14990.0,1,0.43245469201561687
GPU,30000.0,1,1.3427753224613357
GPU,4099.0,1,-0.2280584316475626
GPU,17345.0,1,0.5752798142474402
GPU,10999.0,1,0.19041007935013626
GPU,61848.0,1,3.2742804149620186
GPU,13899.0,1,0.36628814918974884
GPU,39999.0,1,1.949190777746262
GPU,17197.0,1,0.566303967924591
GPU,28809.0,1,1.2705440186065156
GPU,13799.0,1,0.3602233881607967
GPU,7899.0,1,0.002402487452619383
GPU,1959.0,1,-0.35784431766713876
GPU,32999.0,1,1.524657505719611
GPU,33261.0,1,1.5405471796154655
GPU,29490.0,1,1.3118450412136797
GPU,23890.0,1,0.9722184235923589
GPU,48999.0,1,2.495019270351956
GPU,2299.0,1,-0.33722413016870145
GPU,14999.0,1,0.4330005205082226
GPU,15000.0,1,0.4330611681185121
GPU,28500.0,1,1.2518039070270535
GPU,23010.0,1,0.9188485265375799
GPU,10799.0,1,0.17828055729223194
GPU,57999.0,1,3.0408477629576502
GPU,35999.0,1,1.7066003365881757
GPU,11699.0,1,0.23286340655280138
GPU,114999.0,1,6.49776154946038
GPU,2395.0,1,-0.33140195958090735
GPU,1000.0,1,-0.41600537593479
GPU,21999.0,1,0.8575337925348736
GPU,60298.0,1,3.1802766190132603
GPU,599.0,1,-0.44032506766088814
GPU,23500.0,1,0.9485658555794455
GPU,14999.0,1,0.4330005205082226
GPU,25999.0,1,1.10012423369296
GPU,39999.0,1,1.949190777746262
GPU,59999.0,1,3.162142983536693
GPU,29434.0,1,1.3084487750374665
GPU,129999.0,1,7.407475703803204
GPU,79999.0,1,4.375095189327125
GPU,204999.0,1,11.956046475517322
GPU,6499.0,1,-0.08250416695271082
GPU,24044.0,1,0.9815581555769453
GPU,3957.0,1,-0.23667039230867468
GPU,15999.0,1,0.49364813079774417
GPU,3270.0,1,-0.278335300577576
GPU,104999.0,1,5.891285446565164
GPU,30703.0,1,1.3854105924948694
GPU,49999.0,1,2.5556668806414775
GPU,15999.0,1,0.49364813079774417
GPU,104999.0,1,5.891285446565164
GPU,149999.0,1,8.620427909593635
GPU,57999.0,1,3.0408477629576502
GPU,32609.0,1,1.5010049377066974
GPU,6400.0,1,-0.08850828037137345
GPU,2750.0,1,-0.3098720579281272
GPU,57999.0,1,3.0408477629576502
GPU,55319.0,1,2.8783121673817322
GPU,1499.0,1,-0.3857422184003187
GPU,32999.0,1,1.524657505719611
GPU,44999.0,1,2.2524288291938697
GPU,117999.0,1,6.679704380328944
GPU,19499.0,1,0.7059147668110697
GPU,28999.0,1,1.2820670645615246
GPU,36999.0,1,1.7672479468776972
GPU,39999.0,1,1.949190777746262
GPU,59999.0,1,3.162142983536693
GPU,2395.0,1,-0.33140195958090735
GPU,1000.0,1,-0.41600537593479
GPU,134999.0,1,7.710713755250811
GPU,23499.0,1,0.9485052079691559
GPU,118999.0,1,6.740351990618466
GPU,203999.0,1,11.8953988652278
GPU,44999.0,1,2.2524288291938697
GPU,49499.0,1,2.5253430754967168
GPU,60999.0,1,3.2227905938262147
GPU,1499.0,1,-0.3857422184003187
GPU,34999.0,1,1.6459527262986542
GPU,32479.0,1,1.4931207483690596
GPU,20999.0,1,0.796886182245352
GPU,99999.0,1,5.588047395117556
GPU,62890.0,1,3.3374752248837
GPU,499.0,1,-0.4463898286898403
GPU,139999.0,1,8.01395180669842
GPU,59499.0,1,3.1318191783919325
GPU,13200.0,1,0.32389546959737325
GPU,184999.0,1,10.74309426972689
GPU,31413.0,1,1.4284703958004297
GPU,36339.0,1,1.727220524086613
GPU,41499.0,1,2.040162193180544
GPU,99999.0,1,5.588047395117556
GPU,47999.0,1,2.4343716600624346
GPU,2157.0,1,-0.3458360908298135
GPU,206999.0,1,12.077341696096365
GPU,649.0,1,-0.43729268714641206
GPU,1424.0,1,-0.3902907891720328
GPU,94999.0,1,5.284809343669949
GPU,17999.0,1,0.6149433513767874
GPU,154999.0,1,8.923665961041245
GPU,32999.0,1,1.524657505719611
GPU,79999.0,1,4.375095189327125
GPU,207999.0,1,12.137989306385887
GPU,14999.0,1,0.4330005205082226
GPU,149999.0,1,8.620427909593635
GPU,168999.0,1,9.772732505094545
GPU,699.0,1,-0.434260306631936
GPU,754.0,1,-0.43092468806601225
GPU,2395.0,1,-0.33140195958090735
GPU,1000.0,1,-0.41600537593479
GPU,64999.0,1,3.465381034984301
GPU,11899.0,1,0.24499292861070568
GPU,54289.0,1,2.815845128783525
GPU,57999.0,1,3.0408477629576502
GPU,3850.0,1,-0.24315968660965348
GPU,4149.0,1,-0.22502605113308652
GPU,14299.0,1,0.3905471933055575
GPU,426.0,1,-0.4508171042409754
GPU,10799.0,1,0.17828055729223194
GPU,41499.0,1,2.040162193180544
GPU,2299.0,1,-0.33722413016870145
GPU,156999.0,1,9.044961181620288
GPU,11999.0,1,0.25105768963965786
GPU,1129.0,1,-0.4081818342074417
GPU,94849.0,1,5.27571220212652
GPU,754.0,1,-0.43092468806601225
GPU,499.0,1,-0.4463898286898403
GPU,1199.0,1,-0.4039365014871752
GPU,59800.0,1,3.1500741090890783
GPU,4350.0,1,-0.21283588146489268
GPU,10799.0,1,0.17828055729223194
GPU,699.0,1,-0.434260306631936
GPU,4375.0,1,-0.21131969120765465
GPU,599.0,1,-0.44032506766088814
GPU,499.0,1,-0.4463898286898403
GPU,88600.0,1,4.8967252854273
GPU,15999.0,1,0.49364813079774417
GPU,7950.0,1,0.005495515577384983
GPU,12999.0,1,0.3117052999291794
GPU,443.0,1,-0.4497860948660535
GPU,2999.0,1,-0.29477080296603636
GPU,3999.0,1,-0.23412319267651477
GPU,479.0,1,-0.4476027808956307
GPU,85000.0,1,4.678393888385022
GPU,54500.0,1,2.828641774554614
GPU,1307.0,1,-0.39738655957590685
GPU,2999.0,1,-0.29477080296603636
GPU,2550.0,1,-0.3220015799860315
GPU,2395.0,1,-0.33140195958090735
GPU,1000.0,1,-0.41600537593479
GPU,619.0,1,-0.4391121154550977
GPU,2950.0,1,-0.29774253587022287
GPU,24674.0,1,1.0197661500593438
GPU,32283.0,1,1.4812338167523136
GPU,664.0,1,-0.43638297299206924
GPU,10999.0,1,0.19041007935013626
GPU,7537.0,1,-0.019551947472187428
GPU,29022.0,1,1.2834619595981835
GPU,4013.0,1,-0.23327412613246146
GPU,899.0,1,-0.42213078457403164
GPU,3819.0,1,-0.24503976252862864
GPU,115999.0,1,6.5584091597499015
GPU,389.0,1,-0.45306106582168765
GPU,92390.0,1,5.126579728424587
GPU,76999.0,1,4.19315235845856
GPU,889.0,1,-0.42273726067692685
GPU,34999.0,1,1.6459527262986542
GPU,41706.0,1,2.052716248510475
GPU,76999.0,1,4.19315235845856
GPU,4200.0,1,-0.22193302300832093
GPU,112999.0,1,6.376466328881337
GPU,7999.0,1,0.00846724848157154
GPU,179999.0,1,10.439856218279283
GPU,44509.0,1,2.222711500152004
GPU,107799.0,1,6.061098755375824
GPU,46999.0,1,2.3737240497729126
GPU,1754.0,1,-0.3702770777764907
GPU,2999.0,1,-0.29477080296603636
GPU,1461.0,1,-0.38804682759132053
GPU,769.0,1,-0.43001497391166943
GPU,3299.0,1,-0.27657651987917986
GPU,4999.0,1,-0.17347558238699318
GPU,664.0,1,-0.43638297299206924
GPU,3249.0,1,-0.27960890039365593
GPU,1545.0,1,-0.3829524283270007
GPU,1879.0,1,-0.36269612649030053
GPU,486.0,1,-0.44717824762360403
GPU,1374.0,1,-0.3933231696865089
MotherBoard,5678.0,2,-0.13229585500040802
MotherBoard,2449.0,2,-0.32812698862527323
MotherBoard,3799.0,2,-0.24625271473441906
MotherBoard,2299.0,2,-0.33722413016870145
MotherBoard,8950.0,2,0.06614312586690656
MotherBoard,12999.0,2,0.3117052999291794
MotherBoard,2299.0,2,-0.33722413016870145
MotherBoard,2161.0,2,-0.34559350038865544
MotherBoard,13999.0,2,0.372352910218701
MotherBoard,5999.0,2,-0.11282797209747161
MotherBoard,2299.0,2,-0.33722413016870145
MotherBoard,8999.0,2,0.06911485877109312
MotherBoard,2104.0,2,-0.34905041417515814
MotherBoard,9389.0,2,0.09276742678400653
MotherBoard,5899.0,2,-0.11889273312642377
MotherBoard,33517.0,2,1.556072967849583
MotherBoard,6999.0,2,-0.052180361807950035
MotherBoard,5999.0,2,-0.11282797209747161
MotherBoard,35519.0,2,1.6774894836492054
MotherBoard,9800.0,2,0.1176935946129999
MotherBoard,2199.0,2,-0.3432888911976536
MotherBoard,15926.0,2,0.4892208552466091
MotherBoard,1999.0,2,-0.3554184132555579
MotherBoard,41739.0,2,2.054717619650029
MotherBoard,8899.0,2,0.06305009774214096
MotherBoard,8190.0,2,0.020050942046870163
MotherBoard,14462.0,2,0.4004327537827495
MotherBoard,3299.0,2,-0.27657651987917986
MotherBoard,11720.0,2,0.23413700636888132
MotherBoard,98999.0,2,5.5273997848280345
MotherBoard,29999.0,2,1.3427146748510461
MotherBoard,12179.0,2,0.2619742594917717
MotherBoard,17999.0,2,0.6149433513767874
MotherBoard,29950.0,2,1.3397429419468596
MotherBoard,8099.0,2,0.014532009510523698
MotherBoard,6999.0,2,-0.052180361807950035
MotherBoard,5499.0,2,-0.1431517772422324
MotherBoard,2225.0,2,-0.34171205333012605
MotherBoard,21499.0,2,0.8272099873901129
MotherBoard,25719.0,2,1.083142902811894
MotherBoard,5678.0,2,-0.13229585500040802
MotherBoard,2449.0,2,-0.32812698862527323
MotherBoard,3799.0,2,-0.24625271473441906
MotherBoard,2299.0,2,-0.33722413016870145
MotherBoard,8950.0,2,0.06614312586690656
MotherBoard,12999.0,2,0.3117052999291794
MotherBoard,2299.0,2,-0.33722413016870145
MotherBoard,2161.0,2,-0.34559350038865544
MotherBoard,13999.0,2,0.372352910218701
MotherBoard,5999.0,2,-0.11282797209747161
MotherBoard,2299.0,2,-0.33722413016870145
MotherBoard,8999.0,2,0.06911485877109312
MotherBoard,2104.0,2,-0.34905041417515814
MotherBoard,9389.0,2,0.09276742678400653
MotherBoard,5899.0,2,-0.11889273312642377
MotherBoard,33517.0,2,1.556072967849583
MotherBoard,6999.0,2,-0.052180361807950035
MotherBoard,5999.0,2,-0.11282797209747161
MotherBoard,35519.0,2,1.6774894836492054
MotherBoard,9800.0,2,0.1176935946129999
MotherBoard,2199.0,2,-0.3432888911976536
MotherBoard,15926.0,2,0.4892208552466091
MotherBoard,1999.0,2,-0.3554184132555579
MotherBoard,41739.0,2,2.054717619650029
MotherBoard,8899.0,2,0.06305009774214096
MotherBoard,8190.0,2,0.020050942046870163
MotherBoard,14462.0,2,0.4004327537827495
MotherBoard,3299.0,2,-0.27657651987917986
MotherBoard,11720.0,2,0.23413700636888132
MotherBoard,98999.0,2,5.5273997848280345
MotherBoard,29999.0,2,1.3427146748510461
MotherBoard,12179.0,2,0.2619742594917717
MotherBoard,17999.0,2,0.6149433513767874
MotherBoard,29950.0,2,1.3397429419468596
MotherBoard,8099.0,2,0.014532009510523698
MotherBoard,6999.0,2,-0.052180361807950035
MotherBoard,5499.0,2,-0.1431517772422324
MotherBoard,2225.0,2,-0.34171205333012605
MotherBoard,21499.0,2,0.8272099873901129
MotherBoard,25719.0,2,1.083142902811894
MotherBoard,7019.0,2,-0.050967409602159605
MotherBoard,10384.0,2,0.1531117990220805
MotherBoard,5999.0,2,-0.11282797209747161
MotherBoard,14500.0,2,0.4027373629737513
MotherBoard,12205.0,2,0.26355109735929927
MotherBoard,2299.0,2,-0.33722413016870145
MotherBoard,4999.0,2,-0.17347558238699318
MotherBoard,4337.0,2,-0.21362430039865646
MotherBoard,2049.0,2,-0.3523860327410818
MotherBoard,2038.0,2,-0.35305315645426655
MotherBoard,13181.0,2,0.32274316500187233
MotherBoard,1790.0,2,-0.3680937638060679
MotherBoard,3980.0,2,-0.23527549727201566
MotherBoard,32952.0,2,1.5218070680360034
MotherBoard,10043.0,2,0.13243096391335363
MotherBoard,1945.0,2,-0.35869338421119207
MotherBoard,1974.0,2,-0.35693460351279593
MotherBoard,2591.0,2,-0.31951502796416115
MotherBoard,4256.0,2,-0.21853675683210771
MotherBoard,24449.0,2,1.0061204377442015
MotherBoard,2070.0,2,-0.3511124329250019
MotherBoard,6749.0,2,-0.06734226438033043
MotherBoard,9299.0,2,0.0873091418579496
MotherBoard,2449.0,2,-0.32812698862527323
MotherBoard,14269.0,2,0.38872776499687184
MotherBoard,1971.0,2,-0.3571165463436645
MotherBoard,23449.0,2,0.9454728274546799
MotherBoard,18821.0,2,0.664795687034774
MotherBoard,2478.0,2,-0.3263682079268771
MotherBoard,7499.0,2,-0.021856556663189246
MotherBoard,11499.0,2,0.22073388449489706
MotherBoard,23999.0,2,0.9788290131139168
MotherBoard,23699.0,2,0.9606347300270602
MotherBoard,23999.0,2,0.9788290131139168
MotherBoard,18999.0,2,0.6755909616663088
MotherBoard,25499.0,2,1.069800428548199
MotherBoard,20599.0,2,0.7726271381295434
MotherBoard,3790.0,2,-0.24679854322702477
MotherBoard,28844.0,2,1.2726666849666488
MotherBoard,1950.0,2,-0.35839014615974446
MotherBoard,5678.0,2,-0.13229585500040802
MotherBoard,2449.0,2,-0.32812698862527323
MotherBoard,3799.0,2,-0.24625271473441906
MotherBoard,2299.0,2,-0.33722413016870145
MotherBoard,8950.0,2,0.06614312586690656
MotherBoard,12999.0,2,0.3117052999291794
MotherBoard,2299.0,2,-0.33722413016870145
MotherBoard,2161.0,2,-0.34559350038865544
MotherBoard,13999.0,2,0.372352910218701
MotherBoard,5999.0,2,-0.11282797209747161
MotherBoard,2299.0,2,-0.33722413016870145
MotherBoard,8999.0,2,0.06911485877109312
MotherBoard,2104.0,2,-0.34905041417515814
MotherBoard,9389.0,2,0.09276742678400653
MotherBoard,5899.0,2,-0.11889273312642377
MotherBoard,33517.0,2,1.556072967849583
MotherBoard,6999.0,2,-0.052180361807950035
MotherBoard,5999.0,2,-0.11282797209747161
MotherBoard,35519.0,2,1.6774894836492054
MotherBoard,9800.0,2,0.1176935946129999
MotherBoard,2199.0,2,-0.3432888911976536
MotherBoard,15926.0,2,0.4892208552466091
MotherBoard,1999.0,2,-0.3554184132555579
MotherBoard,41739.0,2,2.054717619650029
MotherBoard,8899.0,2,0.06305009774214096
MotherBoard,8190.0,2,0.020050942046870163
MotherBoard,14462.0,2,0.4004327537827495
MotherBoard,3299.0,2,-0.27657651987917986
MotherBoard,11720.0,2,0.23413700636888132
MotherBoard,98999.0,2,5.5273997848280345
MotherBoard,29999.0,2,1.3427146748510461
MotherBoard,12179.0,2,0.2619742594917717
MotherBoard,17999.0,2,0.6149433513767874
MotherBoard,29950.0,2,1.3397429419468596
MotherBoard,8099.0,2,0.014532009510523698
MotherBoard,6999.0,2,-0.052180361807950035
MotherBoard,5499.0,2,-0.1431517772422324
MotherBoard,2225.0,2,-0.34171205333012605
MotherBoard,21499.0,2,0.8272099873901129
MotherBoard,25719.0,2,1.083142902811894
MotherBoard,7019.0,2,-0.050967409602159605
MotherBoard,10384.0,2,0.1531117990220805
MotherBoard,5999.0,2,-0.11282797209747161
MotherBoard,14500.0,2,0.4027373629737513
MotherBoard,12205.0,2,0.26355109735929927
MotherBoard,2299.0,2,-0.33722413016870145
MotherBoard,4999.0,2,-0.17347558238699318
MotherBoard,4337.0,2,-0.21362430039865646
MotherBoard,2049.0,2,-0.3523860327410818
MotherBoard,2038.0,2,-0.35305315645426655
MotherBoard,13181.0,2,0.32274316500187233
MotherBoard,1790.0,2,-0.3680937638060679
MotherBoard,3980.0,2,-0.23527549727201566
MotherBoard,32952.0,2,1.5218070680360034
MotherBoard,10043.0,2,0.13243096391335363
MotherBoard,1945.0,2,-0.35869338421119207
MotherBoard,1974.0,2,-0.35693460351279593
MotherBoard,2591.0,2,-0.31951502796416115
MotherBoard,4256.0,2,-0.21853675683210771
MotherBoard,24449.0,2,1.0061204377442015
MotherBoard,2070.0,2,-0.3511124329250019
MotherBoard,6749.0,2,-0.06734226438033043
MotherBoard,9299.0,2,0.0873091418579496
MotherBoard,2449.0,2,-0.32812698862527323
MotherBoard,14269.0,2,0.38872776499687184
MotherBoard,1971.0,2,-0.3571165463436645
MotherBoard,23449.0,2,0.9454728274546799
MotherBoard,18821.0,2,0.664795687034774
MotherBoard,2478.0,2,-0.3263682079268771
MotherBoard,7499.0,2,-0.021856556663189246
MotherBoard,11499.0,2,0.22073388449489706
MotherBoard,23999.0,2,0.9788290131139168
MotherBoard,23699.0,2,0.9606347300270602
MotherBoard,23999.0,2,0.9788290131139168
MotherBoard,18999.0,2,0.6755909616663088
MotherBoard,25499.0,2,1.069800428548199
MotherBoard,20599.0,2,0.7726271381295434
MotherBoard,3790.0,2,-0.24679854322702477
MotherBoard,28844.0,2,1.2726666849666488
MotherBoard,1950.0,2,-0.35839014615974446
MotherBoard,7149.0,2,-0.0430832202645218
MotherBoard,8499.0,2,0.038791053626332325
MotherBoard,22499.0,2,0.8878575976796343
MotherBoard,12249.0,2,0.2662195922120382
MotherBoard,1976.0,2,-0.3568133082922169
MotherBoard,28149.0,2,1.2305165958154314
MotherBoard,30299.0,2,1.3609089579379028
MotherBoard,38999.0,2,1.8885431674567403
MotherBoard,3499.0,2,-0.26444699782127556
MotherBoard,5790.0,2,-0.1255033226479816
MotherBoard,26999.0,2,1.1607718439824815
MotherBoard,27399.0,2,1.18503088809829
MotherBoard,12999.0,2,0.3117052999291794
MotherBoard,11000.0,2,0.1904707269604258
MotherBoard,8500.0,2,0.03885170123662185
MotherBoard,17999.0,2,0.6149433513767874
MotherBoard,23161.0,2,0.9280063156912977
MotherBoard,11924.0,2,0.24650911886794372
MotherBoard,2999.0,2,-0.29477080296603636
MotherBoard,19667.0,2,0.7161035653397093
MotherBoard,35007.0,2,1.6464379071809703
MotherBoard,7200.0,2,-0.0399901921397562
MotherBoard,5499.0,2,-0.1431517772422324
MotherBoard,21585.0,2,0.8324256818750116
MotherBoard,16800.0,2,0.5422268666396509
MotherBoard,37199.0,2,1.7793774689356014
MotherBoard,18000.0,2,0.6150039989870768
MotherBoard,20799.0,2,0.7847566601874477
MotherBoard,16149.0,2,0.5027452723411724
MotherBoard,2390.0,2,-0.33170519763235495
MotherBoard,21499.0,2,0.8272099873901129
MotherBoard,2059.0,2,-0.3517795566381866
MotherBoard,55809.0,2,2.9080294964235978
MotherBoard,3475.0,2,-0.2659025404682241
MotherBoard,25609.0,2,1.0764716656800466
MotherBoard,15569.0,2,0.4675696583732499
MotherBoard,21949.0,2,0.8545014120203975
MotherBoard,21699.0,2,0.8393395094480172
MotherBoard,2690.0,2,-0.3135109145454985
MotherBoard,1999.0,2,-0.3554184132555579
MotherBoard,5678.0,2,-0.13229585500040802
MotherBoard,2449.0,2,-0.32812698862527323
MotherBoard,3799.0,2,-0.24625271473441906
MotherBoard,2299.0,2,-0.33722413016870145
MotherBoard,8950.0,2,0.06614312586690656
MotherBoard,12999.0,2,0.3117052999291794
MotherBoard,2299.0,2,-0.33722413016870145
MotherBoard,2161.0,2,-0.34559350038865544
MotherBoard,13999.0,2,0.372352910218701
MotherBoard,5999.0,2,-0.11282797209747161
MotherBoard,2299.0,2,-0.33722413016870145
MotherBoard,8999.0,2,0.06911485877109312
MotherBoard,2104.0,2,-0.34905041417515814
MotherBoard,9389.0,2,0.09276742678400653
MotherBoard,5899.0,2,-0.11889273312642377
MotherBoard,33517.0,2,1.556072967849583
MotherBoard,6999.0,2,-0.052180361807950035
MotherBoard,5999.0,2,-0.11282797209747161
MotherBoard,35519.0,2,1.6774894836492054
MotherBoard,9800.0,2,0.1176935946129999
MotherBoard,2199.0,2,-0.3432888911976536
MotherBoard,15926.0,2,0.4892208552466091
MotherBoard,1999.0,2,-0.3554184132555579
MotherBoard,41739.0,2,2.054717619650029
MotherBoard,8899.0,2,0.06305009774214096
MotherBoard,8190.0,2,0.020050942046870163
MotherBoard,14462.0,2,0.4004327537827495
MotherBoard,3299.0,2,-0.27657651987917986
MotherBoard,11720.0,2,0.23413700636888132
MotherBoard,98999.0,2,5.5273997848280345
MotherBoard,29999.0,2,1.3427146748510461
MotherBoard,12179.0,2,0.2619742594917717
MotherBoard,17999.0,2,0.6149433513767874
MotherBoard,29950.0,2,1.3397429419468596
MotherBoard,8099.0,2,0.014532009510523698
MotherBoard,6999.0,2,-0.052180361807950035
MotherBoard,5499.0,2,-0.1431517772422324
MotherBoard,2225.0,2,-0.34171205333012605
MotherBoard,21499.0,2,0.8272099873901129
MotherBoard,25719.0,2,1.083142902811894
MotherBoard,7019.0,2,-0.050967409602159605
MotherBoard,10384.0,2,0.1531117990220805
MotherBoard,5999.0,2,-0.11282797209747161
MotherBoard,14500.0,2,0.4027373629737513
MotherBoard,12205.0,2,0.26355109735929927
MotherBoard,2299.0,2,-0.33722413016870145
MotherBoard,4999.0,2,-0.17347558238699318
MotherBoard,4337.0,2,-0.21362430039865646
MotherBoard,2049.0,2,-0.3523860327410818
MotherBoard,2038.0,2,-0.35305315645426655
MotherBoard,13181.0,2,0.32274316500187233
MotherBoard,1790.0,2,-0.3680937638060679
MotherBoard,3980.0,2,-0.23527549727201566
MotherBoard,32952.0,2,1.5218070680360034
MotherBoard,10043.0,2,0.13243096391335363
MotherBoard,1945.0,2,-0.35869338421119207
MotherBoard,1974.0,2,-0.35693460351279593
MotherBoard,2591.0,2,-0.31951502796416115
MotherBoard,4256.0,2,-0.21853675683210771
MotherBoard,24449.0,2,1.0061204377442015
MotherBoard,2070.0,2,-0.3511124329250019
MotherBoard,6749.0,2,-0.06734226438033043
MotherBoard,9299.0,2,0.0873091418579496
MotherBoard,2449.0,2,-0.32812698862527323
MotherBoard,14269.0,2,0.38872776499687184
MotherBoard,1971.0,2,-0.3571165463436645
MotherBoard,23449.0,2,0.9454728274546799
MotherBoard,18821.0,2,0.664795687034774
MotherBoard,2478.0,2,-0.3263682079268771
MotherBoard,7499.0,2,-0.021856556663189246
MotherBoard,11499.0,2,0.22073388449489706
MotherBoard,23999.0,2,0.9788290131139168
MotherBoard,23699.0,2,0.9606347300270602
MotherBoard,23999.0,2,0.9788290131139168
MotherBoard,18999.0,2,0.6755909616663088
MotherBoard,25499.0,2,1.069800428548199
MotherBoard,20599.0,2,0.7726271381295434
MotherBoard,3790.0,2,-0.24679854322702477
MotherBoard,28844.0,2,1.2726666849666488
MotherBoard,1950.0,2,-0.35839014615974446
MotherBoard,7149.0,2,-0.0430832202645218
MotherBoard,8499.0,2,0.038791053626332325
MotherBoard,22499.0,2,0.8878575976796343
MotherBoard,12249.0,2,0.2662195922120382
MotherBoard,1976.0,2,-0.3568133082922169
MotherBoard,28149.0,2,1.2305165958154314
MotherBoard,30299.0,2,1.3609089579379028
MotherBoard,38999.0,2,1.8885431674567403
MotherBoard,3499.0,2,-0.26444699782127556
MotherBoard,5790.0,2,-0.1255033226479816
MotherBoard,26999.0,2,1.1607718439824815
MotherBoard,27399.0,2,1.18503088809829
MotherBoard,12999.0,2,0.3117052999291794
MotherBoard,11000.0,2,0.1904707269604258
MotherBoard,8500.0,2,0.03885170123662185
MotherBoard,17999.0,2,0.6149433513767874
MotherBoard,23161.0,2,0.9280063156912977
MotherBoard,11924.0,2,0.24650911886794372
MotherBoard,2999.0,2,-0.29477080296603636
MotherBoard,19667.0,2,0.7161035653397093
MotherBoard,35007.0,2,1.6464379071809703
MotherBoard,7200.0,2,-0.0399901921397562
MotherBoard,5499.0,2,-0.1431517772422324
MotherBoard,21585.0,2,0.8324256818750116
MotherBoard,16800.0,2,0.5422268666396509
MotherBoard,37199.0,2,1.7793774689356014
MotherBoard,18000.0,2,0.6150039989870768
MotherBoard,20799.0,2,0.7847566601874477
MotherBoard,16149.0,2,0.5027452723411724
MotherBoard,2390.0,2,-0.33170519763235495
MotherBoard,21499.0,2,0.8272099873901129
MotherBoard,2059.0,2,-0.3517795566381866
MotherBoard,55809.0,2,2.9080294964235978
MotherBoard,3475.0,2,-0.2659025404682241
MotherBoard,25609.0,2,1.0764716656800466
MotherBoard,15569.0,2,0.4675696583732499
MotherBoard,21949.0,2,0.8545014120203975
MotherBoard,21699.0,2,0.8393395094480172
MotherBoard,2690.0,2,-0.3135109145454985
MotherBoard,1999.0,2,-0.3554184132555579
MotherBoard,21699.0,2,0.8393395094480172
MotherBoard,21949.0,2,0.8545014120203975
MotherBoard,2199.0,2,-0.3432888911976536
MotherBoard,74078.0,2,4.016000688802867
MotherBoard,28999.0,2,1.2820670645615246
MotherBoard,1999.0,2,-0.3554184132555579
MotherBoard,2690.0,2,-0.3135109145454985
MotherBoard,12999.0,2,0.3117052999291794
MotherBoard,54999.0,2,2.8589049320890854
MotherBoard,17499.0,2,0.5846195462320265
MotherBoard,25498.0,2,1.0697397809379097
MotherBoard,5999.0,2,-0.11282797209747161
MotherBoard,2225.0,2,-0.34171205333012605
MotherBoard,27879.0,2,1.2141417410372604
MotherBoard,9500.0,2,0.09949931152614343
MotherBoard,11000.0,2,0.1904707269604258
MotherBoard,21009.0,2,0.7974926583482472
MotherBoard,28849.0,2,1.2729699230180964
MotherBoard,35999.0,2,1.7066003365881757
MotherBoard,22799.0,2,0.9060518807664909
MotherBoard,19039.0,2,0.6780168660778897
MotherBoard,4761.0,2,-0.1879097136358993
MotherBoard,13499.0,2,0.3420291050739402
MotherBoard,3050.0,2,-0.2916777748412707
MotherBoard,16999.0,2,0.5542957410872658
MotherBoard,26999.0,2,1.1607718439824815
MotherBoard,25606.0,2,1.076289722849178
MotherBoard,19799.0,2,0.7241090498979261
MotherBoard,8742.0,2,0.053528422926686074
MotherBoard,30002.0,2,1.3428966176819148
MotherBoard,3880.0,2,-0.24134025830096784
MotherBoard,4649.0,2,-0.19470224598832575
MotherBoard,2449.0,2,-0.32812698862527323
MotherBoard,26139.0,2,1.108614899133493
MotherBoard,37399.0,2,1.791506990993506
MotherBoard,14499.0,2,0.4026767153634618
MotherBoard,40513.0,2,1.980363649435076
MotherBoard,32100.0,2,1.470135304069331
MotherBoard,22532.0,2,0.8898589688191886
MotherBoard,2450.0,2,-0.32806634101498366
MotherBoard,5678.0,2,-0.13229585500040802
MotherBoard,2449.0,2,-0.32812698862527323
MotherBoard,3799.0,2,-0.24625271473441906
MotherBoard,2299.0,2,-0.33722413016870145
MotherBoard,8950.0,2,0.06614312586690656
MotherBoard,12999.0,2,0.3117052999291794
MotherBoard,2299.0,2,-0.33722413016870145
MotherBoard,2161.0,2,-0.34559350038865544
MotherBoard,13999.0,2,0.372352910218701
MotherBoard,5999.0,2,-0.11282797209747161
MotherBoard,2299.0,2,-0.33722413016870145
MotherBoard,8999.0,2,0.06911485877109312
MotherBoard,2104.0,2,-0.34905041417515814
MotherBoard,9389.0,2,0.09276742678400653
MotherBoard,5899.0,2,-0.11889273312642377
MotherBoard,33517.0,2,1.556072967849583
MotherBoard,6999.0,2,-0.052180361807950035
MotherBoard,5999.0,2,-0.11282797209747161
MotherBoard,35519.0,2,1.6774894836492054
MotherBoard,9800.0,2,0.1176935946129999
MotherBoard,2199.0,2,-0.3432888911976536
MotherBoard,15926.0,2,0.4892208552466091
MotherBoard,1999.0,2,-0.3554184132555579
MotherBoard,41739.0,2,2.054717619650029
MotherBoard,8899.0,2,0.06305009774214096
MotherBoard,8190.0,2,0.020050942046870163
MotherBoard,14462.0,2,0.4004327537827495
MotherBoard,3299.0,2,-0.27657651987917986
MotherBoard,11720.0,2,0.23413700636888132
MotherBoard,98999.0,2,5.5273997848280345
MotherBoard,29999.0,2,1.3427146748510461
MotherBoard,12179.0,2,0.2619742594917717
MotherBoard,17999.0,2,0.6149433513767874
MotherBoard,29950.0,2,1.3397429419468596
MotherBoard,8099.0,2,0.014532009510523698
MotherBoard,6999.0,2,-0.052180361807950035
MotherBoard,5499.0,2,-0.1431517772422324
MotherBoard,2225.0,2,-0.34171205333012605
MotherBoard,21499.0,2,0.8272099873901129
MotherBoard,25719.0,2,1.083142902811894
MotherBoard,7019.0,2,-0.050967409602159605
MotherBoard,10384.0,2,0.1531117990220805
MotherBoard,5999.0,2,-0.11282797209747161
MotherBoard,14500.0,2,0.4027373629737513
MotherBoard,12205.0,2,0.26355109735929927
MotherBoard,2299.0,2,-0.33722413016870145
MotherBoard,4999.0,2,-0.17347558238699318
MotherBoard,4337.0,2,-0.21362430039865646
MotherBoard,2049.0,2,-0.3523860327410818
MotherBoard,2038.0,2,-0.35305315645426655
MotherBoard,13181.0,2,0.32274316500187233
MotherBoard,1790.0,2,-0.3680937638060679
MotherBoard,3980.0,2,-0.23527549727201566
MotherBoard,32952.0,2,1.5218070680360034
MotherBoard,10043.0,2,0.13243096391335363
MotherBoard,1945.0,2,-0.35869338421119207
MotherBoard,1974.0,2,-0.35693460351279593
MotherBoard,2591.0,2,-0.31951502796416115
MotherBoard,4256.0,2,-0.21853675683210771
MotherBoard,24449.0,2,1.0061204377442015
MotherBoard,2070.0,2,-0.3511124329250019
MotherBoard,6749.0,2,-0.06734226438033043
MotherBoard,9299.0,2,0.0873091418579496
MotherBoard,2449.0,2,-0.32812698862527323
MotherBoard,14269.0,2,0.38872776499687184
MotherBoard,1971.0,2,-0.3571165463436645
MotherBoard,23449.0,2,0.9454728274546799
MotherBoard,18821.0,2,0.664795687034774
MotherBoard,2478.0,2,-0.3263682079268771
MotherBoard,7499.0,2,-0.021856556663189246
MotherBoard,11499.0,2,0.22073388449489706
MotherBoard,23999.0,2,0.9788290131139168
MotherBoard,23699.0,2,0.9606347300270602
MotherBoard,23999.0,2,0.9788290131139168
MotherBoard,18999.0,2,0.6755909616663088
MotherBoard,25499.0,2,1.069800428548199
MotherBoard,20599.0,2,0.7726271381295434
MotherBoard,3790.0,2,-0.24679854322702477
MotherBoard,28844.0,2,1.2726666849666488
MotherBoard,1950.0,2,-0.35839014615974446
MotherBoard,7149.0,2,-0.0430832202645218
MotherBoard,8499.0,2,0.038791053626332325
MotherBoard,22499.0,2,0.8878575976796343
MotherBoard,12249.0,2,0.2662195922120382
MotherBoard,1976.0,2,-0.3568133082922169
MotherBoard,28149.0,2,1.2305165958154314
MotherBoard,30299.0,2,1.3609089579379028
MotherBoard,38999.0,2,1.8885431674567403
MotherBoard,3499.0,2,-0.26444699782127556
MotherBoard,5790.0,2,-0.1255033226479816
MotherBoard,26999.0,2,1.1607718439824815
MotherBoard,27399.0,2,1.18503088809829
MotherBoard,12999.0,2,0.3117052999291794
MotherBoard,11000.0,2,0.1904707269604258
MotherBoard,8500.0,2,0.03885170123662185
MotherBoard,17999.0,2,0.6149433513767874
MotherBoard,23161.0,2,0.9280063156912977
MotherBoard,11924.0,2,0.24650911886794372
MotherBoard,2999.0,2,-0.29477080296603636
MotherBoard,19667.0,2,0.7161035653397093
MotherBoard,35007.0,2,1.6464379071809703
MotherBoard,7200.0,2,-0.0399901921397562
MotherBoard,5499.0,2,-0.1431517772422324
MotherBoard,21585.0,2,0.8324256818750116
MotherBoard,16800.0,2,0.5422268666396509
MotherBoard,37199.0,2,1.7793774689356014
MotherBoard,18000.0,2,0.6150039989870768
MotherBoard,20799.0,2,0.7847566601874477
MotherBoard,16149.0,2,0.5027452723411724
MotherBoard,2390.0,2,-0.33170519763235495
MotherBoard,21499.0,2,0.8272099873901129
MotherBoard,2059.0,2,-0.3517795566381866
MotherBoard,55809.0,2,2.9080294964235978
MotherBoard,3475.0,2,-0.2659025404682241
MotherBoard,25609.0,2,1.0764716656800466
MotherBoard,15569.0,2,0.4675696583732499
MotherBoard,21949.0,2,0.8545014120203975
MotherBoard,21699.0,2,0.8393395094480172
MotherBoard,2690.0,2,-0.3135109145454985
MotherBoard,1999.0,2,-0.3554184132555579
MotherBoard,21699.0,2,0.8393395094480172
MotherBoard,21949.0,2,0.8545014120203975
MotherBoard,2199.0,2,-0.3432888911976536
MotherBoard,74078.0,2,4.016000688802867
MotherBoard,28999.0,2,1.2820670645615246
MotherBoard,1999.0,2,-0.3554184132555579
MotherBoard,2690.0,2,-0.3135109145454985
MotherBoard,12999.0,2,0.3117052999291794
MotherBoard,54999.0,2,2.8589049320890854
MotherBoard,17499.0,2,0.5846195462320265
MotherBoard,25498.0,2,1.0697397809379097
MotherBoard,5999.0,2,-0.11282797209747161
MotherBoard,2225.0,2,-0.34171205333012605
MotherBoard,27879.0,2,1.2141417410372604
MotherBoard,9500.0,2,0.09949931152614343
MotherBoard,11000.0,2,0.1904707269604258
MotherBoard,21009.0,2,0.7974926583482472
MotherBoard,28849.0,2,1.2729699230180964
MotherBoard,35999.0,2,1.7066003365881757
MotherBoard,22799.0,2,0.9060518807664909
MotherBoard,19039.0,2,0.6780168660778897
MotherBoard,4761.0,2,-0.1879097136358993
MotherBoard,13499.0,2,0.3420291050739402
MotherBoard,3050.0,2,-0.2916777748412707
MotherBoard,16999.0,2,0.5542957410872658
MotherBoard,26999.0,2,1.1607718439824815
MotherBoard,25606.0,2,1.076289722849178
MotherBoard,19799.0,2,0.7241090498979261
MotherBoard,8742.0,2,0.053528422926686074
MotherBoard,30002.0,2,1.3428966176819148
MotherBoard,3880.0,2,-0.24134025830096784
MotherBoard,4649.0,2,-0.19470224598832575
MotherBoard,2449.0,2,-0.32812698862527323
MotherBoard,26139.0,2,1.108614899133493
MotherBoard,37399.0,2,1.791506990993506
MotherBoard,14499.0,2,0.4026767153634618
MotherBoard,40513.0,2,1.980363649435076
MotherBoard,32100.0,2,1.470135304069331
MotherBoard,22532.0,2,0.8898589688191886
MotherBoard,2450.0,2,-0.32806634101498366
MotherBoard,2019.0,2,-0.35420546104976747
MotherBoard,29518.0,2,1.3135431743017862
MotherBoard,2310.0,2,-0.3365570064555167
MotherBoard,16999.0,2,0.5542957410872658
MotherBoard,2190.0,2,-0.3438347196902593
MotherBoard,4749.0,2,-0.18863748495937357
MotherBoard,3819.0,2,-0.24503976252862864
MotherBoard,2800.0,2,-0.30683967741365115
MotherBoard,2129.0,2,-0.3475342239179201
MotherBoard,3475.0,2,-0.2659025404682241
MotherBoard,2399.0,2,-0.3311593691397493
MotherBoard,345.0,2,-0.4557295606744266
MotherBoard,449.0,2,-0.44942220920431636
MotherBoard,5499.0,2,-0.1431517772422324
MotherBoard,1615.0,2,-0.3787070956067342
MotherBoard,5999.0,2,-0.11282797209747161
MotherBoard,2499.0,2,-0.3250946081107971
MotherBoard,5499.0,2,-0.1431517772422324
MotherBoard,4150.0,2,-0.224965403522797
MotherBoard,2399.0,2,-0.3311593691397493
MotherBoard,4289.0,2,-0.2165353856925535
MotherBoard,3750.0,2,-0.24922444763860563
MotherBoard,12400.0,2,0.275377381365756
MotherBoard,5062.0,2,-0.16965478293875333
MotherBoard,23499.0,2,0.9485052079691559
MotherBoard,4549.0,2,-0.2007670070172779
MotherBoard,5999.0,2,-0.11282797209747161
MotherBoard,6500.0,2,-0.0824435193424213
MotherBoard,5211.0,2,-0.16061828900561462
MotherBoard,202.0,2,-0.4644021689458282
MotherBoard,4500.0,2,-0.20373873992146446
MotherBoard,3249.0,2,-0.27960890039365593
MotherBoard,7499.0,2,-0.021856556663189246
MotherBoard,17649.0,2,0.5937166877754547
MotherBoard,331.0,2,-0.4565786272184799
MotherBoard,8948.0,2,0.06602183064632751
MotherBoard,7749.0,2,-0.006694654090808854
MotherBoard,2449.0,2,-0.32812698862527323
MotherBoard,2799.0,2,-0.30690032502394066
MotherBoard,4850.0,2,-0.1825120763201319
MotherBoard,5678.0,2,-0.13229585500040802
MotherBoard,2449.0,2,-0.32812698862527323
MotherBoard,3799.0,2,-0.24625271473441906
MotherBoard,2299.0,2,-0.33722413016870145
MotherBoard,8950.0,2,0.06614312586690656
MotherBoard,12999.0,2,0.3117052999291794
MotherBoard,2299.0,2,-0.33722413016870145
MotherBoard,2161.0,2,-0.34559350038865544
MotherBoard,13999.0,2,0.372352910218701
MotherBoard,5999.0,2,-0.11282797209747161
MotherBoard,2299.0,2,-0.33722413016870145
MotherBoard,8999.0,2,0.06911485877109312
MotherBoard,2104.0,2,-0.34905041417515814
MotherBoard,9389.0,2,0.09276742678400653
MotherBoard,5899.0,2,-0.11889273312642377
MotherBoard,33517.0,2,1.556072967849583
MotherBoard,6999.0,2,-0.052180361807950035
MotherBoard,5999.0,2,-0.11282797209747161
MotherBoard,35519.0,2,1.6774894836492054
MotherBoard,9800.0,2,0.1176935946129999
MotherBoard,2199.0,2,-0.3432888911976536
MotherBoard,15926.0,2,0.4892208552466091
MotherBoard,1999.0,2,-0.3554184132555579
MotherBoard,41739.0,2,2.054717619650029
MotherBoard,8899.0,2,0.06305009774214096
MotherBoard,8190.0,2,0.020050942046870163
MotherBoard,14462.0,2,0.4004327537827495
MotherBoard,3299.0,2,-0.27657651987917986
MotherBoard,11720.0,2,0.23413700636888132
MotherBoard,98999.0,2,5.5273997848280345
MotherBoard,29999.0,2,1.3427146748510461
MotherBoard,12179.0,2,0.2619742594917717
MotherBoard,17999.0,2,0.6149433513767874
MotherBoard,29950.0,2,1.3397429419468596
MotherBoard,8099.0,2,0.014532009510523698
MotherBoard,6999.0,2,-0.052180361807950035
MotherBoard,5499.0,2,-0.1431517772422324
MotherBoard,2225.0,2,-0.34171205333012605
MotherBoard,21499.0,2,0.8272099873901129
MotherBoard,25719.0,2,1.083142902811894
MotherBoard,7019.0,2,-0.050967409602159605
MotherBoard,10384.0,2,0.1531117990220805
MotherBoard,5999.0,2,-0.11282797209747161
MotherBoard,14500.0,2,0.4027373629737513
MotherBoard,12205.0,2,0.26355109735929927
MotherBoard,2299.0,2,-0.33722413016870145
MotherBoard,4999.0,2,-0.17347558238699318
MotherBoard,4337.0,2,-0.21362430039865646
MotherBoard,2049.0,2,-0.3523860327410818
MotherBoard,2038.0,2,-0.35305315645426655
MotherBoard,13181.0,2,0.32274316500187233
MotherBoard,1790.0,2,-0.3680937638060679
MotherBoard,3980.0,2,-0.23527549727201566
MotherBoard,32952.0,2,1.5218070680360034
MotherBoard,10043.0,2,0.13243096391335363
MotherBoard,1945.0,2,-0.35869338421119207
MotherBoard,1974.0,2,-0.35693460351279593
MotherBoard,2591.0,2,-0.31951502796416115
MotherBoard,4256.0,2,-0.21853675683210771
MotherBoard,24449.0,2,1.0061204377442015
MotherBoard,2070.0,2,-0.3511124329250019
MotherBoard,6749.0,2,-0.06734226438033043
MotherBoard,9299.0,2,0.0873091418579496
MotherBoard,2449.0,2,-0.32812698862527323
MotherBoard,14269.0,2,0.38872776499687184
MotherBoard,1971.0,2,-0.3571165463436645
MotherBoard,23449.0,2,0.9454728274546799
MotherBoard,18821.0,2,0.664795687034774
MotherBoard,2478.0,2,-0.3263682079268771
MotherBoard,7499.0,2,-0.021856556663189246
MotherBoard,11499.0,2,0.22073388449489706
MotherBoard,23999.0,2,0.9788290131139168
MotherBoard,23699.0,2,0.9606347300270602
MotherBoard,23999.0,2,0.9788290131139168
MotherBoard,18999.0,2,0.6755909616663088
MotherBoard,25499.0,2,1.069800428548199
MotherBoard,20599.0,2,0.7726271381295434
MotherBoard,3790.0,2,-0.24679854322702477
MotherBoard,28844.0,2,1.2726666849666488
MotherBoard,1950.0,2,-0.35839014615974446
MotherBoard,7149.0,2,-0.0430832202645218
MotherBoard,8499.0,2,0.038791053626332325
MotherBoard,22499.0,2,0.8878575976796343
MotherBoard,12249.0,2,0.2662195922120382
MotherBoard,1976.0,2,-0.3568133082922169
MotherBoard,28149.0,2,1.2305165958154314
MotherBoard,30299.0,2,1.3609089579379028
MotherBoard,38999.0,2,1.8885431674567403
MotherBoard,3499.0,2,-0.26444699782127556
MotherBoard,5790.0,2,-0.1255033226479816
MotherBoard,26999.0,2,1.1607718439824815
MotherBoard,27399.0,2,1.18503088809829
MotherBoard,12999.0,2,0.3117052999291794
MotherBoard,11000.0,2,0.1904707269604258
MotherBoard,8500.0,2,0.03885170123662185
MotherBoard,17999.0,2,0.6149433513767874
MotherBoard,23161.0,2,0.9280063156912977
MotherBoard,11924.0,2,0.24650911886794372
MotherBoard,2999.0,2,-0.29477080296603636
MotherBoard,19667.0,2,0.7161035653397093
MotherBoard,35007.0,2,1.6464379071809703
MotherBoard,7200.0,2,-0.0399901921397562
MotherBoard,5499.0,2,-0.1431517772422324
MotherBoard,21585.0,2,0.8324256818750116
MotherBoard,16800.0,2,0.5422268666396509
MotherBoard,37199.0,2,1.7793774689356014
MotherBoard,18000.0,2,0.6150039989870768
MotherBoard,20799.0,2,0.7847566601874477
MotherBoard,16149.0,2,0.5027452723411724
MotherBoard,2390.0,2,-0.33170519763235495
MotherBoard,21499.0,2,0.8272099873901129
MotherBoard,2059.0,2,-0.3517795566381866
MotherBoard,55809.0,2,2.9080294964235978
MotherBoard,3475.0,2,-0.2659025404682241
MotherBoard,25609.0,2,1.0764716656800466
MotherBoard,15569.0,2,0.4675696583732499
MotherBoard,21949.0,2,0.8545014120203975
MotherBoard,21699.0,2,0.8393395094480172
MotherBoard,2690.0,2,-0.3135109145454985
MotherBoard,1999.0,2,-0.3554184132555579
MotherBoard,21699.0,2,0.8393395094480172
MotherBoard,21949.0,2,0.8545014120203975
MotherBoard,2199.0,2,-0.3432888911976536
MotherBoard,74078.0,2,4.016000688802867
MotherBoard,28999.0,2,1.2820670645615246
MotherBoard,1999.0,2,-0.3554184132555579
MotherBoard,2690.0,2,-0.3135109145454985
MotherBoard,12999.0,2,0.3117052999291794
MotherBoard,54999.0,2,2.8589049320890854
MotherBoard,17499.0,2,0.5846195462320265
MotherBoard,25498.0,2,1.0697397809379097
MotherBoard,5999.0,2,-0.11282797209747161
MotherBoard,2225.0,2,-0.34171205333012605
MotherBoard,27879.0,2,1.2141417410372604
MotherBoard,9500.0,2,0.09949931152614343
MotherBoard,11000.0,2,0.1904707269604258
MotherBoard,21009.0,2,0.7974926583482472
MotherBoard,28849.0,2,1.2729699230180964
MotherBoard,35999.0,2,1.7066003365881757
MotherBoard,22799.0,2,0.9060518807664909
MotherBoard,19039.0,2,0.6780168660778897
MotherBoard,4761.0,2,-0.1879097136358993
MotherBoard,13499.0,2,0.3420291050739402
MotherBoard,3050.0,2,-0.2916777748412707
MotherBoard,16999.0,2,0.5542957410872658
MotherBoard,26999.0,2,1.1607718439824815
MotherBoard,25606.0,2,1.076289722849178
MotherBoard,19799.0,2,0.7241090498979261
MotherBoard,8742.0,2,0.053528422926686074
MotherBoard,30002.0,2,1.3428966176819148
MotherBoard,3880.0,2,-0.24134025830096784
MotherBoard,4649.0,2,-0.19470224598832575
MotherBoard,2449.0,2,-0.32812698862527323
MotherBoard,26139.0,2,1.108614899133493
MotherBoard,37399.0,2,1.791506990993506
MotherBoard,14499.0,2,0.4026767153634618
MotherBoard,40513.0,2,1.980363649435076
MotherBoard,32100.0,2,1.470135304069331
MotherBoard,22532.0,2,0.8898589688191886
MotherBoard,2450.0,2,-0.32806634101498366
MotherBoard,2019.0,2,-0.35420546104976747
MotherBoard,29518.0,2,1.3135431743017862
MotherBoard,2310.0,2,-0.3365570064555167
MotherBoard,16999.0,2,0.5542957410872658
MotherBoard,2190.0,2,-0.3438347196902593
MotherBoard,4749.0,2,-0.18863748495937357
MotherBoard,3819.0,2,-0.24503976252862864
MotherBoard,2800.0,2,-0.30683967741365115
MotherBoard,2129.0,2,-0.3475342239179201
MotherBoard,3475.0,2,-0.2659025404682241
MotherBoard,2399.0,2,-0.3311593691397493
MotherBoard,345.0,2,-0.4557295606744266
MotherBoard,449.0,2,-0.44942220920431636
MotherBoard,5499.0,2,-0.1431517772422324
MotherBoard,1615.0,2,-0.3787070956067342
MotherBoard,5999.0,2,-0.11282797209747161
MotherBoard,2499.0,2,-0.3250946081107971
MotherBoard,5499.0,2,-0.1431517772422324
MotherBoard,4150.0,2,-0.224965403522797
MotherBoard,2399.0,2,-0.3311593691397493
MotherBoard,4289.0,2,-0.2165353856925535
MotherBoard,3750.0,2,-0.24922444763860563
MotherBoard,12400.0,2,0.275377381365756
MotherBoard,5062.0,2,-0.16965478293875333
MotherBoard,23499.0,2,0.9485052079691559
MotherBoard,4549.0,2,-0.2007670070172779
MotherBoard,5999.0,2,-0.11282797209747161
MotherBoard,6500.0,2,-0.0824435193424213
MotherBoard,5211.0,2,-0.16061828900561462
MotherBoard,202.0,2,-0.4644021689458282
MotherBoard,4500.0,2,-0.20373873992146446
MotherBoard,3249.0,2,-0.27960890039365593
MotherBoard,7499.0,2,-0.021856556663189246
MotherBoard,17649.0,2,0.5937166877754547
MotherBoard,331.0,2,-0.4565786272184799
MotherBoard,8948.0,2,0.06602183064632751
MotherBoard,7749.0,2,-0.006694654090808854
MotherBoard,2449.0,2,-0.32812698862527323
MotherBoard,2799.0,2,-0.30690032502394066
MotherBoard,4850.0,2,-0.1825120763201319
MotherBoard,9999.0,2,0.1297624690606147
MotherBoard,4699.0,2,-0.19166986547384965
MotherBoard,6349.0,2,-0.09160130849613905
MotherBoard,2500.0,2,-0.3250339605005076
MotherBoard,12999.0,2,0.3117052999291794
MotherBoard,1934.0,2,-0.3593605079243768
MotherBoard,2252.0,2,-0.34007456785230894
MotherBoard,2790.0,2,-0.30744615351654636
MotherBoard,2449.0,2,-0.32812698862527323
MotherBoard,5499.0,2,-0.1431517772422324
MotherBoard,6019.0,2,-0.11161501989168118
MotherBoard,5822.0,2,-0.12356259911871693
MotherBoard,2099.0,2,-0.34935365222660575
MotherBoard,9984.0,2,0.12885275490627188
MotherBoard,20299.0,2,0.7544328550426869
MotherBoard,2499.0,2,-0.3250946081107971
MotherBoard,12999.0,2,0.3117052999291794
MotherBoard,8999.0,2,0.06911485877109312
MotherBoard,8999.0,2,0.06911485877109312
MotherBoard,3990.0,2,-0.23466902116912045
MotherBoard,1799.0,2,-0.36754793531346225
MotherBoard,2465.0,2,-0.32715662686064084
MotherBoard,2499.0,2,-0.3250946081107971
MotherBoard,2299.0,2,-0.33722413016870145
MotherBoard,1699.0,2,-0.3736126963424144
MotherBoard,3799.0,2,-0.24625271473441906
MotherBoard,2449.0,2,-0.32812698862527323
MotherBoard,2899.0,2,-0.3008355639949885
MotherBoard,1650.0,2,-0.37658442924660096
MotherBoard,1999.0,2,-0.3554184132555579
MotherBoard,2449.0,2,-0.32812698862527323
MotherBoard,3347.0,2,-0.2736654345852828
MotherBoard,3399.0,2,-0.2705117588502277
MotherBoard,349.0,2,-0.4554869702332685
MotherBoard,4199.0,2,-0.22199367061861044
MotherBoard,331.0,2,-0.4565786272184799
MotherBoard,2700.0,2,-0.3129044384426033
MotherBoard,19667.0,2,0.7161035653397093
MotherBoard,58559.0,2,3.0748104247197823
MotherBoard,9649.0,2,0.10853580545928214
MotherBoard,5678.0,2,-0.13229585500040802
MotherBoard,2449.0,2,-0.32812698862527323
MotherBoard,3799.0,2,-0.24625271473441906
MotherBoard,2299.0,2,-0.33722413016870145
MotherBoard,8950.0,2,0.06614312586690656
MotherBoard,12999.0,2,0.3117052999291794
MotherBoard,2299.0,2,-0.33722413016870145
MotherBoard,2161.0,2,-0.34559350038865544
MotherBoard,13999.0,2,0.372352910218701
MotherBoard,5999.0,2,-0.11282797209747161
MotherBoard,2299.0,2,-0.33722413016870145
MotherBoard,8999.0,2,0.06911485877109312
MotherBoard,2104.0,2,-0.34905041417515814
MotherBoard,9389.0,2,0.09276742678400653
MotherBoard,5899.0,2,-0.11889273312642377
MotherBoard,33517.0,2,1.556072967849583
MotherBoard,6999.0,2,-0.052180361807950035
MotherBoard,5999.0,2,-0.11282797209747161
MotherBoard,35519.0,2,1.6774894836492054
MotherBoard,9800.0,2,0.1176935946129999
MotherBoard,2199.0,2,-0.3432888911976536
MotherBoard,15926.0,2,0.4892208552466091
MotherBoard,1999.0,2,-0.3554184132555579
MotherBoard,41739.0,2,2.054717619650029
MotherBoard,8899.0,2,0.06305009774214096
MotherBoard,8190.0,2,0.020050942046870163
MotherBoard,14462.0,2,0.4004327537827495
MotherBoard,3299.0,2,-0.27657651987917986
MotherBoard,11720.0,2,0.23413700636888132
MotherBoard,98999.0,2,5.5273997848280345
MotherBoard,29999.0,2,1.3427146748510461
MotherBoard,12179.0,2,0.2619742594917717
MotherBoard,17999.0,2,0.6149433513767874
MotherBoard,29950.0,2,1.3397429419468596
MotherBoard,8099.0,2,0.014532009510523698
MotherBoard,6999.0,2,-0.052180361807950035
MotherBoard,5499.0,2,-0.1431517772422324
MotherBoard,2225.0,2,-0.34171205333012605
MotherBoard,21499.0,2,0.8272099873901129
MotherBoard,25719.0,2,1.083142902811894
MotherBoard,7019.0,2,-0.050967409602159605
MotherBoard,10384.0,2,0.1531117990220805
MotherBoard,5999.0,2,-0.11282797209747161
MotherBoard,14500.0,2,0.4027373629737513
MotherBoard,12205.0,2,0.26355109735929927
MotherBoard,2299.0,2,-0.33722413016870145
MotherBoard,4999.0,2,-0.17347558238699318
MotherBoard,4337.0,2,-0.21362430039865646
MotherBoard,2049.0,2,-0.3523860327410818
MotherBoard,2038.0,2,-0.35305315645426655
MotherBoard,13181.0,2,0.32274316500187233
MotherBoard,1790.0,2,-0.3680937638060679
MotherBoard,3980.0,2,-0.23527549727201566
MotherBoard,32952.0,2,1.5218070680360034
MotherBoard,10043.0,2,0.13243096391335363
MotherBoard,1945.0,2,-0.35869338421119207
MotherBoard,1974.0,2,-0.35693460351279593
MotherBoard,2591.0,2,-0.31951502796416115
MotherBoard,4256.0,2,-0.21853675683210771
MotherBoard,24449.0,2,1.0061204377442015
MotherBoard,2070.0,2,-0.3511124329250019
MotherBoard,6749.0,2,-0.06734226438033043
MotherBoard,9299.0,2,0.0873091418579496
MotherBoard,2449.0,2,-0.32812698862527323
MotherBoard,14269.0,2,0.38872776499687184
MotherBoard,1971.0,2,-0.3571165463436645
MotherBoard,23449.0,2,0.9454728274546799
MotherBoard,18821.0,2,0.664795687034774
MotherBoard,2478.0,2,-0.3263682079268771
MotherBoard,7499.0,2,-0.021856556663189246
MotherBoard,11499.0,2,0.22073388449489706
MotherBoard,23999.0,2,0.9788290131139168
MotherBoard,23699.0,2,0.9606347300270602
MotherBoard,23999.0,2,0.9788290131139168
MotherBoard,18999.0,2,0.6755909616663088
MotherBoard,25499.0,2,1.069800428548199
MotherBoard,20599.0,2,0.7726271381295434
MotherBoard,3790.0,2,-0.24679854322702477
MotherBoard,28844.0,2,1.2726666849666488
MotherBoard,1950.0,2,-0.35839014615974446
MotherBoard,7149.0,2,-0.0430832202645218
MotherBoard,8499.0,2,0.038791053626332325
MotherBoard,22499.0,2,0.8878575976796343
MotherBoard,12249.0,2,0.2662195922120382
MotherBoard,1976.0,2,-0.3568133082922169
MotherBoard,28149.0,2,1.2305165958154314
MotherBoard,30299.0,2,1.3609089579379028
MotherBoard,38999.0,2,1.8885431674567403
MotherBoard,3499.0,2,-0.26444699782127556
MotherBoard,5790.0,2,-0.1255033226479816
MotherBoard,26999.0,2,1.1607718439824815
MotherBoard,27399.0,2,1.18503088809829
MotherBoard,12999.0,2,0.3117052999291794
MotherBoard,11000.0,2,0.1904707269604258
MotherBoard,8500.0,2,0.03885170123662185
MotherBoard,17999.0,2,0.6149433513767874
MotherBoard,23161.0,2,0.9280063156912977
MotherBoard,11924.0,2,0.24650911886794372
MotherBoard,2999.0,2,-0.29477080296603636
MotherBoard,19667.0,2,0.7161035653397093
MotherBoard,35007.0,2,1.6464379071809703
MotherBoard,7200.0,2,-0.0399901921397562
MotherBoard,5499.0,2,-0.1431517772422324
MotherBoard,21585.0,2,0.8324256818750116
MotherBoard,16800.0,2,0.5422268666396509
MotherBoard,37199.0,2,1.7793774689356014
MotherBoard,18000.0,2,0.6150039989870768
MotherBoard,20799.0,2,0.7847566601874477
MotherBoard,16149.0,2,0.5027452723411724
MotherBoard,2390.0,2,-0.33170519763235495
MotherBoard,21499.0,2,0.8272099873901129
MotherBoard,2059.0,2,-0.3517795566381866
MotherBoard,55809.0,2,2.9080294964235978
MotherBoard,3475.0,2,-0.2659025404682241
MotherBoard,25609.0,2,1.0764716656800466
MotherBoard,15569.0,2,0.4675696583732499
MotherBoard,21949.0,2,0.8545014120203975
MotherBoard,21699.0,2,0.8393395094480172
MotherBoard,2690.0,2,-0.3135109145454985
MotherBoard,1999.0,2,-0.3554184132555579
MotherBoard,21699.0,2,0.8393395094480172
MotherBoard,21949.0,2,0.8545014120203975
MotherBoard,2199.0,2,-0.3432888911976536
MotherBoard,74078.0,2,4.016000688802867
MotherBoard,28999.0,2,1.2820670645615246
MotherBoard,1999.0,2,-0.3554184132555579
MotherBoard,2690.0,2,-0.3135109145454985
MotherBoard,12999.0,2,0.3117052999291794
MotherBoard,54999.0,2,2.8589049320890854
MotherBoard,17499.0,2,0.5846195462320265
MotherBoard,25498.0,2,1.0697397809379097
MotherBoard,5999.0,2,-0.11282797209747161
MotherBoard,2225.0,2,-0.34171205333012605
MotherBoard,27879.0,2,1.2141417410372604
MotherBoard,9500.0,2,0.09949931152614343
MotherBoard,11000.0,2,0.1904707269604258
MotherBoard,21009.0,2,0.7974926583482472
MotherBoard,28849.0,2,1.2729699230180964
MotherBoard,35999.0,2,1.7066003365881757
MotherBoard,22799.0,2,0.9060518807664909
MotherBoard,19039.0,2,0.6780168660778897
MotherBoard,4761.0,2,-0.1879097136358993
MotherBoard,13499.0,2,0.3420291050739402
MotherBoard,3050.0,2,-0.2916777748412707
MotherBoard,16999.0,2,0.5542957410872658
MotherBoard,26999.0,2,1.1607718439824815
MotherBoard,25606.0,2,1.076289722849178
MotherBoard,19799.0,2,0.7241090498979261
MotherBoard,8742.0,2,0.053528422926686074
MotherBoard,30002.0,2,1.3428966176819148
MotherBoard,3880.0,2,-0.24134025830096784
MotherBoard,4649.0,2,-0.19470224598832575
MotherBoard,2449.0,2,-0.32812698862527323
MotherBoard,26139.0,2,1.108614899133493
MotherBoard,37399.0,2,1.791506990993506
MotherBoard,14499.0,2,0.4026767153634618
MotherBoard,40513.0,2,1.980363649435076
MotherBoard,32100.0,2,1.470135304069331
MotherBoard,22532.0,2,0.8898589688191886
MotherBoard,2450.0,2,-0.32806634101498366
MotherBoard,2019.0,2,-0.35420546104976747
MotherBoard,29518.0,2,1.3135431743017862
MotherBoard,2310.0,2,-0.3365570064555167
MotherBoard,16999.0,2,0.5542957410872658
MotherBoard,2190.0,2,-0.3438347196902593
MotherBoard,4749.0,2,-0.18863748495937357
MotherBoard,3819.0,2,-0.24503976252862864
MotherBoard,2800.0,2,-0.30683967741365115
MotherBoard,2129.0,2,-0.3475342239179201
MotherBoard,3475.0,2,-0.2659025404682241
MotherBoard,2399.0,2,-0.3311593691397493
MotherBoard,345.0,2,-0.4557295606744266
MotherBoard,449.0,2,-0.44942220920431636
MotherBoard,5499.0,2,-0.1431517772422324
MotherBoard,1615.0,2,-0.3787070956067342
MotherBoard,5999.0,2,-0.11282797209747161
MotherBoard,2499.0,2,-0.3250946081107971
MotherBoard,5499.0,2,-0.1431517772422324
MotherBoard,4150.0,2,-0.224965403522797
MotherBoard,2399.0,2,-0.3311593691397493
MotherBoard,4289.0,2,-0.2165353856925535
MotherBoard,3750.0,2,-0.24922444763860563
MotherBoard,12400.0,2,0.275377381365756
MotherBoard,5062.0,2,-0.16965478293875333
MotherBoard,23499.0,2,0.9485052079691559
MotherBoard,4549.0,2,-0.2007670070172779
MotherBoard,5999.0,2,-0.11282797209747161
MotherBoard,6500.0,2,-0.0824435193424213
MotherBoard,5211.0,2,-0.16061828900561462
MotherBoard,202.0,2,-0.4644021689458282
MotherBoard,4500.0,2,-0.20373873992146446
MotherBoard,3249.0,2,-0.27960890039365593
MotherBoard,7499.0,2,-0.021856556663189246
MotherBoard,17649.0,2,0.5937166877754547
MotherBoard,331.0,2,-0.4565786272184799
MotherBoard,8948.0,2,0.06602183064632751
MotherBoard,7749.0,2,-0.006694654090808854
MotherBoard,2449.0,2,-0.32812698862527323
MotherBoard,2799.0,2,-0.30690032502394066
MotherBoard,4850.0,2,-0.1825120763201319
MotherBoard,9999.0,2,0.1297624690606147
MotherBoard,4699.0,2,-0.19166986547384965
MotherBoard,6349.0,2,-0.09160130849613905
MotherBoard,2500.0,2,-0.3250339605005076
MotherBoard,12999.0,2,0.3117052999291794
MotherBoard,1934.0,2,-0.3593605079243768
MotherBoard,2252.0,2,-0.34007456785230894
MotherBoard,2790.0,2,-0.30744615351654636
MotherBoard,2449.0,2,-0.32812698862527323
MotherBoard,5499.0,2,-0.1431517772422324
MotherBoard,6019.0,2,-0.11161501989168118
MotherBoard,5822.0,2,-0.12356259911871693
MotherBoard,2099.0,2,-0.34935365222660575
MotherBoard,9984.0,2,0.12885275490627188
MotherBoard,20299.0,2,0.7544328550426869
MotherBoard,2499.0,2,-0.3250946081107971
MotherBoard,12999.0,2,0.3117052999291794
MotherBoard,8999.0,2,0.06911485877109312
MotherBoard,8999.0,2,0.06911485877109312
MotherBoard,3990.0,2,-0.23466902116912045
MotherBoard,1799.0,2,-0.36754793531346225
MotherBoard,2465.0,2,-0.32715662686064084
MotherBoard,2499.0,2,-0.3250946081107971
MotherBoard,2299.0,2,-0.33722413016870145
MotherBoard,1699.0,2,-0.3736126963424144
MotherBoard,3799.0,2,-0.24625271473441906
MotherBoard,2449.0,2,-0.32812698862527323
MotherBoard,2899.0,2,-0.3008355639949885
MotherBoard,1650.0,2,-0.37658442924660096
MotherBoard,1999.0,2,-0.3554184132555579
MotherBoard,2449.0,2,-0.32812698862527323
MotherBoard,3347.0,2,-0.2736654345852828
MotherBoard,3399.0,2,-0.2705117588502277
MotherBoard,349.0,2,-0.4554869702332685
MotherBoard,4199.0,2,-0.22199367061861044
MotherBoard,331.0,2,-0.4565786272184799
MotherBoard,2700.0,2,-0.3129044384426033
MotherBoard,19667.0,2,0.7161035653397093
MotherBoard,58559.0,2,3.0748104247197823
MotherBoard,9649.0,2,0.10853580545928214
MotherBoard,899.0,2,-0.42213078457403164
MotherBoard,1899.0,2,-0.36148317428451004
MotherBoard,4499.0,2,-0.20379938753175397
MotherBoard,1899.0,2,-0.36148317428451004
MotherBoard,2449.0,2,-0.32812698862527323
MotherBoard,331.0,2,-0.4565786272184799
MotherBoard,9700.0,2,0.11162883358404774
MotherBoard,2499.0,2,-0.3250946081107971
MotherBoard,899.0,2,-0.42213078457403164
MotherBoard,6299.0,2,-0.09463368901061514
MotherBoard,14729.0,2,0.4166256657300517
MotherBoard,44129.0,2,2.199665408241986
MotherBoard,31999.0,2,1.4640098954300893
MotherBoard,24599.0,2,1.0152175792876297
MotherBoard,25699.0,2,1.0819299506061035
MotherBoard,4199.0,2,-0.22199367061861044
MotherBoard,43201.0,2,2.1433844258933097
MotherBoard,5369.0,2,-0.1510359665798702
MotherBoard,2705.0,2,-0.3126012003911557
MotherBoard,2375.0,2,-0.3326149117866978
MotherBoard,31999.0,2,1.4640098954300893
MotherBoard,30499.0,2,1.373038479995807
MotherBoard,3399.0,2,-0.2705117588502277
MotherBoard,2499.0,2,-0.3250946081107971
MotherBoard,6499.0,2,-0.08250416695271082
MotherBoard,17999.0,2,0.6149433513767874
MotherBoard,32999.0,2,1.524657505719611
MotherBoard,16586.0,2,0.5292482780376934
MotherBoard,3199.0,2,-0.282641280908132
MotherBoard,1748.0,2,-0.37064096343822783
MotherBoard,2799.0,2,-0.30690032502394066
MotherBoard,2849.0,2,-0.3038679445094646
MotherBoard,39750.0,2,1.934089522784171
MotherBoard,3800.0,2,-0.24619206712412955
MotherBoard,24990.0,2,1.0389307949108326
MotherBoard,41599.0,2,2.046226954209496
MotherBoard,14999.0,2,0.4330005205082226
MotherBoard,39999.0,2,1.949190777746262
MotherBoard,3499.0,2,-0.26444699782127556
MotherBoard,24999.0,2,1.0394766234034383
MotherBoard,5678.0,2,-0.13229585500040802
MotherBoard,2449.0,2,-0.32812698862527323
MotherBoard,3799.0,2,-0.24625271473441906
MotherBoard,2299.0,2,-0.33722413016870145
MotherBoard,8950.0,2,0.06614312586690656
MotherBoard,12999.0,2,0.3117052999291794
MotherBoard,2299.0,2,-0.33722413016870145
MotherBoard,2161.0,2,-0.34559350038865544
MotherBoard,13999.0,2,0.372352910218701
MotherBoard,5999.0,2,-0.11282797209747161
MotherBoard,2299.0,2,-0.33722413016870145
MotherBoard,8999.0,2,0.06911485877109312
MotherBoard,2104.0,2,-0.34905041417515814
MotherBoard,9389.0,2,0.09276742678400653
MotherBoard,5899.0,2,-0.11889273312642377
MotherBoard,33517.0,2,1.556072967849583
MotherBoard,6999.0,2,-0.052180361807950035
MotherBoard,5999.0,2,-0.11282797209747161
MotherBoard,35519.0,2,1.6774894836492054
MotherBoard,9800.0,2,0.1176935946129999
MotherBoard,2199.0,2,-0.3432888911976536
MotherBoard,15926.0,2,0.4892208552466091
MotherBoard,1999.0,2,-0.3554184132555579
MotherBoard,41739.0,2,2.054717619650029
MotherBoard,8899.0,2,0.06305009774214096
MotherBoard,8190.0,2,0.020050942046870163
MotherBoard,14462.0,2,0.4004327537827495
MotherBoard,3299.0,2,-0.27657651987917986
MotherBoard,11720.0,2,0.23413700636888132
MotherBoard,98999.0,2,5.5273997848280345
MotherBoard,29999.0,2,1.3427146748510461
MotherBoard,12179.0,2,0.2619742594917717
MotherBoard,17999.0,2,0.6149433513767874
MotherBoard,29950.0,2,1.3397429419468596
MotherBoard,8099.0,2,0.014532009510523698
MotherBoard,6999.0,2,-0.052180361807950035
MotherBoard,5499.0,2,-0.1431517772422324
MotherBoard,2225.0,2,-0.34171205333012605
MotherBoard,21499.0,2,0.8272099873901129
MotherBoard,25719.0,2,1.083142902811894
MotherBoard,7019.0,2,-0.050967409602159605
MotherBoard,10384.0,2,0.1531117990220805
MotherBoard,5999.0,2,-0.11282797209747161
MotherBoard,14500.0,2,0.4027373629737513
MotherBoard,12205.0,2,0.26355109735929927
MotherBoard,2299.0,2,-0.33722413016870145
MotherBoard,4999.0,2,-0.17347558238699318
MotherBoard,4337.0,2,-0.21362430039865646
MotherBoard,2049.0,2,-0.3523860327410818
MotherBoard,2038.0,2,-0.35305315645426655
MotherBoard,13181.0,2,0.32274316500187233
MotherBoard,1790.0,2,-0.3680937638060679
MotherBoard,3980.0,2,-0.23527549727201566
MotherBoard,32952.0,2,1.5218070680360034
MotherBoard,10043.0,2,0.13243096391335363
MotherBoard,1945.0,2,-0.35869338421119207
MotherBoard,1974.0,2,-0.35693460351279593
MotherBoard,2591.0,2,-0.31951502796416115
MotherBoard,4256.0,2,-0.21853675683210771
MotherBoard,24449.0,2,1.0061204377442015
MotherBoard,2070.0,2,-0.3511124329250019
MotherBoard,6749.0,2,-0.06734226438033043
MotherBoard,9299.0,2,0.0873091418579496
MotherBoard,2449.0,2,-0.32812698862527323
MotherBoard,14269.0,2,0.38872776499687184
MotherBoard,1971.0,2,-0.3571165463436645
MotherBoard,23449.0,2,0.9454728274546799
MotherBoard,18821.0,2,0.664795687034774
MotherBoard,2478.0,2,-0.3263682079268771
MotherBoard,7499.0,2,-0.021856556663189246
MotherBoard,11499.0,2,0.22073388449489706
MotherBoard,23999.0,2,0.9788290131139168
MotherBoard,23699.0,2,0.9606347300270602
MotherBoard,23999.0,2,0.9788290131139168
MotherBoard,18999.0,2,0.6755909616663088
MotherBoard,25499.0,2,1.069800428548199
MotherBoard,20599.0,2,0.7726271381295434
MotherBoard,3790.0,2,-0.24679854322702477
MotherBoard,28844.0,2,1.2726666849666488
MotherBoard,1950.0,2,-0.35839014615974446
MotherBoard,7149.0,2,-0.0430832202645218
MotherBoard,8499.0,2,0.038791053626332325
MotherBoard,22499.0,2,0.8878575976796343
MotherBoard,12249.0,2,0.2662195922120382
MotherBoard,1976.0,2,-0.3568133082922169
MotherBoard,28149.0,2,1.2305165958154314
MotherBoard,30299.0,2,1.3609089579379028
MotherBoard,38999.0,2,1.8885431674567403
MotherBoard,3499.0,2,-0.26444699782127556
MotherBoard,5790.0,2,-0.1255033226479816
MotherBoard,26999.0,2,1.1607718439824815
MotherBoard,27399.0,2,1.18503088809829
MotherBoard,12999.0,2,0.3117052999291794
MotherBoard,11000.0,2,0.1904707269604258
MotherBoard,8500.0,2,0.03885170123662185
MotherBoard,17999.0,2,0.6149433513767874
MotherBoard,23161.0,2,0.9280063156912977
MotherBoard,11924.0,2,0.24650911886794372
MotherBoard,2999.0,2,-0.29477080296603636
MotherBoard,19667.0,2,0.7161035653397093
MotherBoard,35007.0,2,1.6464379071809703
MotherBoard,7200.0,2,-0.0399901921397562
MotherBoard,5499.0,2,-0.1431517772422324
MotherBoard,21585.0,2,0.8324256818750116
MotherBoard,16800.0,2,0.5422268666396509
MotherBoard,37199.0,2,1.7793774689356014
MotherBoard,18000.0,2,0.6150039989870768
MotherBoard,20799.0,2,0.7847566601874477
MotherBoard,16149.0,2,0.5027452723411724
MotherBoard,2390.0,2,-0.33170519763235495
MotherBoard,21499.0,2,0.8272099873901129
MotherBoard,2059.0,2,-0.3517795566381866
MotherBoard,55809.0,2,2.9080294964235978
MotherBoard,3475.0,2,-0.2659025404682241
MotherBoard,25609.0,2,1.0764716656800466
MotherBoard,15569.0,2,0.4675696583732499
MotherBoard,21949.0,2,0.8545014120203975
MotherBoard,21699.0,2,0.8393395094480172
MotherBoard,2690.0,2,-0.3135109145454985
MotherBoard,1999.0,2,-0.3554184132555579
MotherBoard,21699.0,2,0.8393395094480172
MotherBoard,21949.0,2,0.8545014120203975
MotherBoard,2199.0,2,-0.3432888911976536
MotherBoard,74078.0,2,4.016000688802867
MotherBoard,28999.0,2,1.2820670645615246
MotherBoard,1999.0,2,-0.3554184132555579
MotherBoard,2690.0,2,-0.3135109145454985
MotherBoard,12999.0,2,0.3117052999291794
MotherBoard,54999.0,2,2.8589049320890854
MotherBoard,17499.0,2,0.5846195462320265
MotherBoard,25498.0,2,1.0697397809379097
MotherBoard,5999.0,2,-0.11282797209747161
MotherBoard,2225.0,2,-0.34171205333012605
MotherBoard,27879.0,2,1.2141417410372604
MotherBoard,9500.0,2,0.09949931152614343
MotherBoard,11000.0,2,0.1904707269604258
MotherBoard,21009.0,2,0.7974926583482472
MotherBoard,28849.0,2,1.2729699230180964
MotherBoard,35999.0,2,1.7066003365881757
MotherBoard,22799.0,2,0.9060518807664909
MotherBoard,19039.0,2,0.6780168660778897
MotherBoard,4761.0,2,-0.1879097136358993
MotherBoard,13499.0,2,0.3420291050739402
MotherBoard,3050.0,2,-0.2916777748412707
MotherBoard,16999.0,2,0.5542957410872658
MotherBoard,26999.0,2,1.1607718439824815
MotherBoard,25606.0,2,1.076289722849178
MotherBoard,19799.0,2,0.7241090498979261
MotherBoard,8742.0,2,0.053528422926686074
MotherBoard,30002.0,2,1.3428966176819148
MotherBoard,3880.0,2,-0.24134025830096784
MotherBoard,4649.0,2,-0.19470224598832575
MotherBoard,2449.0,2,-0.32812698862527323
MotherBoard,26139.0,2,1.108614899133493
MotherBoard,37399.0,2,1.791506990993506
MotherBoard,14499.0,2,0.4026767153634618
MotherBoard,40513.0,2,1.980363649435076
MotherBoard,32100.0,2,1.470135304069331
MotherBoard,22532.0,2,0.8898589688191886
MotherBoard,2450.0,2,-0.32806634101498366
MotherBoard,2019.0,2,-0.35420546104976747
MotherBoard,29518.0,2,1.3135431743017862
MotherBoard,2310.0,2,-0.3365570064555167
MotherBoard,16999.0,2,0.5542957410872658
MotherBoard,2190.0,2,-0.3438347196902593
MotherBoard,4749.0,2,-0.18863748495937357
MotherBoard,3819.0,2,-0.24503976252862864
MotherBoard,2800.0,2,-0.30683967741365115
MotherBoard,2129.0,2,-0.3475342239179201
MotherBoard,3475.0,2,-0.2659025404682241
MotherBoard,2399.0,2,-0.3311593691397493
MotherBoard,345.0,2,-0.4557295606744266
MotherBoard,449.0,2,-0.44942220920431636
MotherBoard,5499.0,2,-0.1431517772422324
MotherBoard,1615.0,2,-0.3787070956067342
MotherBoard,5999.0,2,-0.11282797209747161
MotherBoard,2499.0,2,-0.3250946081107971
MotherBoard,5499.0,2,-0.1431517772422324
MotherBoard,4150.0,2,-0.224965403522797
MotherBoard,2399.0,2,-0.3311593691397493
MotherBoard,4289.0,2,-0.2165353856925535
MotherBoard,3750.0,2,-0.24922444763860563
MotherBoard,12400.0,2,0.275377381365756
MotherBoard,5062.0,2,-0.16965478293875333
MotherBoard,23499.0,2,0.9485052079691559
MotherBoard,4549.0,2,-0.2007670070172779
MotherBoard,5999.0,2,-0.11282797209747161
MotherBoard,6500.0,2,-0.0824435193424213
MotherBoard,5211.0,2,-0.16061828900561462
MotherBoard,202.0,2,-0.4644021689458282
MotherBoard,4500.0,2,-0.20373873992146446
MotherBoard,3249.0,2,-0.27960890039365593
MotherBoard,7499.0,2,-0.021856556663189246
MotherBoard,17649.0,2,0.5937166877754547
MotherBoard,331.0,2,-0.4565786272184799
MotherBoard,8948.0,2,0.06602183064632751
MotherBoard,7749.0,2,-0.006694654090808854
MotherBoard,2449.0,2,-0.32812698862527323
MotherBoard,2799.0,2,-0.30690032502394066
MotherBoard,4850.0,2,-0.1825120763201319
MotherBoard,9999.0,2,0.1297624690606147
MotherBoard,4699.0,2,-0.19166986547384965
MotherBoard,6349.0,2,-0.09160130849613905
MotherBoard,2500.0,2,-0.3250339605005076
MotherBoard,12999.0,2,0.3117052999291794
MotherBoard,1934.0,2,-0.3593605079243768
MotherBoard,2252.0,2,-0.34007456785230894
MotherBoard,2790.0,2,-0.30744615351654636
MotherBoard,2449.0,2,-0.32812698862527323
MotherBoard,5499.0,2,-0.1431517772422324
MotherBoard,6019.0,2,-0.11161501989168118
MotherBoard,5822.0,2,-0.12356259911871693
MotherBoard,2099.0,2,-0.34935365222660575
MotherBoard,9984.0,2,0.12885275490627188
MotherBoard,20299.0,2,0.7544328550426869
MotherBoard,2499.0,2,-0.3250946081107971
MotherBoard,12999.0,2,0.3117052999291794
MotherBoard,8999.0,2,0.06911485877109312
MotherBoard,8999.0,2,0.06911485877109312
MotherBoard,3990.0,2,-0.23466902116912045
MotherBoard,1799.0,2,-0.36754793531346225
MotherBoard,2465.0,2,-0.32715662686064084
MotherBoard,2499.0,2,-0.3250946081107971
MotherBoard,2299.0,2,-0.33722413016870145
MotherBoard,1699.0,2,-0.3736126963424144
MotherBoard,3799.0,2,-0.24625271473441906
MotherBoard,2449.0,2,-0.32812698862527323
MotherBoard,2899.0,2,-0.3008355639949885
MotherBoard,1650.0,2,-0.37658442924660096
MotherBoard,1999.0,2,-0.3554184132555579
MotherBoard,2449.0,2,-0.32812698862527323
MotherBoard,3347.0,2,-0.2736654345852828
MotherBoard,3399.0,2,-0.2705117588502277
MotherBoard,349.0,2,-0.4554869702332685
MotherBoard,4199.0,2,-0.22199367061861044
MotherBoard,331.0,2,-0.4565786272184799
MotherBoard,2700.0,2,-0.3129044384426033
MotherBoard,19667.0,2,0.7161035653397093
MotherBoard,58559.0,2,3.0748104247197823
MotherBoard,9649.0,2,0.10853580545928214
MotherBoard,899.0,2,-0.42213078457403164
MotherBoard,1899.0,2,-0.36148317428451004
MotherBoard,4499.0,2,-0.20379938753175397
MotherBoard,1899.0,2,-0.36148317428451004
MotherBoard,2449.0,2,-0.32812698862527323
MotherBoard,331.0,2,-0.4565786272184799
MotherBoard,9700.0,2,0.11162883358404774
MotherBoard,2499.0,2,-0.3250946081107971
MotherBoard,899.0,2,-0.42213078457403164
MotherBoard,6299.0,2,-0.09463368901061514
MotherBoard,14729.0,2,0.4166256657300517
MotherBoard,44129.0,2,2.199665408241986
MotherBoard,31999.0,2,1.4640098954300893
MotherBoard,24599.0,2,1.0152175792876297
MotherBoard,25699.0,2,1.0819299506061035
MotherBoard,4199.0,2,-0.22199367061861044
MotherBoard,43201.0,2,2.1433844258933097
MotherBoard,5369.0,2,-0.1510359665798702
MotherBoard,2705.0,2,-0.3126012003911557
MotherBoard,2375.0,2,-0.3326149117866978
MotherBoard,31999.0,2,1.4640098954300893
MotherBoard,30499.0,2,1.373038479995807
MotherBoard,3399.0,2,-0.2705117588502277
MotherBoard,2499.0,2,-0.3250946081107971
MotherBoard,6499.0,2,-0.08250416695271082
MotherBoard,17999.0,2,0.6149433513767874
MotherBoard,32999.0,2,1.524657505719611
MotherBoard,16586.0,2,0.5292482780376934
MotherBoard,3199.0,2,-0.282641280908132
MotherBoard,1748.0,2,-0.37064096343822783
MotherBoard,2799.0,2,-0.30690032502394066
MotherBoard,2849.0,2,-0.3038679445094646
MotherBoard,39750.0,2,1.934089522784171
MotherBoard,3800.0,2,-0.24619206712412955
MotherBoard,24990.0,2,1.0389307949108326
MotherBoard,41599.0,2,2.046226954209496
MotherBoard,14999.0,2,0.4330005205082226
MotherBoard,39999.0,2,1.949190777746262
MotherBoard,3499.0,2,-0.26444699782127556
MotherBoard,24999.0,2,1.0394766234034383
MotherBoard,14999.0,2,0.4330005205082226
MotherBoard,3499.0,2,-0.26444699782127556
MotherBoard,24999.0,2,1.0394766234034383
MotherBoard,23999.0,2,0.9788290131139168
MotherBoard,4400.0,2,-0.2098035009504166
MotherBoard,19999.0,2,0.7362385719558304
MotherBoard,2560.0,2,-0.3213951038831363
MotherBoard,24999.0,2,1.0394766234034383
MotherBoard,6999.0,2,-0.052180361807950035
MotherBoard,6999.0,2,-0.052180361807950035
MotherBoard,6999.0,2,-0.052180361807950035
MotherBoard,9999.0,2,0.1297624690606147
MotherBoard,2349.0,2,-0.3341917496542254
MotherBoard,5787.0,2,-0.12568526547885017
MotherBoard,8400.0,2,0.032786940207669694
MotherBoard,2999.0,2,-0.29477080296603636
MotherBoard,2180.0,2,-0.3444411957931545
MotherBoard,2450.0,2,-0.32806634101498366
MotherBoard,2999.0,2,-0.29477080296603636
MotherBoard,5549.0,2,-0.1401193967277563
MotherBoard,6750.0,2,-0.06728161677004091
MotherBoard,3000.0,2,-0.2947101553557468
MotherBoard,3299.0,2,-0.27657651987917986
MotherBoard,5999.0,2,-0.11282797209747161
MotherBoard,7180.0,2,-0.04120314434554663
MotherBoard,2399.0,2,-0.3311593691397493
MotherBoard,7499.0,2,-0.021856556663189246
MotherBoard,2700.0,2,-0.3129044384426033
MotherBoard,6999.0,2,-0.052180361807950035
MotherBoard,5850.0,2,-0.12186446603061032
MotherBoard,2430.0,2,-0.3292792932207741
MotherBoard,2299.0,2,-0.33722413016870145
MotherBoard,3200.0,2,-0.2825806332978425
MotherBoard,5800.0,2,-0.1248968465450864
MotherBoard,2849.0,2,-0.3038679445094646
MotherBoard,2499.0,2,-0.3250946081107971
MotherBoard,3299.0,2,-0.27657651987917986
MotherBoard,6900.0,2,-0.05818447522661267
MotherBoard,19500.0,2,0.7059754144213591
MotherBoard,2449.0,2,-0.32812698862527323
RAM,760.0,4,-0.43056080240427513
RAM,425.0,4,-0.4508777518512649
RAM,1285.0,4,-0.3987208070022763
RAM,3290.0,4,-0.27712234837178557
RAM,1975.0,4,-0.3568739559025064
RAM,1939.0,4,-0.3590572698729292
RAM,3979.0,4,-0.2353361448823052
RAM,780.0,4,-0.4293478501984847
RAM,1490.0,4,-0.3862880468929244
RAM,2845.0,4,-0.3041105349506227
RAM,784.0,4,-0.4291052597573266
RAM,2195.0,4,-0.3435314816388117
RAM,1049.0,4,-0.4130336430306034
RAM,2071.0,4,-0.3510517853147124
RAM,395.0,4,-0.45269718015995053
RAM,4270.0,4,-0.2176876902880544
RAM,1999.0,4,-0.3554184132555579
RAM,308.0,4,-0.4579735222551389
RAM,5490.0,4,-0.14369760573483809
RAM,33599.0,4,1.561046071893324
RAM,499.0,4,-0.4463898286898403
RAM,4969.0,4,-0.17529501069567882
RAM,13999.0,4,0.372352910218701
RAM,490.0,4,-0.446935657182446
RAM,799.0,4,-0.4281955456029838
RAM,890.0,4,-0.42267661306663734
RAM,3600.0,4,-0.25832158918203385
RAM,1075.0,4,-0.41145680516307587
RAM,28699.0,4,1.2638727814746682
RAM,680.0,4,-0.43541261122743685
RAM,11361.0,4,0.21236451427494307
RAM,460.0,4,-0.44875508549113163
RAM,495.0,4,-0.4466324191309984
RAM,445.0,4,-0.44966479964547446
RAM,12799.0,4,0.2995757778712751
RAM,10950.0,4,0.1874383464459497
RAM,2600.0,4,-0.31896919947155544
RAM,10266.0,4,0.14595538100791694
RAM,375.0,4,-0.45391013236574096
RAM,32999.0,4,1.524657505719611
RAM,760.0,4,-0.43056080240427513
RAM,425.0,4,-0.4508777518512649
RAM,1285.0,4,-0.3987208070022763
RAM,3290.0,4,-0.27712234837178557
RAM,1975.0,4,-0.3568739559025064
RAM,1939.0,4,-0.3590572698729292
RAM,3979.0,4,-0.2353361448823052
RAM,780.0,4,-0.4293478501984847
RAM,1490.0,4,-0.3862880468929244
RAM,2845.0,4,-0.3041105349506227
RAM,784.0,4,-0.4291052597573266
RAM,2195.0,4,-0.3435314816388117
RAM,1049.0,4,-0.4130336430306034
RAM,2071.0,4,-0.3510517853147124
RAM,395.0,4,-0.45269718015995053
RAM,4270.0,4,-0.2176876902880544
RAM,1999.0,4,-0.3554184132555579
RAM,308.0,4,-0.4579735222551389
RAM,5490.0,4,-0.14369760573483809
RAM,33599.0,4,1.561046071893324
RAM,499.0,4,-0.4463898286898403
RAM,4969.0,4,-0.17529501069567882
RAM,13999.0,4,0.372352910218701
RAM,490.0,4,-0.446935657182446
RAM,799.0,4,-0.4281955456029838
RAM,890.0,4,-0.42267661306663734
RAM,3600.0,4,-0.25832158918203385
RAM,1075.0,4,-0.41145680516307587
RAM,28699.0,4,1.2638727814746682
RAM,680.0,4,-0.43541261122743685
RAM,11361.0,4,0.21236451427494307
RAM,460.0,4,-0.44875508549113163
RAM,495.0,4,-0.4466324191309984
RAM,445.0,4,-0.44966479964547446
RAM,12799.0,4,0.2995757778712751
RAM,10950.0,4,0.1874383464459497
RAM,2600.0,4,-0.31896919947155544
RAM,10266.0,4,0.14595538100791694
RAM,375.0,4,-0.45391013236574096
RAM,32999.0,4,1.524657505719611
RAM,10266.0,4,0.14595538100791694
RAM,375.0,4,-0.45391013236574096
RAM,2695.0,4,-0.3132076764940509
RAM,32999.0,4,1.524657505719611
RAM,980.0,4,-0.4172183281405804
RAM,10399.0,4,0.15402151317642332
RAM,466.0,4,-0.4483911998293945
RAM,395.0,4,-0.45269718015995053
RAM,890.0,4,-0.42267661306663734
RAM,1975.0,4,-0.3568739559025064
RAM,699.0,4,-0.434260306631936
RAM,88999.0,4,4.920923681932819
RAM,697.0,4,-0.434381601852515
RAM,395.0,4,-0.45269718015995053
RAM,1799.0,4,-0.36754793531346225
RAM,1620.0,4,-0.3784038575552866
RAM,530.0,4,-0.44450975277086513
RAM,2345.0,4,-0.3344343400953835
RAM,1999.0,4,-0.3554184132555579
RAM,599.0,4,-0.44032506766088814
RAM,273.0,4,-0.46009618861527213
RAM,1700.0,4,-0.3735520487321249
RAM,4399.0,4,-0.20986414856070612
RAM,490.0,4,-0.446935657182446
RAM,460.0,4,-0.44875508549113163
RAM,689.0,4,-0.4348667827348312
RAM,1299.0,4,-0.397871740458223
RAM,320.0,4,-0.45724575093166464
RAM,1249.0,4,-0.4009041209726991
RAM,759.0,4,-0.43062145001456464
RAM,360.0,4,-0.4548198465200838
RAM,2369.0,4,-0.33297879744843495
RAM,683.0,4,-0.4352306683965683
RAM,395.0,4,-0.45269718015995053
RAM,820.0,4,-0.42692194578690384
RAM,849.0,4,-0.4251631650885077
RAM,1540.0,4,-0.3832556663784483
RAM,464.0,4,-0.44851249504997354
RAM,16799.0,4,0.5421662190293614
RAM,740.0,4,-0.43177375461006556
RAM,760.0,4,-0.43056080240427513
RAM,425.0,4,-0.4508777518512649
RAM,1285.0,4,-0.3987208070022763
RAM,3290.0,4,-0.27712234837178557
RAM,1975.0,4,-0.3568739559025064
RAM,1939.0,4,-0.3590572698729292
RAM,3979.0,4,-0.2353361448823052
RAM,780.0,4,-0.4293478501984847
RAM,1490.0,4,-0.3862880468929244
RAM,2845.0,4,-0.3041105349506227
RAM,784.0,4,-0.4291052597573266
RAM,2195.0,4,-0.3435314816388117
RAM,1049.0,4,-0.4130336430306034
RAM,2071.0,4,-0.3510517853147124
RAM,395.0,4,-0.45269718015995053
RAM,4270.0,4,-0.2176876902880544
RAM,1999.0,4,-0.3554184132555579
RAM,308.0,4,-0.4579735222551389
RAM,5490.0,4,-0.14369760573483809
RAM,33599.0,4,1.561046071893324
RAM,499.0,4,-0.4463898286898403
RAM,4969.0,4,-0.17529501069567882
RAM,13999.0,4,0.372352910218701
RAM,490.0,4,-0.446935657182446
RAM,799.0,4,-0.4281955456029838
RAM,890.0,4,-0.42267661306663734
RAM,3600.0,4,-0.25832158918203385
RAM,1075.0,4,-0.41145680516307587
RAM,28699.0,4,1.2638727814746682
RAM,680.0,4,-0.43541261122743685
RAM,11361.0,4,0.21236451427494307
RAM,460.0,4,-0.44875508549113163
RAM,495.0,4,-0.4466324191309984
RAM,445.0,4,-0.44966479964547446
RAM,12799.0,4,0.2995757778712751
RAM,10950.0,4,0.1874383464459497
RAM,2600.0,4,-0.31896919947155544
RAM,10266.0,4,0.14595538100791694
RAM,375.0,4,-0.45391013236574096
RAM,32999.0,4,1.524657505719611
RAM,10266.0,4,0.14595538100791694
RAM,375.0,4,-0.45391013236574096
RAM,2695.0,4,-0.3132076764940509
RAM,32999.0,4,1.524657505719611
RAM,980.0,4,-0.4172183281405804
RAM,10399.0,4,0.15402151317642332
RAM,466.0,4,-0.4483911998293945
RAM,395.0,4,-0.45269718015995053
RAM,890.0,4,-0.42267661306663734
RAM,1975.0,4,-0.3568739559025064
RAM,699.0,4,-0.434260306631936
RAM,88999.0,4,4.920923681932819
RAM,697.0,4,-0.434381601852515
RAM,395.0,4,-0.45269718015995053
RAM,1799.0,4,-0.36754793531346225
RAM,1620.0,4,-0.3784038575552866
RAM,530.0,4,-0.44450975277086513
RAM,2345.0,4,-0.3344343400953835
RAM,1999.0,4,-0.3554184132555579
RAM,599.0,4,-0.44032506766088814
RAM,273.0,4,-0.46009618861527213
RAM,1700.0,4,-0.3735520487321249
RAM,4399.0,4,-0.20986414856070612
RAM,490.0,4,-0.446935657182446
RAM,460.0,4,-0.44875508549113163
RAM,689.0,4,-0.4348667827348312
RAM,1299.0,4,-0.397871740458223
RAM,320.0,4,-0.45724575093166464
RAM,1249.0,4,-0.4009041209726991
RAM,759.0,4,-0.43062145001456464
RAM,360.0,4,-0.4548198465200838
RAM,2369.0,4,-0.33297879744843495
RAM,683.0,4,-0.4352306683965683
RAM,395.0,4,-0.45269718015995053
RAM,820.0,4,-0.42692194578690384
RAM,849.0,4,-0.4251631650885077
RAM,1540.0,4,-0.3832556663784483
RAM,464.0,4,-0.44851249504997354
RAM,16799.0,4,0.5421662190293614
RAM,740.0,4,-0.43177375461006556
RAM,1339.0,4,-0.39544583604664213
RAM,28199.0,4,1.2335489763299075
RAM,819.0,4,-0.42698259339719336
RAM,1075.0,4,-0.41145680516307587
RAM,1639.0,4,-0.3772515529597857
RAM,1619.0,4,-0.3784645051655761
RAM,2690.0,4,-0.3135109145454985
RAM,479.0,4,-0.4476027808956307
RAM,1199.0,4,-0.4039365014871752
RAM,2650.0,4,-0.31593681895707937
RAM,299.0,4,-0.4585193507477446
RAM,820.0,4,-0.42692194578690384
RAM,2280.0,4,-0.33837643476420237
RAM,990.0,4,-0.4166118520376852
RAM,499.0,4,-0.4463898286898403
RAM,1499.0,4,-0.3857422184003187
RAM,599.0,4,-0.44032506766088814
RAM,1299.0,4,-0.397871740458223
RAM,6999.0,4,-0.052180361807950035
RAM,1795.0,4,-0.3677905257546203
RAM,1299.0,4,-0.397871740458223
RAM,3415.0,4,-0.2695413970855954
RAM,2290.0,4,-0.33776995866130716
RAM,10199.0,4,0.141891991118519
RAM,1699.0,4,-0.3736126963424144
RAM,12672.0,4,0.2918735313645059
RAM,3290.0,4,-0.27712234837178557
RAM,1299.0,4,-0.397871740458223
RAM,810.0,4,-0.42752842188979906
RAM,13745.0,4,0.3569484172051625
RAM,380.0,4,-0.45360689431429335
RAM,10950.0,4,0.1874383464459497
RAM,2500.0,4,-0.3250339605005076
RAM,1199.0,4,-0.4039365014871752
RAM,549.0,4,-0.4433574481753642
RAM,498.0,4,-0.4464504763001298
RAM,825.0,4,-0.42661870773545624
RAM,1600.0,4,-0.37961680976107703
RAM,2149.0,4,-0.3463212717121297
RAM,699.0,4,-0.434260306631936
RAM,760.0,4,-0.43056080240427513
RAM,425.0,4,-0.4508777518512649
RAM,1285.0,4,-0.3987208070022763
RAM,3290.0,4,-0.27712234837178557
RAM,1975.0,4,-0.3568739559025064
RAM,1939.0,4,-0.3590572698729292
RAM,3979.0,4,-0.2353361448823052
RAM,780.0,4,-0.4293478501984847
RAM,1490.0,4,-0.3862880468929244
RAM,2845.0,4,-0.3041105349506227
RAM,784.0,4,-0.4291052597573266
RAM,2195.0,4,-0.3435314816388117
RAM,1049.0,4,-0.4130336430306034
RAM,2071.0,4,-0.3510517853147124
RAM,395.0,4,-0.45269718015995053
RAM,4270.0,4,-0.2176876902880544
RAM,1999.0,4,-0.3554184132555579
RAM,308.0,4,-0.4579735222551389
RAM,5490.0,4,-0.14369760573483809
RAM,33599.0,4,1.561046071893324
RAM,499.0,4,-0.4463898286898403
RAM,4969.0,4,-0.17529501069567882
RAM,13999.0,4,0.372352910218701
RAM,490.0,4,-0.446935657182446
RAM,799.0,4,-0.4281955456029838
RAM,890.0,4,-0.42267661306663734
RAM,3600.0,4,-0.25832158918203385
RAM,1075.0,4,-0.41145680516307587
RAM,28699.0,4,1.2638727814746682
RAM,680.0,4,-0.43541261122743685
RAM,11361.0,4,0.21236451427494307
RAM,460.0,4,-0.44875508549113163
RAM,495.0,4,-0.4466324191309984
RAM,445.0,4,-0.44966479964547446
RAM,12799.0,4,0.2995757778712751
RAM,10950.0,4,0.1874383464459497
RAM,2600.0,4,-0.31896919947155544
RAM,10266.0,4,0.14595538100791694
RAM,375.0,4,-0.45391013236574096
RAM,32999.0,4,1.524657505719611
RAM,10266.0,4,0.14595538100791694
RAM,375.0,4,-0.45391013236574096
RAM,2695.0,4,-0.3132076764940509
RAM,32999.0,4,1.524657505719611
RAM,980.0,4,-0.4172183281405804
RAM,10399.0,4,0.15402151317642332
RAM,466.0,4,-0.4483911998293945
RAM,395.0,4,-0.45269718015995053
RAM,890.0,4,-0.42267661306663734
RAM,1975.0,4,-0.3568739559025064
RAM,699.0,4,-0.434260306631936
RAM,88999.0,4,4.920923681932819
RAM,697.0,4,-0.434381601852515
RAM,395.0,4,-0.45269718015995053
RAM,1799.0,4,-0.36754793531346225
RAM,1620.0,4,-0.3784038575552866
RAM,530.0,4,-0.44450975277086513
RAM,2345.0,4,-0.3344343400953835
RAM,1999.0,4,-0.3554184132555579
RAM,599.0,4,-0.44032506766088814
RAM,273.0,4,-0.46009618861527213
RAM,1700.0,4,-0.3735520487321249
RAM,4399.0,4,-0.20986414856070612
RAM,490.0,4,-0.446935657182446
RAM,460.0,4,-0.44875508549113163
RAM,689.0,4,-0.4348667827348312
RAM,1299.0,4,-0.397871740458223
RAM,320.0,4,-0.45724575093166464
RAM,1249.0,4,-0.4009041209726991
RAM,759.0,4,-0.43062145001456464
RAM,360.0,4,-0.4548198465200838
RAM,2369.0,4,-0.33297879744843495
RAM,683.0,4,-0.4352306683965683
RAM,395.0,4,-0.45269718015995053
RAM,820.0,4,-0.42692194578690384
RAM,849.0,4,-0.4251631650885077
RAM,1540.0,4,-0.3832556663784483
RAM,464.0,4,-0.44851249504997354
RAM,16799.0,4,0.5421662190293614
RAM,740.0,4,-0.43177375461006556
RAM,1339.0,4,-0.39544583604664213
RAM,28199.0,4,1.2335489763299075
RAM,819.0,4,-0.42698259339719336
RAM,1075.0,4,-0.41145680516307587
RAM,1639.0,4,-0.3772515529597857
RAM,1619.0,4,-0.3784645051655761
RAM,2690.0,4,-0.3135109145454985
RAM,479.0,4,-0.4476027808956307
RAM,1199.0,4,-0.4039365014871752
RAM,2650.0,4,-0.31593681895707937
RAM,299.0,4,-0.4585193507477446
RAM,820.0,4,-0.42692194578690384
RAM,2280.0,4,-0.33837643476420237
RAM,990.0,4,-0.4166118520376852
RAM,499.0,4,-0.4463898286898403
RAM,1499.0,4,-0.3857422184003187
RAM,599.0,4,-0.44032506766088814
RAM,1299.0,4,-0.397871740458223
RAM,6999.0,4,-0.052180361807950035
RAM,1795.0,4,-0.3677905257546203
RAM,1299.0,4,-0.397871740458223
RAM,3415.0,4,-0.2695413970855954
RAM,2290.0,4,-0.33776995866130716
RAM,10199.0,4,0.141891991118519
RAM,1699.0,4,-0.3736126963424144
RAM,12672.0,4,0.2918735313645059
RAM,3290.0,4,-0.27712234837178557
RAM,1299.0,4,-0.397871740458223
RAM,810.0,4,-0.42752842188979906
RAM,13745.0,4,0.3569484172051625
RAM,380.0,4,-0.45360689431429335
RAM,10950.0,4,0.1874383464459497
RAM,2500.0,4,-0.3250339605005076
RAM,1199.0,4,-0.4039365014871752
RAM,549.0,4,-0.4433574481753642
RAM,498.0,4,-0.4464504763001298
RAM,825.0,4,-0.42661870773545624
RAM,1600.0,4,-0.37961680976107703
RAM,2149.0,4,-0.3463212717121297
RAM,699.0,4,-0.434260306631936
RAM,699.0,4,-0.434260306631936
RAM,1299.0,4,-0.397871740458223
RAM,266.0,4,-0.4605207218872988
RAM,990.0,4,-0.4166118520376852
RAM,1540.0,4,-0.3832556663784483
RAM,649.0,4,-0.43729268714641206
RAM,2690.0,4,-0.3135109145454985
RAM,2000.0,4,-0.3553577656452684
RAM,654.0,4,-0.43698944909496445
RAM,1125.0,4,-0.4084244246485998
RAM,433.0,4,-0.4503925709689487
RAM,3680.0,4,-0.25346978035887213
RAM,1490.0,4,-0.3862880468929244
RAM,1299.0,4,-0.397871740458223
RAM,2590.0,4,-0.31957567557445066
RAM,323.0,4,-0.45706380810079605
RAM,433.0,4,-0.4503925709689487
RAM,460.0,4,-0.44875508549113163
RAM,322.0,4,-0.4571244557110856
RAM,1643.0,4,-0.3770089625186276
RAM,464.0,4,-0.44851249504997354
RAM,1768.0,4,-0.3694280112324374
RAM,940.0,4,-0.41964423255216127
RAM,438.0,4,-0.4500893329175011
RAM,789.0,4,-0.428802021705879
RAM,1799.0,4,-0.36754793531346225
RAM,2140.0,4,-0.3468671002047354
RAM,724.0,4,-0.4327441163746979
RAM,323.0,4,-0.45706380810079605
RAM,384.0,4,-0.45336430387313525
RAM,4000.0,4,-0.23406254506622523
RAM,463.0,4,-0.44857314266026305
RAM,3750.0,4,-0.24922444763860563
RAM,10950.0,4,0.1874383464459497
RAM,928.0,4,-0.4203720038756355
RAM,345.0,4,-0.4557295606744266
RAM,599.0,4,-0.44032506766088814
RAM,1290.0,4,-0.3984175689508287
RAM,664.0,4,-0.43638297299206924
RAM,784.0,4,-0.4291052597573266
RAM,760.0,4,-0.43056080240427513
RAM,425.0,4,-0.4508777518512649
RAM,1285.0,4,-0.3987208070022763
RAM,3290.0,4,-0.27712234837178557
RAM,1975.0,4,-0.3568739559025064
RAM,1939.0,4,-0.3590572698729292
RAM,3979.0,4,-0.2353361448823052
RAM,780.0,4,-0.4293478501984847
RAM,1490.0,4,-0.3862880468929244
RAM,2845.0,4,-0.3041105349506227
RAM,784.0,4,-0.4291052597573266
RAM,2195.0,4,-0.3435314816388117
RAM,1049.0,4,-0.4130336430306034
RAM,2071.0,4,-0.3510517853147124
RAM,395.0,4,-0.45269718015995053
RAM,4270.0,4,-0.2176876902880544
RAM,1999.0,4,-0.3554184132555579
RAM,308.0,4,-0.4579735222551389
RAM,5490.0,4,-0.14369760573483809
RAM,33599.0,4,1.561046071893324
RAM,499.0,4,-0.4463898286898403
RAM,4969.0,4,-0.17529501069567882
RAM,13999.0,4,0.372352910218701
RAM,490.0,4,-0.446935657182446
RAM,799.0,4,-0.4281955456029838
RAM,890.0,4,-0.42267661306663734
RAM,3600.0,4,-0.25832158918203385
RAM,1075.0,4,-0.41145680516307587
RAM,28699.0,4,1.2638727814746682
RAM,680.0,4,-0.43541261122743685
RAM,11361.0,4,0.21236451427494307
RAM,460.0,4,-0.44875508549113163
RAM,495.0,4,-0.4466324191309984
RAM,445.0,4,-0.44966479964547446
RAM,12799.0,4,0.2995757778712751
RAM,10950.0,4,0.1874383464459497
RAM,2600.0,4,-0.31896919947155544
RAM,10266.0,4,0.14595538100791694
RAM,375.0,4,-0.45391013236574096
RAM,32999.0,4,1.524657505719611
RAM,10266.0,4,0.14595538100791694
RAM,375.0,4,-0.45391013236574096
RAM,2695.0,4,-0.3132076764940509
RAM,32999.0,4,1.524657505719611
RAM,980.0,4,-0.4172183281405804
RAM,10399.0,4,0.15402151317642332
RAM,466.0,4,-0.4483911998293945
RAM,395.0,4,-0.45269718015995053
RAM,890.0,4,-0.42267661306663734
RAM,1975.0,4,-0.3568739559025064
RAM,699.0,4,-0.434260306631936
RAM,88999.0,4,4.920923681932819
RAM,697.0,4,-0.434381601852515
RAM,395.0,4,-0.45269718015995053
RAM,1799.0,4,-0.36754793531346225
RAM,1620.0,4,-0.3784038575552866
RAM,530.0,4,-0.44450975277086513
RAM,2345.0,4,-0.3344343400953835
RAM,1999.0,4,-0.3554184132555579
RAM,599.0,4,-0.44032506766088814
RAM,273.0,4,-0.46009618861527213
RAM,1700.0,4,-0.3735520487321249
RAM,4399.0,4,-0.20986414856070612
RAM,490.0,4,-0.446935657182446
RAM,460.0,4,-0.44875508549113163
RAM,689.0,4,-0.4348667827348312
RAM,1299.0,4,-0.397871740458223
RAM,320.0,4,-0.45724575093166464
RAM,1249.0,4,-0.4009041209726991
RAM,759.0,4,-0.43062145001456464
RAM,360.0,4,-0.4548198465200838
RAM,2369.0,4,-0.33297879744843495
RAM,683.0,4,-0.4352306683965683
RAM,395.0,4,-0.45269718015995053
RAM,820.0,4,-0.42692194578690384
RAM,849.0,4,-0.4251631650885077
RAM,1540.0,4,-0.3832556663784483
RAM,464.0,4,-0.44851249504997354
RAM,16799.0,4,0.5421662190293614
RAM,740.0,4,-0.43177375461006556
RAM,1339.0,4,-0.39544583604664213
RAM,28199.0,4,1.2335489763299075
RAM,819.0,4,-0.42698259339719336
RAM,1075.0,4,-0.41145680516307587
RAM,1639.0,4,-0.3772515529597857
RAM,1619.0,4,-0.3784645051655761
RAM,2690.0,4,-0.3135109145454985
RAM,479.0,4,-0.4476027808956307
RAM,1199.0,4,-0.4039365014871752
RAM,2650.0,4,-0.31593681895707937
RAM,299.0,4,-0.4585193507477446
RAM,820.0,4,-0.42692194578690384
RAM,2280.0,4,-0.33837643476420237
RAM,990.0,4,-0.4166118520376852
RAM,499.0,4,-0.4463898286898403
RAM,1499.0,4,-0.3857422184003187
RAM,599.0,4,-0.44032506766088814
RAM,1299.0,4,-0.397871740458223
RAM,6999.0,4,-0.052180361807950035
RAM,1795.0,4,-0.3677905257546203
RAM,1299.0,4,-0.397871740458223
RAM,3415.0,4,-0.2695413970855954
RAM,2290.0,4,-0.33776995866130716
RAM,10199.0,4,0.141891991118519
RAM,1699.0,4,-0.3736126963424144
RAM,12672.0,4,0.2918735313645059
RAM,3290.0,4,-0.27712234837178557
RAM,1299.0,4,-0.397871740458223
RAM,810.0,4,-0.42752842188979906
RAM,13745.0,4,0.3569484172051625
RAM,380.0,4,-0.45360689431429335
RAM,10950.0,4,0.1874383464459497
RAM,2500.0,4,-0.3250339605005076
RAM,1199.0,4,-0.4039365014871752
RAM,549.0,4,-0.4433574481753642
RAM,498.0,4,-0.4464504763001298
RAM,825.0,4,-0.42661870773545624
RAM,1600.0,4,-0.37961680976107703
RAM,2149.0,4,-0.3463212717121297
RAM,699.0,4,-0.434260306631936
RAM,699.0,4,-0.434260306631936
RAM,1299.0,4,-0.397871740458223
RAM,266.0,4,-0.4605207218872988
RAM,990.0,4,-0.4166118520376852
RAM,1540.0,4,-0.3832556663784483
RAM,649.0,4,-0.43729268714641206
RAM,2690.0,4,-0.3135109145454985
RAM,2000.0,4,-0.3553577656452684
RAM,654.0,4,-0.43698944909496445
RAM,1125.0,4,-0.4084244246485998
RAM,433.0,4,-0.4503925709689487
RAM,3680.0,4,-0.25346978035887213
RAM,1490.0,4,-0.3862880468929244
RAM,1299.0,4,-0.397871740458223
RAM,2590.0,4,-0.31957567557445066
RAM,323.0,4,-0.45706380810079605
RAM,433.0,4,-0.4503925709689487
RAM,460.0,4,-0.44875508549113163
RAM,322.0,4,-0.4571244557110856
RAM,1643.0,4,-0.3770089625186276
RAM,464.0,4,-0.44851249504997354
RAM,1768.0,4,-0.3694280112324374
RAM,940.0,4,-0.41964423255216127
RAM,438.0,4,-0.4500893329175011
RAM,789.0,4,-0.428802021705879
RAM,1799.0,4,-0.36754793531346225
RAM,2140.0,4,-0.3468671002047354
RAM,724.0,4,-0.4327441163746979
RAM,323.0,4,-0.45706380810079605
RAM,384.0,4,-0.45336430387313525
RAM,4000.0,4,-0.23406254506622523
RAM,463.0,4,-0.44857314266026305
RAM,3750.0,4,-0.24922444763860563
RAM,10950.0,4,0.1874383464459497
RAM,928.0,4,-0.4203720038756355
RAM,345.0,4,-0.4557295606744266
RAM,599.0,4,-0.44032506766088814
RAM,1290.0,4,-0.3984175689508287
RAM,664.0,4,-0.43638297299206924
RAM,784.0,4,-0.4291052597573266
RAM,579.0,4,-0.44153801986667857
RAM,5500.0,4,-0.14309112963194287
RAM,900.0,4,-0.4220701369637421
RAM,419.0,4,-0.451241637513002
RAM,699.0,4,-0.434260306631936
RAM,2499.0,4,-0.3250946081107971
RAM,999.0,4,-0.4160660235450795
RAM,5486.0,4,-0.14394019617599618
RAM,1285.0,4,-0.3987208070022763
RAM,899.0,4,-0.42213078457403164
RAM,819.0,4,-0.42698259339719336
RAM,9187.0,4,0.08051660950552317
RAM,366.0,4,-0.45445596085834666
RAM,1305.0,4,-0.39750785479648587
RAM,499.0,4,-0.4463898286898403
RAM,433.0,4,-0.4503925709689487
RAM,860.0,4,-0.424496041375323
RAM,1525.0,4,-0.38416538053279115
RAM,307.0,4,-0.45803416986542844
RAM,325.0,4,-0.45694251288021703
RAM,429.0,4,-0.4506351614101068
RAM,839.0,4,-0.4257696411914029
RAM,366.0,4,-0.45445596085834666
RAM,2950.0,4,-0.29774253587022287
RAM,395.0,4,-0.45269718015995053
RAM,320.0,4,-0.45724575093166464
RAM,1199.0,4,-0.4039365014871752
RAM,1200.0,4,-0.4038758538768856
RAM,495.0,4,-0.4466324191309984
RAM,430.0,4,-0.4505745137998173
RAM,1599.0,4,-0.37967745737136654
RAM,3321.0,4,-0.2752422724528104
RAM,4435.0,4,-0.20768083459028336
RAM,1849.0,4,-0.3645155547989862
RAM,2618.0,4,-0.31787754248634403
RAM,3499.0,4,-0.26444699782127556
RAM,1691.0,4,-0.37409787722473054
RAM,460.0,4,-0.44875508549113163
RAM,266.0,4,-0.4605207218872988
RAM,395.0,4,-0.45269718015995053
RAM,760.0,4,-0.43056080240427513
RAM,425.0,4,-0.4508777518512649
RAM,1285.0,4,-0.3987208070022763
RAM,3290.0,4,-0.27712234837178557
RAM,1975.0,4,-0.3568739559025064
RAM,1939.0,4,-0.3590572698729292
RAM,3979.0,4,-0.2353361448823052
RAM,780.0,4,-0.4293478501984847
RAM,1490.0,4,-0.3862880468929244
RAM,2845.0,4,-0.3041105349506227
RAM,784.0,4,-0.4291052597573266
RAM,2195.0,4,-0.3435314816388117
RAM,1049.0,4,-0.4130336430306034
RAM,2071.0,4,-0.3510517853147124
RAM,395.0,4,-0.45269718015995053
RAM,4270.0,4,-0.2176876902880544
RAM,1999.0,4,-0.3554184132555579
RAM,308.0,4,-0.4579735222551389
RAM,5490.0,4,-0.14369760573483809
RAM,33599.0,4,1.561046071893324
RAM,499.0,4,-0.4463898286898403
RAM,4969.0,4,-0.17529501069567882
RAM,13999.0,4,0.372352910218701
RAM,490.0,4,-0.446935657182446
RAM,799.0,4,-0.4281955456029838
RAM,890.0,4,-0.42267661306663734
RAM,3600.0,4,-0.25832158918203385
RAM,1075.0,4,-0.41145680516307587
RAM,28699.0,4,1.2638727814746682
RAM,680.0,4,-0.43541261122743685
RAM,11361.0,4,0.21236451427494307
RAM,460.0,4,-0.44875508549113163
RAM,495.0,4,-0.4466324191309984
RAM,445.0,4,-0.44966479964547446
RAM,12799.0,4,0.2995757778712751
RAM,10950.0,4,0.1874383464459497
RAM,2600.0,4,-0.31896919947155544
RAM,10266.0,4,0.14595538100791694
RAM,375.0,4,-0.45391013236574096
RAM,32999.0,4,1.524657505719611
RAM,10266.0,4,0.14595538100791694
RAM,375.0,4,-0.45391013236574096
RAM,2695.0,4,-0.3132076764940509
RAM,32999.0,4,1.524657505719611
RAM,980.0,4,-0.4172183281405804
RAM,10399.0,4,0.15402151317642332
RAM,466.0,4,-0.4483911998293945
RAM,395.0,4,-0.45269718015995053
RAM,890.0,4,-0.42267661306663734
RAM,1975.0,4,-0.3568739559025064
RAM,699.0,4,-0.434260306631936
RAM,88999.0,4,4.920923681932819
RAM,697.0,4,-0.434381601852515
RAM,395.0,4,-0.45269718015995053
RAM,1799.0,4,-0.36754793531346225
RAM,1620.0,4,-0.3784038575552866
RAM,530.0,4,-0.44450975277086513
RAM,2345.0,4,-0.3344343400953835
RAM,1999.0,4,-0.3554184132555579
RAM,599.0,4,-0.44032506766088814
RAM,273.0,4,-0.46009618861527213
RAM,1700.0,4,-0.3735520487321249
RAM,4399.0,4,-0.20986414856070612
RAM,490.0,4,-0.446935657182446
RAM,460.0,4,-0.44875508549113163
RAM,689.0,4,-0.4348667827348312
RAM,1299.0,4,-0.397871740458223
RAM,320.0,4,-0.45724575093166464
RAM,1249.0,4,-0.4009041209726991
RAM,759.0,4,-0.43062145001456464
RAM,360.0,4,-0.4548198465200838
RAM,2369.0,4,-0.33297879744843495
RAM,683.0,4,-0.4352306683965683
RAM,395.0,4,-0.45269718015995053
RAM,820.0,4,-0.42692194578690384
RAM,849.0,4,-0.4251631650885077
RAM,1540.0,4,-0.3832556663784483
RAM,464.0,4,-0.44851249504997354
RAM,16799.0,4,0.5421662190293614
RAM,740.0,4,-0.43177375461006556
RAM,1339.0,4,-0.39544583604664213
RAM,28199.0,4,1.2335489763299075
RAM,819.0,4,-0.42698259339719336
RAM,1075.0,4,-0.41145680516307587
RAM,1639.0,4,-0.3772515529597857
RAM,1619.0,4,-0.3784645051655761
RAM,2690.0,4,-0.3135109145454985
RAM,479.0,4,-0.4476027808956307
RAM,1199.0,4,-0.4039365014871752
RAM,2650.0,4,-0.31593681895707937
RAM,299.0,4,-0.4585193507477446
RAM,820.0,4,-0.42692194578690384
RAM,2280.0,4,-0.33837643476420237
RAM,990.0,4,-0.4166118520376852
RAM,499.0,4,-0.4463898286898403
RAM,1499.0,4,-0.3857422184003187
RAM,599.0,4,-0.44032506766088814
RAM,1299.0,4,-0.397871740458223
RAM,6999.0,4,-0.052180361807950035
RAM,1795.0,4,-0.3677905257546203
RAM,1299.0,4,-0.397871740458223
RAM,3415.0,4,-0.2695413970855954
RAM,2290.0,4,-0.33776995866130716
RAM,10199.0,4,0.141891991118519
RAM,1699.0,4,-0.3736126963424144
RAM,12672.0,4,0.2918735313645059
RAM,3290.0,4,-0.27712234837178557
RAM,1299.0,4,-0.397871740458223
RAM,810.0,4,-0.42752842188979906
RAM,13745.0,4,0.3569484172051625
RAM,380.0,4,-0.45360689431429335
RAM,10950.0,4,0.1874383464459497
RAM,2500.0,4,-0.3250339605005076
RAM,1199.0,4,-0.4039365014871752
RAM,549.0,4,-0.4433574481753642
RAM,498.0,4,-0.4464504763001298
RAM,825.0,4,-0.42661870773545624
RAM,1600.0,4,-0.37961680976107703
RAM,2149.0,4,-0.3463212717121297
RAM,699.0,4,-0.434260306631936
RAM,699.0,4,-0.434260306631936
RAM,1299.0,4,-0.397871740458223
RAM,266.0,4,-0.4605207218872988
RAM,990.0,4,-0.4166118520376852
RAM,1540.0,4,-0.3832556663784483
RAM,649.0,4,-0.43729268714641206
RAM,2690.0,4,-0.3135109145454985
RAM,2000.0,4,-0.3553577656452684
RAM,654.0,4,-0.43698944909496445
RAM,1125.0,4,-0.4084244246485998
RAM,433.0,4,-0.4503925709689487
RAM,3680.0,4,-0.25346978035887213
RAM,1490.0,4,-0.3862880468929244
RAM,1299.0,4,-0.397871740458223
RAM,2590.0,4,-0.31957567557445066
RAM,323.0,4,-0.45706380810079605
RAM,433.0,4,-0.4503925709689487
RAM,460.0,4,-0.44875508549113163
RAM,322.0,4,-0.4571244557110856
RAM,1643.0,4,-0.3770089625186276
RAM,464.0,4,-0.44851249504997354
RAM,1768.0,4,-0.3694280112324374
RAM,940.0,4,-0.41964423255216127
RAM,438.0,4,-0.4500893329175011
RAM,789.0,4,-0.428802021705879
RAM,1799.0,4,-0.36754793531346225
RAM,2140.0,4,-0.3468671002047354
RAM,724.0,4,-0.4327441163746979
RAM,323.0,4,-0.45706380810079605
RAM,384.0,4,-0.45336430387313525
RAM,4000.0,4,-0.23406254506622523
RAM,463.0,4,-0.44857314266026305
RAM,3750.0,4,-0.24922444763860563
RAM,10950.0,4,0.1874383464459497
RAM,928.0,4,-0.4203720038756355
RAM,345.0,4,-0.4557295606744266
RAM,599.0,4,-0.44032506766088814
RAM,1290.0,4,-0.3984175689508287
RAM,664.0,4,-0.43638297299206924
RAM,784.0,4,-0.4291052597573266
RAM,579.0,4,-0.44153801986667857
RAM,5500.0,4,-0.14309112963194287
RAM,900.0,4,-0.4220701369637421
RAM,419.0,4,-0.451241637513002
RAM,699.0,4,-0.434260306631936
RAM,2499.0,4,-0.3250946081107971
RAM,999.0,4,-0.4160660235450795
RAM,5486.0,4,-0.14394019617599618
RAM,1285.0,4,-0.3987208070022763
RAM,899.0,4,-0.42213078457403164
RAM,819.0,4,-0.42698259339719336
RAM,9187.0,4,0.08051660950552317
RAM,366.0,4,-0.45445596085834666
RAM,1305.0,4,-0.39750785479648587
RAM,499.0,4,-0.4463898286898403
RAM,433.0,4,-0.4503925709689487
RAM,860.0,4,-0.424496041375323
RAM,1525.0,4,-0.38416538053279115
RAM,307.0,4,-0.45803416986542844
RAM,325.0,4,-0.45694251288021703
RAM,429.0,4,-0.4506351614101068
RAM,839.0,4,-0.4257696411914029
RAM,366.0,4,-0.45445596085834666
RAM,2950.0,4,-0.29774253587022287
RAM,395.0,4,-0.45269718015995053
RAM,320.0,4,-0.45724575093166464
RAM,1199.0,4,-0.4039365014871752
RAM,1200.0,4,-0.4038758538768856
RAM,495.0,4,-0.4466324191309984
RAM,430.0,4,-0.4505745137998173
RAM,1599.0,4,-0.37967745737136654
RAM,3321.0,4,-0.2752422724528104
RAM,4435.0,4,-0.20768083459028336
RAM,1849.0,4,-0.3645155547989862
RAM,2618.0,4,-0.31787754248634403
RAM,3499.0,4,-0.26444699782127556
RAM,1691.0,4,-0.37409787722473054
RAM,460.0,4,-0.44875508549113163
RAM,266.0,4,-0.4605207218872988
RAM,395.0,4,-0.45269718015995053
RAM,2678.0,4,-0.31423868586897274
RAM,433.0,4,-0.4503925709689487
RAM,911.0,4,-0.4214030132505574
RAM,395.0,4,-0.45269718015995053
RAM,549.0,4,-0.4433574481753642
RAM,989.0,4,-0.4166724996479747
RAM,1299.0,4,-0.397871740458223
RAM,349.0,4,-0.4554869702332685
RAM,888.0,4,-0.42279790828721636
RAM,1100.0,4,-0.40994061490583783
RAM,459.0,4,-0.44881573310142114
RAM,449.0,4,-0.44942220920431636
RAM,1525.0,4,-0.38416538053279115
RAM,3849.0,4,-0.243220334219943
RAM,947.0,4,-0.4192196992801346
RAM,1799.0,4,-0.36754793531346225
RAM,8679.0,4,0.04970762347844621
RAM,1499.0,4,-0.3857422184003187
RAM,395.0,4,-0.45269718015995053
RAM,499.0,4,-0.4463898286898403
RAM,2799.0,4,-0.30690032502394066
RAM,799.0,4,-0.4281955456029838
RAM,849.0,4,-0.4251631650885077
RAM,849.0,4,-0.4251631650885077
RAM,456.0,4,-0.44899767593228973
RAM,879.0,4,-0.42334373677982207
RAM,1399.0,4,-0.39180697942927084
RAM,699.0,4,-0.434260306631936
RAM,997.0,4,-0.4161873187656585
RAM,950.0,4,-0.41903775644926605
RAM,499.0,4,-0.4463898286898403
RAM,395.0,4,-0.45269718015995053
RAM,266.0,4,-0.4605207218872988
RAM,1399.0,4,-0.39180697942927084
RAM,323.0,4,-0.45706380810079605
RAM,2350.0,4,-0.3341311020439358
RAM,2849.0,4,-0.3038679445094646
RAM,792.0,4,-0.42862007887501047
RAM,399.0,4,-0.45245458971879243
RAM,760.0,4,-0.43056080240427513
RAM,425.0,4,-0.4508777518512649
RAM,1285.0,4,-0.3987208070022763
RAM,3290.0,4,-0.27712234837178557
RAM,1975.0,4,-0.3568739559025064
RAM,1939.0,4,-0.3590572698729292
RAM,3979.0,4,-0.2353361448823052
RAM,780.0,4,-0.4293478501984847
RAM,1490.0,4,-0.3862880468929244
RAM,2845.0,4,-0.3041105349506227
RAM,784.0,4,-0.4291052597573266
RAM,2195.0,4,-0.3435314816388117
RAM,1049.0,4,-0.4130336430306034
RAM,2071.0,4,-0.3510517853147124
RAM,395.0,4,-0.45269718015995053
RAM,4270.0,4,-0.2176876902880544
RAM,1999.0,4,-0.3554184132555579
RAM,308.0,4,-0.4579735222551389
RAM,5490.0,4,-0.14369760573483809
RAM,33599.0,4,1.561046071893324
RAM,499.0,4,-0.4463898286898403
RAM,4969.0,4,-0.17529501069567882
RAM,13999.0,4,0.372352910218701
RAM,490.0,4,-0.446935657182446
RAM,799.0,4,-0.4281955456029838
RAM,890.0,4,-0.42267661306663734
RAM,3600.0,4,-0.25832158918203385
RAM,1075.0,4,-0.41145680516307587
RAM,28699.0,4,1.2638727814746682
RAM,680.0,4,-0.43541261122743685
RAM,11361.0,4,0.21236451427494307
RAM,460.0,4,-0.44875508549113163
RAM,495.0,4,-0.4466324191309984
RAM,445.0,4,-0.44966479964547446
RAM,12799.0,4,0.2995757778712751
RAM,10950.0,4,0.1874383464459497
RAM,2600.0,4,-0.31896919947155544
RAM,10266.0,4,0.14595538100791694
RAM,375.0,4,-0.45391013236574096
RAM,32999.0,4,1.524657505719611
RAM,10266.0,4,0.14595538100791694
RAM,375.0,4,-0.45391013236574096
RAM,2695.0,4,-0.3132076764940509
RAM,32999.0,4,1.524657505719611
RAM,980.0,4,-0.4172183281405804
RAM,10399.0,4,0.15402151317642332
RAM,466.0,4,-0.4483911998293945
RAM,395.0,4,-0.45269718015995053
RAM,890.0,4,-0.42267661306663734
RAM,1975.0,4,-0.3568739559025064
RAM,699.0,4,-0.434260306631936
RAM,88999.0,4,4.920923681932819
RAM,697.0,4,-0.434381601852515
RAM,395.0,4,-0.45269718015995053
RAM,1799.0,4,-0.36754793531346225
RAM,1620.0,4,-0.3784038575552866
RAM,530.0,4,-0.44450975277086513
RAM,2345.0,4,-0.3344343400953835
RAM,1999.0,4,-0.3554184132555579
RAM,599.0,4,-0.44032506766088814
RAM,273.0,4,-0.46009618861527213
RAM,1700.0,4,-0.3735520487321249
RAM,4399.0,4,-0.20986414856070612
RAM,490.0,4,-0.446935657182446
RAM,460.0,4,-0.44875508549113163
RAM,689.0,4,-0.4348667827348312
RAM,1299.0,4,-0.397871740458223
RAM,320.0,4,-0.45724575093166464
RAM,1249.0,4,-0.4009041209726991
RAM,759.0,4,-0.43062145001456464
RAM,360.0,4,-0.4548198465200838
RAM,2369.0,4,-0.33297879744843495
RAM,683.0,4,-0.4352306683965683
RAM,395.0,4,-0.45269718015995053
RAM,820.0,4,-0.42692194578690384
RAM,849.0,4,-0.4251631650885077
RAM,1540.0,4,-0.3832556663784483
RAM,464.0,4,-0.44851249504997354
RAM,16799.0,4,0.5421662190293614
RAM,740.0,4,-0.43177375461006556
RAM,1339.0,4,-0.39544583604664213
RAM,28199.0,4,1.2335489763299075
RAM,819.0,4,-0.42698259339719336
RAM,1075.0,4,-0.41145680516307587
RAM,1639.0,4,-0.3772515529597857
RAM,1619.0,4,-0.3784645051655761
RAM,2690.0,4,-0.3135109145454985
RAM,479.0,4,-0.4476027808956307
RAM,1199.0,4,-0.4039365014871752
RAM,2650.0,4,-0.31593681895707937
RAM,299.0,4,-0.4585193507477446
RAM,820.0,4,-0.42692194578690384
RAM,2280.0,4,-0.33837643476420237
RAM,990.0,4,-0.4166118520376852
RAM,499.0,4,-0.4463898286898403
RAM,1499.0,4,-0.3857422184003187
RAM,599.0,4,-0.44032506766088814
RAM,1299.0,4,-0.397871740458223
RAM,6999.0,4,-0.052180361807950035
RAM,1795.0,4,-0.3677905257546203
RAM,1299.0,4,-0.397871740458223
RAM,3415.0,4,-0.2695413970855954
RAM,2290.0,4,-0.33776995866130716
RAM,10199.0,4,0.141891991118519
RAM,1699.0,4,-0.3736126963424144
RAM,12672.0,4,0.2918735313645059
RAM,3290.0,4,-0.27712234837178557
RAM,1299.0,4,-0.397871740458223
RAM,810.0,4,-0.42752842188979906
RAM,13745.0,4,0.3569484172051625
RAM,380.0,4,-0.45360689431429335
RAM,10950.0,4,0.1874383464459497
RAM,2500.0,4,-0.3250339605005076
RAM,1199.0,4,-0.4039365014871752
RAM,549.0,4,-0.4433574481753642
RAM,498.0,4,-0.4464504763001298
RAM,825.0,4,-0.42661870773545624
RAM,1600.0,4,-0.37961680976107703
RAM,2149.0,4,-0.3463212717121297
RAM,699.0,4,-0.434260306631936
RAM,699.0,4,-0.434260306631936
RAM,1299.0,4,-0.397871740458223
RAM,266.0,4,-0.4605207218872988
RAM,990.0,4,-0.4166118520376852
RAM,1540.0,4,-0.3832556663784483
RAM,649.0,4,-0.43729268714641206
RAM,2690.0,4,-0.3135109145454985
RAM,2000.0,4,-0.3553577656452684
RAM,654.0,4,-0.43698944909496445
RAM,1125.0,4,-0.4084244246485998
RAM,433.0,4,-0.4503925709689487
RAM,3680.0,4,-0.25346978035887213
RAM,1490.0,4,-0.3862880468929244
RAM,1299.0,4,-0.397871740458223
RAM,2590.0,4,-0.31957567557445066
RAM,323.0,4,-0.45706380810079605
RAM,433.0,4,-0.4503925709689487
RAM,460.0,4,-0.44875508549113163
RAM,322.0,4,-0.4571244557110856
RAM,1643.0,4,-0.3770089625186276
RAM,464.0,4,-0.44851249504997354
RAM,1768.0,4,-0.3694280112324374
RAM,940.0,4,-0.41964423255216127
RAM,438.0,4,-0.4500893329175011
RAM,789.0,4,-0.428802021705879
RAM,1799.0,4,-0.36754793531346225
RAM,2140.0,4,-0.3468671002047354
RAM,724.0,4,-0.4327441163746979
RAM,323.0,4,-0.45706380810079605
RAM,384.0,4,-0.45336430387313525
RAM,4000.0,4,-0.23406254506622523
RAM,463.0,4,-0.44857314266026305
RAM,3750.0,4,-0.24922444763860563
RAM,10950.0,4,0.1874383464459497
RAM,928.0,4,-0.4203720038756355
RAM,345.0,4,-0.4557295606744266
RAM,599.0,4,-0.44032506766088814
RAM,1290.0,4,-0.3984175689508287
RAM,664.0,4,-0.43638297299206924
RAM,784.0,4,-0.4291052597573266
RAM,579.0,4,-0.44153801986667857
RAM,5500.0,4,-0.14309112963194287
RAM,900.0,4,-0.4220701369637421
RAM,419.0,4,-0.451241637513002
RAM,699.0,4,-0.434260306631936
RAM,2499.0,4,-0.3250946081107971
RAM,999.0,4,-0.4160660235450795
RAM,5486.0,4,-0.14394019617599618
RAM,1285.0,4,-0.3987208070022763
RAM,899.0,4,-0.42213078457403164
RAM,819.0,4,-0.42698259339719336
RAM,9187.0,4,0.08051660950552317
RAM,366.0,4,-0.45445596085834666
RAM,1305.0,4,-0.39750785479648587
RAM,499.0,4,-0.4463898286898403
RAM,433.0,4,-0.4503925709689487
RAM,860.0,4,-0.424496041375323
RAM,1525.0,4,-0.38416538053279115
RAM,307.0,4,-0.45803416986542844
RAM,325.0,4,-0.45694251288021703
RAM,429.0,4,-0.4506351614101068
RAM,839.0,4,-0.4257696411914029
RAM,366.0,4,-0.45445596085834666
RAM,2950.0,4,-0.29774253587022287
RAM,395.0,4,-0.45269718015995053
RAM,320.0,4,-0.45724575093166464
RAM,1199.0,4,-0.4039365014871752
RAM,1200.0,4,-0.4038758538768856
RAM,495.0,4,-0.4466324191309984
RAM,430.0,4,-0.4505745137998173
RAM,1599.0,4,-0.37967745737136654
RAM,3321.0,4,-0.2752422724528104
RAM,4435.0,4,-0.20768083459028336
RAM,1849.0,4,-0.3645155547989862
RAM,2618.0,4,-0.31787754248634403
RAM,3499.0,4,-0.26444699782127556
RAM,1691.0,4,-0.37409787722473054
RAM,460.0,4,-0.44875508549113163
RAM,266.0,4,-0.4605207218872988
RAM,395.0,4,-0.45269718015995053
RAM,2678.0,4,-0.31423868586897274
RAM,433.0,4,-0.4503925709689487
RAM,911.0,4,-0.4214030132505574
RAM,395.0,4,-0.45269718015995053
RAM,549.0,4,-0.4433574481753642
RAM,989.0,4,-0.4166724996479747
RAM,1299.0,4,-0.397871740458223
RAM,349.0,4,-0.4554869702332685
RAM,888.0,4,-0.42279790828721636
RAM,1100.0,4,-0.40994061490583783
RAM,459.0,4,-0.44881573310142114
RAM,449.0,4,-0.44942220920431636
RAM,1525.0,4,-0.38416538053279115
RAM,3849.0,4,-0.243220334219943
RAM,947.0,4,-0.4192196992801346
RAM,1799.0,4,-0.36754793531346225
RAM,8679.0,4,0.04970762347844621
RAM,1499.0,4,-0.3857422184003187
RAM,395.0,4,-0.45269718015995053
RAM,499.0,4,-0.4463898286898403
RAM,2799.0,4,-0.30690032502394066
RAM,799.0,4,-0.4281955456029838
RAM,849.0,4,-0.4251631650885077
RAM,849.0,4,-0.4251631650885077
RAM,456.0,4,-0.44899767593228973
RAM,879.0,4,-0.42334373677982207
RAM,1399.0,4,-0.39180697942927084
RAM,699.0,4,-0.434260306631936
RAM,997.0,4,-0.4161873187656585
RAM,950.0,4,-0.41903775644926605
RAM,499.0,4,-0.4463898286898403
RAM,395.0,4,-0.45269718015995053
RAM,266.0,4,-0.4605207218872988
RAM,1399.0,4,-0.39180697942927084
RAM,323.0,4,-0.45706380810079605
RAM,2350.0,4,-0.3341311020439358
RAM,2849.0,4,-0.3038679445094646
RAM,792.0,4,-0.42862007887501047
RAM,399.0,4,-0.45245458971879243
RAM,599.0,4,-0.44032506766088814
RAM,1390.0,4,-0.39235280792187655
RAM,599.0,4,-0.44032506766088814
RAM,449.0,4,-0.44942220920431636
RAM,1730.0,4,-0.37173262042343924
RAM,6997.0,4,-0.052301657028529076
RAM,849.0,4,-0.4251631650885077
RAM,1750.0,4,-0.3705196682176488
RAM,2400.0,4,-0.33109872152945974
RAM,911.0,4,-0.4214030132505574
RAM,2400.0,4,-0.33109872152945974
RAM,1850.0,4,-0.3644549071886966
RAM,2275.0,4,-0.33867967281565
RAM,1300.0,4,-0.3978110928479335
RAM,1899.0,4,-0.36148317428451004
RAM,4250.0,4,-0.21890064249384486
RAM,4999.0,4,-0.17347558238699318
RAM,1099.0,4,-0.41000126251612734
RAM,1140.0,4,-0.40751471049425697
RAM,850.0,4,-0.4251025174782182
RAM,1500.0,4,-0.3856815707900292
RAM,508.0,4,-0.4458440001972346
RAM,1800.0,4,-0.3674872877031727
RAM,1180.0,4,-0.40508880608267606
RAM,9172.0,4,0.07960689535118035
RAM,16999.0,4,0.5542957410872658
RAM,14599.0,4,0.4087414763924139
RAM,4999.0,4,-0.17347558238699318
RAM,6299.0,4,-0.09463368901061514
RAM,1795.0,4,-0.3677905257546203
RAM,1395.0,4,-0.39204956987042894
RAM,2024.0,4,-0.35390222299831986
RAM,7599.0,4,-0.01579179563423709
RAM,11361.0,4,0.21236451427494307
RAM,1709.0,4,-0.3730062202395192
RAM,10950.0,4,0.1874383464459497
RAM,28599.0,4,1.257808020445716
RAM,2999.0,4,-0.29477080296603636
RAM,10266.0,4,0.14595538100791694
RAM,1550.0,4,-0.3826491902755531
RAM,760.0,4,-0.43056080240427513
RAM,425.0,4,-0.4508777518512649
RAM,1285.0,4,-0.3987208070022763
RAM,3290.0,4,-0.27712234837178557
RAM,1975.0,4,-0.3568739559025064
RAM,1939.0,4,-0.3590572698729292
RAM,3979.0,4,-0.2353361448823052
RAM,780.0,4,-0.4293478501984847
RAM,1490.0,4,-0.3862880468929244
RAM,2845.0,4,-0.3041105349506227
RAM,784.0,4,-0.4291052597573266
RAM,2195.0,4,-0.3435314816388117
RAM,1049.0,4,-0.4130336430306034
RAM,2071.0,4,-0.3510517853147124
RAM,395.0,4,-0.45269718015995053
RAM,4270.0,4,-0.2176876902880544
RAM,1999.0,4,-0.3554184132555579
RAM,308.0,4,-0.4579735222551389
RAM,5490.0,4,-0.14369760573483809
RAM,33599.0,4,1.561046071893324
RAM,499.0,4,-0.4463898286898403
RAM,4969.0,4,-0.17529501069567882
RAM,13999.0,4,0.372352910218701
RAM,490.0,4,-0.446935657182446
RAM,799.0,4,-0.4281955456029838
RAM,890.0,4,-0.42267661306663734
RAM,3600.0,4,-0.25832158918203385
RAM,1075.0,4,-0.41145680516307587
RAM,28699.0,4,1.2638727814746682
RAM,680.0,4,-0.43541261122743685
RAM,11361.0,4,0.21236451427494307
RAM,460.0,4,-0.44875508549113163
RAM,495.0,4,-0.4466324191309984
RAM,445.0,4,-0.44966479964547446
RAM,12799.0,4,0.2995757778712751
RAM,10950.0,4,0.1874383464459497
RAM,2600.0,4,-0.31896919947155544
RAM,10266.0,4,0.14595538100791694
RAM,375.0,4,-0.45391013236574096
RAM,32999.0,4,1.524657505719611
RAM,10266.0,4,0.14595538100791694
RAM,375.0,4,-0.45391013236574096
RAM,2695.0,4,-0.3132076764940509
RAM,32999.0,4,1.524657505719611
RAM,980.0,4,-0.4172183281405804
RAM,10399.0,4,0.15402151317642332
RAM,466.0,4,-0.4483911998293945
RAM,395.0,4,-0.45269718015995053
RAM,890.0,4,-0.42267661306663734
RAM,1975.0,4,-0.3568739559025064
RAM,699.0,4,-0.434260306631936
RAM,88999.0,4,4.920923681932819
RAM,697.0,4,-0.434381601852515
RAM,395.0,4,-0.45269718015995053
RAM,1799.0,4,-0.36754793531346225
RAM,1620.0,4,-0.3784038575552866
RAM,530.0,4,-0.44450975277086513
RAM,2345.0,4,-0.3344343400953835
RAM,1999.0,4,-0.3554184132555579
RAM,599.0,4,-0.44032506766088814
RAM,273.0,4,-0.46009618861527213
RAM,1700.0,4,-0.3735520487321249
RAM,4399.0,4,-0.20986414856070612
RAM,490.0,4,-0.446935657182446
RAM,460.0,4,-0.44875508549113163
RAM,689.0,4,-0.4348667827348312
RAM,1299.0,4,-0.397871740458223
RAM,320.0,4,-0.45724575093166464
RAM,1249.0,4,-0.4009041209726991
RAM,759.0,4,-0.43062145001456464
RAM,360.0,4,-0.4548198465200838
RAM,2369.0,4,-0.33297879744843495
RAM,683.0,4,-0.4352306683965683
RAM,395.0,4,-0.45269718015995053
RAM,820.0,4,-0.42692194578690384
RAM,849.0,4,-0.4251631650885077
RAM,1540.0,4,-0.3832556663784483
RAM,464.0,4,-0.44851249504997354
RAM,16799.0,4,0.5421662190293614
RAM,740.0,4,-0.43177375461006556
RAM,1339.0,4,-0.39544583604664213
RAM,28199.0,4,1.2335489763299075
RAM,819.0,4,-0.42698259339719336
RAM,1075.0,4,-0.41145680516307587
RAM,1639.0,4,-0.3772515529597857
RAM,1619.0,4,-0.3784645051655761
RAM,2690.0,4,-0.3135109145454985
RAM,479.0,4,-0.4476027808956307
RAM,1199.0,4,-0.4039365014871752
RAM,2650.0,4,-0.31593681895707937
RAM,299.0,4,-0.4585193507477446
RAM,820.0,4,-0.42692194578690384
RAM,2280.0,4,-0.33837643476420237
RAM,990.0,4,-0.4166118520376852
RAM,499.0,4,-0.4463898286898403
RAM,1499.0,4,-0.3857422184003187
RAM,599.0,4,-0.44032506766088814
RAM,1299.0,4,-0.397871740458223
RAM,6999.0,4,-0.052180361807950035
RAM,1795.0,4,-0.3677905257546203
RAM,1299.0,4,-0.397871740458223
RAM,3415.0,4,-0.2695413970855954
RAM,2290.0,4,-0.33776995866130716
RAM,10199.0,4,0.141891991118519
RAM,1699.0,4,-0.3736126963424144
RAM,12672.0,4,0.2918735313645059
RAM,3290.0,4,-0.27712234837178557
RAM,1299.0,4,-0.397871740458223
RAM,810.0,4,-0.42752842188979906
RAM,13745.0,4,0.3569484172051625
RAM,380.0,4,-0.45360689431429335
RAM,10950.0,4,0.1874383464459497
RAM,2500.0,4,-0.3250339605005076
RAM,1199.0,4,-0.4039365014871752
RAM,549.0,4,-0.4433574481753642
RAM,498.0,4,-0.4464504763001298
RAM,825.0,4,-0.42661870773545624
RAM,1600.0,4,-0.37961680976107703
RAM,2149.0,4,-0.3463212717121297
RAM,699.0,4,-0.434260306631936
RAM,699.0,4,-0.434260306631936
RAM,1299.0,4,-0.397871740458223
RAM,266.0,4,-0.4605207218872988
RAM,990.0,4,-0.4166118520376852
RAM,1540.0,4,-0.3832556663784483
RAM,649.0,4,-0.43729268714641206
RAM,2690.0,4,-0.3135109145454985
RAM,2000.0,4,-0.3553577656452684
RAM,654.0,4,-0.43698944909496445
RAM,1125.0,4,-0.4084244246485998
RAM,433.0,4,-0.4503925709689487
RAM,3680.0,4,-0.25346978035887213
RAM,1490.0,4,-0.3862880468929244
RAM,1299.0,4,-0.397871740458223
RAM,2590.0,4,-0.31957567557445066
RAM,323.0,4,-0.45706380810079605
RAM,433.0,4,-0.4503925709689487
RAM,460.0,4,-0.44875508549113163
RAM,322.0,4,-0.4571244557110856
RAM,1643.0,4,-0.3770089625186276
RAM,464.0,4,-0.44851249504997354
RAM,1768.0,4,-0.3694280112324374
RAM,940.0,4,-0.41964423255216127
RAM,438.0,4,-0.4500893329175011
RAM,789.0,4,-0.428802021705879
RAM,1799.0,4,-0.36754793531346225
RAM,2140.0,4,-0.3468671002047354
RAM,724.0,4,-0.4327441163746979
RAM,323.0,4,-0.45706380810079605
RAM,384.0,4,-0.45336430387313525
RAM,4000.0,4,-0.23406254506622523
RAM,463.0,4,-0.44857314266026305
RAM,3750.0,4,-0.24922444763860563
RAM,10950.0,4,0.1874383464459497
RAM,928.0,4,-0.4203720038756355
RAM,345.0,4,-0.4557295606744266
RAM,599.0,4,-0.44032506766088814
RAM,1290.0,4,-0.3984175689508287
RAM,664.0,4,-0.43638297299206924
RAM,784.0,4,-0.4291052597573266
RAM,579.0,4,-0.44153801986667857
RAM,5500.0,4,-0.14309112963194287
RAM,900.0,4,-0.4220701369637421
RAM,419.0,4,-0.451241637513002
RAM,699.0,4,-0.434260306631936
RAM,2499.0,4,-0.3250946081107971
RAM,999.0,4,-0.4160660235450795
RAM,5486.0,4,-0.14394019617599618
RAM,1285.0,4,-0.3987208070022763
RAM,899.0,4,-0.42213078457403164
RAM,819.0,4,-0.42698259339719336
RAM,9187.0,4,0.08051660950552317
RAM,366.0,4,-0.45445596085834666
RAM,1305.0,4,-0.39750785479648587
RAM,499.0,4,-0.4463898286898403
RAM,433.0,4,-0.4503925709689487
RAM,860.0,4,-0.424496041375323
RAM,1525.0,4,-0.38416538053279115
RAM,307.0,4,-0.45803416986542844
RAM,325.0,4,-0.45694251288021703
RAM,429.0,4,-0.4506351614101068
RAM,839.0,4,-0.4257696411914029
RAM,366.0,4,-0.45445596085834666
RAM,2950.0,4,-0.29774253587022287
RAM,395.0,4,-0.45269718015995053
RAM,320.0,4,-0.45724575093166464
RAM,1199.0,4,-0.4039365014871752
RAM,1200.0,4,-0.4038758538768856
RAM,495.0,4,-0.4466324191309984
RAM,430.0,4,-0.4505745137998173
RAM,1599.0,4,-0.37967745737136654
RAM,3321.0,4,-0.2752422724528104
RAM,4435.0,4,-0.20768083459028336
RAM,1849.0,4,-0.3645155547989862
RAM,2618.0,4,-0.31787754248634403
RAM,3499.0,4,-0.26444699782127556
RAM,1691.0,4,-0.37409787722473054
RAM,460.0,4,-0.44875508549113163
RAM,266.0,4,-0.4605207218872988
RAM,395.0,4,-0.45269718015995053
RAM,2678.0,4,-0.31423868586897274
RAM,433.0,4,-0.4503925709689487
RAM,911.0,4,-0.4214030132505574
RAM,395.0,4,-0.45269718015995053
RAM,549.0,4,-0.4433574481753642
RAM,989.0,4,-0.4166724996479747
RAM,1299.0,4,-0.397871740458223
RAM,349.0,4,-0.4554869702332685
RAM,888.0,4,-0.42279790828721636
RAM,1100.0,4,-0.40994061490583783
RAM,459.0,4,-0.44881573310142114
RAM,449.0,4,-0.44942220920431636
RAM,1525.0,4,-0.38416538053279115
RAM,3849.0,4,-0.243220334219943
RAM,947.0,4,-0.4192196992801346
RAM,1799.0,4,-0.36754793531346225
RAM,8679.0,4,0.04970762347844621
RAM,1499.0,4,-0.3857422184003187
RAM,395.0,4,-0.45269718015995053
RAM,499.0,4,-0.4463898286898403
RAM,2799.0,4,-0.30690032502394066
RAM,799.0,4,-0.4281955456029838
RAM,849.0,4,-0.4251631650885077
RAM,849.0,4,-0.4251631650885077
RAM,456.0,4,-0.44899767593228973
RAM,879.0,4,-0.42334373677982207
RAM,1399.0,4,-0.39180697942927084
RAM,699.0,4,-0.434260306631936
RAM,997.0,4,-0.4161873187656585
RAM,950.0,4,-0.41903775644926605
RAM,499.0,4,-0.4463898286898403
RAM,395.0,4,-0.45269718015995053
RAM,266.0,4,-0.4605207218872988
RAM,1399.0,4,-0.39180697942927084
RAM,323.0,4,-0.45706380810079605
RAM,2350.0,4,-0.3341311020439358
RAM,2849.0,4,-0.3038679445094646
RAM,792.0,4,-0.42862007887501047
RAM,399.0,4,-0.45245458971879243
RAM,599.0,4,-0.44032506766088814
RAM,1390.0,4,-0.39235280792187655
RAM,599.0,4,-0.44032506766088814
RAM,449.0,4,-0.44942220920431636
RAM,1730.0,4,-0.37173262042343924
RAM,6997.0,4,-0.052301657028529076
RAM,849.0,4,-0.4251631650885077
RAM,1750.0,4,-0.3705196682176488
RAM,2400.0,4,-0.33109872152945974
RAM,911.0,4,-0.4214030132505574
RAM,2400.0,4,-0.33109872152945974
RAM,1850.0,4,-0.3644549071886966
RAM,2275.0,4,-0.33867967281565
RAM,1300.0,4,-0.3978110928479335
RAM,1899.0,4,-0.36148317428451004
RAM,4250.0,4,-0.21890064249384486
RAM,4999.0,4,-0.17347558238699318
RAM,1099.0,4,-0.41000126251612734
RAM,1140.0,4,-0.40751471049425697
RAM,850.0,4,-0.4251025174782182
RAM,1500.0,4,-0.3856815707900292
RAM,508.0,4,-0.4458440001972346
RAM,1800.0,4,-0.3674872877031727
RAM,1180.0,4,-0.40508880608267606
RAM,9172.0,4,0.07960689535118035
RAM,16999.0,4,0.5542957410872658
RAM,14599.0,4,0.4087414763924139
RAM,4999.0,4,-0.17347558238699318
RAM,6299.0,4,-0.09463368901061514
RAM,1795.0,4,-0.3677905257546203
RAM,1395.0,4,-0.39204956987042894
RAM,2024.0,4,-0.35390222299831986
RAM,7599.0,4,-0.01579179563423709
RAM,11361.0,4,0.21236451427494307
RAM,1709.0,4,-0.3730062202395192
RAM,10950.0,4,0.1874383464459497
RAM,28599.0,4,1.257808020445716
RAM,2999.0,4,-0.29477080296603636
RAM,10266.0,4,0.14595538100791694
RAM,1550.0,4,-0.3826491902755531
RAM,13299.0,4,0.3298995830160359
RAM,11361.0,4,0.21236451427494307
RAM,999.0,4,-0.4160660235450795
RAM,2618.0,4,-0.31787754248634403
RAM,699.0,4,-0.434260306631936
RAM,499.0,4,-0.4463898286898403
RAM,494.0,4,-0.4466930667412879
RAM,555.0,4,-0.4429935625136271
RAM,999.0,4,-0.4160660235450795
RAM,1614.0,4,-0.3787677432170237
RAM,1525.0,4,-0.38416538053279115
RAM,1299.0,4,-0.397871740458223
RAM,4999.0,4,-0.17347558238699318
RAM,699.0,4,-0.434260306631936
RAM,599.0,4,-0.44032506766088814
RAM,2100.0,4,-0.34929300461631624
RAM,859.0,4,-0.4245566889856125
RAM,1799.0,4,-0.36754793531346225
RAM,4899.0,4,-0.17954034341594535
RAM,2699.0,4,-0.3129650860528928
RAM,460.0,4,-0.44875508549113163
RAM,599.0,4,-0.44032506766088814
RAM,699.0,4,-0.434260306631936
RAM,480.0,4,-0.4475421332853412
RAM,1850.0,4,-0.3644549071886966
RAM,599.0,4,-0.44032506766088814
RAM,2045.0,4,-0.3526286231822399
RAM,649.0,4,-0.43729268714641206
RAM,1999.0,4,-0.3554184132555579
RAM,1999.0,4,-0.3554184132555579
RAM,1899.0,4,-0.36148317428451004
RAM,649.0,4,-0.43729268714641206
RAM,384.0,4,-0.45336430387313525
RAM,699.0,4,-0.434260306631936
RAM,375.0,4,-0.45391013236574096
RAM,1305.0,4,-0.39750785479648587
RAM,2775.0,4,-0.3083558676708892
RAM,5292.0,4,-0.15570583257216336
RAM,350.0,4,-0.455426322622979
RAM,370.0,4,-0.45421337041718857
StorageSSD,1099.0,5,-0.41000126251612734
StorageSSD,1349.0,5,-0.3948393599437469
StorageSSD,1419.0,5,-0.3905940272234804
StorageSSD,2183.0,5,-0.34425925296228593
StorageSSD,2579.0,5,-0.3202427992876354
StorageSSD,749.0,5,-0.43122792611745986
StorageSSD,3500.0,5,-0.26438635021098605
StorageSSD,2483.0,5,-0.3260649698754295
StorageSSD,4202.0,5,-0.22181172778774189
StorageSSD,2119.0,5,-0.3481407000208153
StorageSSD,3709.0,5,-0.251710999660476
StorageSSD,6049.0,5,-0.10979559158299554
StorageSSD,4299.0,5,-0.2159289095896583
StorageSSD,1250.0,5,-0.40084347336240955
StorageSSD,1390.0,5,-0.39235280792187655
StorageSSD,920.0,5,-0.4208571847579517
StorageSSD,3029.0,5,-0.2929513746573507
StorageSSD,1399.0,5,-0.39180697942927084
StorageSSD,1899.0,5,-0.36148317428451004
StorageSSD,2499.0,5,-0.3250946081107971
StorageSSD,689.0,5,-0.4348667827348312
StorageSSD,3902.0,5,-0.24000601087459836
StorageSSD,5169.0,5,-0.16316548863777453
StorageSSD,1896.0,5,-0.36166511711537863
StorageSSD,3299.0,5,-0.27657651987917986
StorageSSD,1440.0,5,-0.38932042740740047
StorageSSD,1809.0,5,-0.36694145921056703
StorageSSD,3699.0,5,-0.2523174757633712
StorageSSD,1299.0,5,-0.397871740458223
StorageSSD,3899.0,5,-0.24018795370546692
StorageSSD,1199.0,5,-0.4039365014871752
StorageSSD,2325.0,5,-0.3356472923011739
StorageSSD,1899.0,5,-0.36148317428451004
StorageSSD,1349.0,5,-0.3948393599437469
StorageSSD,1199.0,5,-0.4039365014871752
StorageSSD,3300.0,5,-0.27651587226889035
StorageSSD,1758.0,5,-0.3700344873353326
StorageSSD,1220.0,5,-0.4026629016710952
StorageSSD,3999.0,5,-0.23412319267651477
StorageSSD,2103.0,5,-0.34911106178544765
StorageSSD,1099.0,5,-0.41000126251612734
StorageSSD,1349.0,5,-0.3948393599437469
StorageSSD,1419.0,5,-0.3905940272234804
StorageSSD,2183.0,5,-0.34425925296228593
StorageSSD,2579.0,5,-0.3202427992876354
StorageSSD,749.0,5,-0.43122792611745986
StorageSSD,3500.0,5,-0.26438635021098605
StorageSSD,2483.0,5,-0.3260649698754295
StorageSSD,4202.0,5,-0.22181172778774189
StorageSSD,2119.0,5,-0.3481407000208153
StorageSSD,3709.0,5,-0.251710999660476
StorageSSD,6049.0,5,-0.10979559158299554
StorageSSD,4299.0,5,-0.2159289095896583
StorageSSD,1250.0,5,-0.40084347336240955
StorageSSD,1390.0,5,-0.39235280792187655
StorageSSD,920.0,5,-0.4208571847579517
StorageSSD,3029.0,5,-0.2929513746573507
StorageSSD,1399.0,5,-0.39180697942927084
StorageSSD,1899.0,5,-0.36148317428451004
StorageSSD,2499.0,5,-0.3250946081107971
StorageSSD,689.0,5,-0.4348667827348312
StorageSSD,3902.0,5,-0.24000601087459836
StorageSSD,5169.0,5,-0.16316548863777453
StorageSSD,1896.0,5,-0.36166511711537863
StorageSSD,3299.0,5,-0.27657651987917986
StorageSSD,1440.0,5,-0.38932042740740047
StorageSSD,1809.0,5,-0.36694145921056703
StorageSSD,3699.0,5,-0.2523174757633712
StorageSSD,1299.0,5,-0.397871740458223
StorageSSD,3899.0,5,-0.24018795370546692
StorageSSD,1199.0,5,-0.4039365014871752
StorageSSD,2325.0,5,-0.3356472923011739
StorageSSD,1899.0,5,-0.36148317428451004
StorageSSD,1349.0,5,-0.3948393599437469
StorageSSD,1199.0,5,-0.4039365014871752
StorageSSD,3300.0,5,-0.27651587226889035
StorageSSD,1758.0,5,-0.3700344873353326
StorageSSD,1220.0,5,-0.4026629016710952
StorageSSD,3999.0,5,-0.23412319267651477
StorageSSD,2103.0,5,-0.34911106178544765
StorageSSD,1299.0,5,-0.397871740458223
StorageSSD,1809.0,5,-0.36694145921056703
StorageSSD,3248.0,5,-0.27966954800394545
StorageSSD,2100.0,5,-0.34929300461631624
StorageSSD,5999.0,5,-0.11282797209747161
StorageSSD,1799.0,5,-0.36754793531346225
StorageSSD,1799.0,5,-0.36754793531346225
StorageSSD,5699.0,5,-0.13102225518432808
StorageSSD,949.0,5,-0.41909840405955556
StorageSSD,1250.0,5,-0.40084347336240955
StorageSSD,779.0,5,-0.4294084978087742
StorageSSD,1999.0,5,-0.3554184132555579
StorageSSD,1800.0,5,-0.3674872877031727
StorageSSD,1896.0,5,-0.36166511711537863
StorageSSD,3200.0,5,-0.2825806332978425
StorageSSD,1299.0,5,-0.397871740458223
StorageSSD,920.0,5,-0.4208571847579517
StorageSSD,1590.0,5,-0.38022328586397225
StorageSSD,1299.0,5,-0.397871740458223
StorageSSD,5550.0,5,-0.1400587491174668
StorageSSD,1550.0,5,-0.3826491902755531
StorageSSD,1199.0,5,-0.4039365014871752
StorageSSD,2933.0,5,-0.29877354524514477
StorageSSD,6200.0,5,-0.10063780242927778
StorageSSD,3999.0,5,-0.23412319267651477
StorageSSD,2399.0,5,-0.3311593691397493
StorageSSD,12080.0,5,0.2559701460731091
StorageSSD,9525.0,5,0.10101550178338146
StorageSSD,3709.0,5,-0.251710999660476
StorageSSD,13591.0,5,0.3476086852205762
StorageSSD,1750.0,5,-0.3705196682176488
StorageSSD,1699.0,5,-0.3736126963424144
StorageSSD,11732.0,5,0.2348647776923556
StorageSSD,599.0,5,-0.44032506766088814
StorageSSD,1449.0,5,-0.38877459891479477
StorageSSD,28179.0,5,1.232336024124117
StorageSSD,16234.0,5,0.5079003192157817
StorageSSD,7000.0,5,-0.05211971419766051
StorageSSD,3416.0,5,-0.2694807494753058
StorageSSD,55249.0,5,2.8740668346614657
StorageSSD,1099.0,5,-0.41000126251612734
StorageSSD,1349.0,5,-0.3948393599437469
StorageSSD,1419.0,5,-0.3905940272234804
StorageSSD,2183.0,5,-0.34425925296228593
StorageSSD,2579.0,5,-0.3202427992876354
StorageSSD,749.0,5,-0.43122792611745986
StorageSSD,3500.0,5,-0.26438635021098605
StorageSSD,2483.0,5,-0.3260649698754295
StorageSSD,4202.0,5,-0.22181172778774189
StorageSSD,2119.0,5,-0.3481407000208153
StorageSSD,3709.0,5,-0.251710999660476
StorageSSD,6049.0,5,-0.10979559158299554
StorageSSD,4299.0,5,-0.2159289095896583
StorageSSD,1250.0,5,-0.40084347336240955
StorageSSD,1390.0,5,-0.39235280792187655
StorageSSD,920.0,5,-0.4208571847579517
StorageSSD,3029.0,5,-0.2929513746573507
StorageSSD,1399.0,5,-0.39180697942927084
StorageSSD,1899.0,5,-0.36148317428451004
StorageSSD,2499.0,5,-0.3250946081107971
StorageSSD,689.0,5,-0.4348667827348312
StorageSSD,3902.0,5,-0.24000601087459836
StorageSSD,5169.0,5,-0.16316548863777453
StorageSSD,1896.0,5,-0.36166511711537863
StorageSSD,3299.0,5,-0.27657651987917986
StorageSSD,1440.0,5,-0.38932042740740047
StorageSSD,1809.0,5,-0.36694145921056703
StorageSSD,3699.0,5,-0.2523174757633712
StorageSSD,1299.0,5,-0.397871740458223
StorageSSD,3899.0,5,-0.24018795370546692
StorageSSD,1199.0,5,-0.4039365014871752
StorageSSD,2325.0,5,-0.3356472923011739
StorageSSD,1899.0,5,-0.36148317428451004
StorageSSD,1349.0,5,-0.3948393599437469
StorageSSD,1199.0,5,-0.4039365014871752
StorageSSD,3300.0,5,-0.27651587226889035
StorageSSD,1758.0,5,-0.3700344873353326
StorageSSD,1220.0,5,-0.4026629016710952
StorageSSD,3999.0,5,-0.23412319267651477
StorageSSD,2103.0,5,-0.34911106178544765
StorageSSD,1299.0,5,-0.397871740458223
StorageSSD,1809.0,5,-0.36694145921056703
StorageSSD,3248.0,5,-0.27966954800394545
StorageSSD,2100.0,5,-0.34929300461631624
StorageSSD,5999.0,5,-0.11282797209747161
StorageSSD,1799.0,5,-0.36754793531346225
StorageSSD,1799.0,5,-0.36754793531346225
StorageSSD,5699.0,5,-0.13102225518432808
StorageSSD,949.0,5,-0.41909840405955556
StorageSSD,1250.0,5,-0.40084347336240955
StorageSSD,779.0,5,-0.4294084978087742
StorageSSD,1999.0,5,-0.3554184132555579
StorageSSD,1800.0,5,-0.3674872877031727
StorageSSD,1896.0,5,-0.36166511711537863
StorageSSD,3200.0,5,-0.2825806332978425
StorageSSD,1299.0,5,-0.397871740458223
StorageSSD,920.0,5,-0.4208571847579517
StorageSSD,1590.0,5,-0.38022328586397225
StorageSSD,1299.0,5,-0.397871740458223
StorageSSD,5550.0,5,-0.1400587491174668
StorageSSD,1550.0,5,-0.3826491902755531
StorageSSD,1199.0,5,-0.4039365014871752
StorageSSD,2933.0,5,-0.29877354524514477
StorageSSD,6200.0,5,-0.10063780242927778
StorageSSD,3999.0,5,-0.23412319267651477
StorageSSD,2399.0,5,-0.3311593691397493
StorageSSD,12080.0,5,0.2559701460731091
StorageSSD,9525.0,5,0.10101550178338146
StorageSSD,3709.0,5,-0.251710999660476
StorageSSD,13591.0,5,0.3476086852205762
StorageSSD,1750.0,5,-0.3705196682176488
StorageSSD,1699.0,5,-0.3736126963424144
StorageSSD,11732.0,5,0.2348647776923556
StorageSSD,599.0,5,-0.44032506766088814
StorageSSD,1449.0,5,-0.38877459891479477
StorageSSD,28179.0,5,1.232336024124117
StorageSSD,16234.0,5,0.5079003192157817
StorageSSD,7000.0,5,-0.05211971419766051
StorageSSD,3416.0,5,-0.2694807494753058
StorageSSD,55249.0,5,2.8740668346614657
StorageSSD,1350.0,5,-0.3947787123334574
StorageSSD,2637.0,5,-0.31672523789084317
StorageSSD,25109.0,5,1.0461478605352856
StorageSSD,1549.0,5,-0.3827098378858426
StorageSSD,1999.0,5,-0.3554184132555579
StorageSSD,3199.0,5,-0.282641280908132
StorageSSD,3499.0,5,-0.26444699782127556
StorageSSD,1449.0,5,-0.38877459891479477
StorageSSD,2325.0,5,-0.3356472923011739
StorageSSD,12099.0,5,0.25712245066861
StorageSSD,1099.0,5,-0.41000126251612734
StorageSSD,2100.0,5,-0.34929300461631624
StorageSSD,2399.0,5,-0.3311593691397493
StorageSSD,10059.0,5,0.133401325677986
StorageSSD,2596.0,5,-0.31921178991271354
StorageSSD,2750.0,5,-0.3098720579281272
StorageSSD,1175.0,5,-0.4053920441341237
StorageSSD,2754.0,5,-0.3096294674869691
StorageSSD,2050.0,5,-0.3523253851307923
StorageSSD,1300.0,5,-0.3978110928479335
StorageSSD,799.0,5,-0.4281955456029838
StorageSSD,10746.0,5,0.1750662339468873
StorageSSD,1749.0,5,-0.3705803158279383
StorageSSD,2199.0,5,-0.3432888911976536
StorageSSD,5579.0,5,-0.13829996841907066
StorageSSD,9099.0,5,0.07517961980004527
StorageSSD,3059.0,5,-0.291131946348665
StorageSSD,920.0,5,-0.4208571847579517
StorageSSD,840.0,5,-0.4257089935811134
StorageSSD,4799.0,5,-0.1856051044448975
StorageSSD,1899.0,5,-0.36148317428451004
StorageSSD,2599.0,5,-0.31902984708184495
StorageSSD,1299.0,5,-0.397871740458223
StorageSSD,1199.0,5,-0.4039365014871752
StorageSSD,2425.0,5,-0.3295825312722217
StorageSSD,2699.0,5,-0.3129650860528928
StorageSSD,2449.0,5,-0.32812698862527323
StorageSSD,1489.0,5,-0.3863486945032139
StorageSSD,9499.0,5,0.0994386639158539
StorageSSD,2259.0,5,-0.3396500345802823
StorageSSD,1099.0,5,-0.41000126251612734
StorageSSD,1349.0,5,-0.3948393599437469
StorageSSD,1419.0,5,-0.3905940272234804
StorageSSD,2183.0,5,-0.34425925296228593
StorageSSD,2579.0,5,-0.3202427992876354
StorageSSD,749.0,5,-0.43122792611745986
StorageSSD,3500.0,5,-0.26438635021098605
StorageSSD,2483.0,5,-0.3260649698754295
StorageSSD,4202.0,5,-0.22181172778774189
StorageSSD,2119.0,5,-0.3481407000208153
StorageSSD,3709.0,5,-0.251710999660476
StorageSSD,6049.0,5,-0.10979559158299554
StorageSSD,4299.0,5,-0.2159289095896583
StorageSSD,1250.0,5,-0.40084347336240955
StorageSSD,1390.0,5,-0.39235280792187655
StorageSSD,920.0,5,-0.4208571847579517
StorageSSD,3029.0,5,-0.2929513746573507
StorageSSD,1399.0,5,-0.39180697942927084
StorageSSD,1899.0,5,-0.36148317428451004
StorageSSD,2499.0,5,-0.3250946081107971
StorageSSD,689.0,5,-0.4348667827348312
StorageSSD,3902.0,5,-0.24000601087459836
StorageSSD,5169.0,5,-0.16316548863777453
StorageSSD,1896.0,5,-0.36166511711537863
StorageSSD,3299.0,5,-0.27657651987917986
StorageSSD,1440.0,5,-0.38932042740740047
StorageSSD,1809.0,5,-0.36694145921056703
StorageSSD,3699.0,5,-0.2523174757633712
StorageSSD,1299.0,5,-0.397871740458223
StorageSSD,3899.0,5,-0.24018795370546692
StorageSSD,1199.0,5,-0.4039365014871752
StorageSSD,2325.0,5,-0.3356472923011739
StorageSSD,1899.0,5,-0.36148317428451004
StorageSSD,1349.0,5,-0.3948393599437469
StorageSSD,1199.0,5,-0.4039365014871752
StorageSSD,3300.0,5,-0.27651587226889035
StorageSSD,1758.0,5,-0.3700344873353326
StorageSSD,1220.0,5,-0.4026629016710952
StorageSSD,3999.0,5,-0.23412319267651477
StorageSSD,2103.0,5,-0.34911106178544765
StorageSSD,1299.0,5,-0.397871740458223
StorageSSD,1809.0,5,-0.36694145921056703
StorageSSD,3248.0,5,-0.27966954800394545
StorageSSD,2100.0,5,-0.34929300461631624
StorageSSD,5999.0,5,-0.11282797209747161
StorageSSD,1799.0,5,-0.36754793531346225
StorageSSD,1799.0,5,-0.36754793531346225
StorageSSD,5699.0,5,-0.13102225518432808
StorageSSD,949.0,5,-0.41909840405955556
StorageSSD,1250.0,5,-0.40084347336240955
StorageSSD,779.0,5,-0.4294084978087742
StorageSSD,1999.0,5,-0.3554184132555579
StorageSSD,1800.0,5,-0.3674872877031727
StorageSSD,1896.0,5,-0.36166511711537863
StorageSSD,3200.0,5,-0.2825806332978425
StorageSSD,1299.0,5,-0.397871740458223
StorageSSD,920.0,5,-0.4208571847579517
StorageSSD,1590.0,5,-0.38022328586397225
StorageSSD,1299.0,5,-0.397871740458223
StorageSSD,5550.0,5,-0.1400587491174668
StorageSSD,1550.0,5,-0.3826491902755531
StorageSSD,1199.0,5,-0.4039365014871752
StorageSSD,2933.0,5,-0.29877354524514477
StorageSSD,6200.0,5,-0.10063780242927778
StorageSSD,3999.0,5,-0.23412319267651477
StorageSSD,2399.0,5,-0.3311593691397493
StorageSSD,12080.0,5,0.2559701460731091
StorageSSD,9525.0,5,0.10101550178338146
StorageSSD,3709.0,5,-0.251710999660476
StorageSSD,13591.0,5,0.3476086852205762
StorageSSD,1750.0,5,-0.3705196682176488
StorageSSD,1699.0,5,-0.3736126963424144
StorageSSD,11732.0,5,0.2348647776923556
StorageSSD,599.0,5,-0.44032506766088814
StorageSSD,1449.0,5,-0.38877459891479477
StorageSSD,28179.0,5,1.232336024124117
StorageSSD,16234.0,5,0.5079003192157817
StorageSSD,7000.0,5,-0.05211971419766051
StorageSSD,3416.0,5,-0.2694807494753058
StorageSSD,55249.0,5,2.8740668346614657
StorageSSD,1350.0,5,-0.3947787123334574
StorageSSD,2637.0,5,-0.31672523789084317
StorageSSD,25109.0,5,1.0461478605352856
StorageSSD,1549.0,5,-0.3827098378858426
StorageSSD,1999.0,5,-0.3554184132555579
StorageSSD,3199.0,5,-0.282641280908132
StorageSSD,3499.0,5,-0.26444699782127556
StorageSSD,1449.0,5,-0.38877459891479477
StorageSSD,2325.0,5,-0.3356472923011739
StorageSSD,12099.0,5,0.25712245066861
StorageSSD,1099.0,5,-0.41000126251612734
StorageSSD,2100.0,5,-0.34929300461631624
StorageSSD,2399.0,5,-0.3311593691397493
StorageSSD,10059.0,5,0.133401325677986
StorageSSD,2596.0,5,-0.31921178991271354
StorageSSD,2750.0,5,-0.3098720579281272
StorageSSD,1175.0,5,-0.4053920441341237
StorageSSD,2754.0,5,-0.3096294674869691
StorageSSD,2050.0,5,-0.3523253851307923
StorageSSD,1300.0,5,-0.3978110928479335
StorageSSD,799.0,5,-0.4281955456029838
StorageSSD,10746.0,5,0.1750662339468873
StorageSSD,1749.0,5,-0.3705803158279383
StorageSSD,2199.0,5,-0.3432888911976536
StorageSSD,5579.0,5,-0.13829996841907066
StorageSSD,9099.0,5,0.07517961980004527
StorageSSD,3059.0,5,-0.291131946348665
StorageSSD,920.0,5,-0.4208571847579517
StorageSSD,840.0,5,-0.4257089935811134
StorageSSD,4799.0,5,-0.1856051044448975
StorageSSD,1899.0,5,-0.36148317428451004
StorageSSD,2599.0,5,-0.31902984708184495
StorageSSD,1299.0,5,-0.397871740458223
StorageSSD,1199.0,5,-0.4039365014871752
StorageSSD,2425.0,5,-0.3295825312722217
StorageSSD,2699.0,5,-0.3129650860528928
StorageSSD,2449.0,5,-0.32812698862527323
StorageSSD,1489.0,5,-0.3863486945032139
StorageSSD,9499.0,5,0.0994386639158539
StorageSSD,2259.0,5,-0.3396500345802823
StorageSSD,2450.0,5,-0.32806634101498366
StorageSSD,9499.0,5,0.0994386639158539
StorageSSD,2699.0,5,-0.3129650860528928
StorageSSD,1700.0,5,-0.3735520487321249
StorageSSD,1250.0,5,-0.40084347336240955
StorageSSD,16234.0,5,0.5079003192157817
StorageSSD,3499.0,5,-0.26444699782127556
StorageSSD,1299.0,5,-0.397871740458223
StorageSSD,7000.0,5,-0.05211971419766051
StorageSSD,2499.0,5,-0.3250946081107971
StorageSSD,3490.0,5,-0.26499282631388127
StorageSSD,3999.0,5,-0.23412319267651477
StorageSSD,44183.0,5,2.20294037919762
StorageSSD,1175.0,5,-0.4053920441341237
StorageSSD,2569.0,5,-0.3208492753905306
StorageSSD,3039.0,5,-0.2923448985544555
StorageSSD,12890.0,5,0.3050947104076216
StorageSSD,2500.0,5,-0.3250339605005076
StorageSSD,892.0,5,-0.4225553178460583
StorageSSD,2999.0,5,-0.29477080296603636
StorageSSD,1929.0,5,-0.3596637459758244
StorageSSD,1739.0,5,-0.37118679193083354
StorageSSD,889.0,5,-0.42273726067692685
StorageSSD,799.0,5,-0.4281955456029838
StorageSSD,5764.0,5,-0.1270801605155092
StorageSSD,2049.0,5,-0.3523860327410818
StorageSSD,3059.0,5,-0.291131946348665
StorageSSD,6108.0,5,-0.10621738257591376
StorageSSD,1850.0,5,-0.3644549071886966
StorageSSD,2690.0,5,-0.3135109145454985
StorageSSD,1599.0,5,-0.37967745737136654
StorageSSD,2359.0,5,-0.33358527355133016
StorageSSD,1049.0,5,-0.4130336430306034
StorageSSD,1140.0,5,-0.40751471049425697
StorageSSD,3200.0,5,-0.2825806332978425
StorageSSD,122862.0,5,6.974633709166888
StorageSSD,6707.0,5,-0.06988946401249034
StorageSSD,2052.0,5,-0.3522040899102133
StorageSSD,4567.0,5,-0.19967535003206652
StorageSSD,2933.0,5,-0.29877354524514477
StorageSSD,1099.0,5,-0.41000126251612734
StorageSSD,1349.0,5,-0.3948393599437469
StorageSSD,1419.0,5,-0.3905940272234804
StorageSSD,2183.0,5,-0.34425925296228593
StorageSSD,2579.0,5,-0.3202427992876354
StorageSSD,749.0,5,-0.43122792611745986
StorageSSD,3500.0,5,-0.26438635021098605
StorageSSD,2483.0,5,-0.3260649698754295
StorageSSD,4202.0,5,-0.22181172778774189
StorageSSD,2119.0,5,-0.3481407000208153
StorageSSD,3709.0,5,-0.251710999660476
StorageSSD,6049.0,5,-0.10979559158299554
StorageSSD,4299.0,5,-0.2159289095896583
StorageSSD,1250.0,5,-0.40084347336240955
StorageSSD,1390.0,5,-0.39235280792187655
StorageSSD,920.0,5,-0.4208571847579517
StorageSSD,3029.0,5,-0.2929513746573507
StorageSSD,1399.0,5,-0.39180697942927084
StorageSSD,1899.0,5,-0.36148317428451004
StorageSSD,2499.0,5,-0.3250946081107971
StorageSSD,689.0,5,-0.4348667827348312
StorageSSD,3902.0,5,-0.24000601087459836
StorageSSD,5169.0,5,-0.16316548863777453
StorageSSD,1896.0,5,-0.36166511711537863
StorageSSD,3299.0,5,-0.27657651987917986
StorageSSD,1440.0,5,-0.38932042740740047
StorageSSD,1809.0,5,-0.36694145921056703
StorageSSD,3699.0,5,-0.2523174757633712
StorageSSD,1299.0,5,-0.397871740458223
StorageSSD,3899.0,5,-0.24018795370546692
StorageSSD,1199.0,5,-0.4039365014871752
StorageSSD,2325.0,5,-0.3356472923011739
StorageSSD,1899.0,5,-0.36148317428451004
StorageSSD,1349.0,5,-0.3948393599437469
StorageSSD,1199.0,5,-0.4039365014871752
StorageSSD,3300.0,5,-0.27651587226889035
StorageSSD,1758.0,5,-0.3700344873353326
StorageSSD,1220.0,5,-0.4026629016710952
StorageSSD,3999.0,5,-0.23412319267651477
StorageSSD,2103.0,5,-0.34911106178544765
StorageSSD,1299.0,5,-0.397871740458223
StorageSSD,1809.0,5,-0.36694145921056703
StorageSSD,3248.0,5,-0.27966954800394545
StorageSSD,2100.0,5,-0.34929300461631624
StorageSSD,5999.0,5,-0.11282797209747161
StorageSSD,1799.0,5,-0.36754793531346225
StorageSSD,1799.0,5,-0.36754793531346225
StorageSSD,5699.0,5,-0.13102225518432808
StorageSSD,949.0,5,-0.41909840405955556
StorageSSD,1250.0,5,-0.40084347336240955
StorageSSD,779.0,5,-0.4294084978087742
StorageSSD,1999.0,5,-0.3554184132555579
StorageSSD,1800.0,5,-0.3674872877031727
StorageSSD,1896.0,5,-0.36166511711537863
StorageSSD,3200.0,5,-0.2825806332978425
StorageSSD,1299.0,5,-0.397871740458223
StorageSSD,920.0,5,-0.4208571847579517
StorageSSD,1590.0,5,-0.38022328586397225
StorageSSD,1299.0,5,-0.397871740458223
StorageSSD,5550.0,5,-0.1400587491174668
StorageSSD,1550.0,5,-0.3826491902755531
StorageSSD,1199.0,5,-0.4039365014871752
StorageSSD,2933.0,5,-0.29877354524514477
StorageSSD,6200.0,5,-0.10063780242927778
StorageSSD,3999.0,5,-0.23412319267651477
StorageSSD,2399.0,5,-0.3311593691397493
StorageSSD,12080.0,5,0.2559701460731091
StorageSSD,9525.0,5,0.10101550178338146
StorageSSD,3709.0,5,-0.251710999660476
StorageSSD,13591.0,5,0.3476086852205762
StorageSSD,1750.0,5,-0.3705196682176488
StorageSSD,1699.0,5,-0.3736126963424144
StorageSSD,11732.0,5,0.2348647776923556
StorageSSD,599.0,5,-0.44032506766088814
StorageSSD,1449.0,5,-0.38877459891479477
StorageSSD,28179.0,5,1.232336024124117
StorageSSD,16234.0,5,0.5079003192157817
StorageSSD,7000.0,5,-0.05211971419766051
StorageSSD,3416.0,5,-0.2694807494753058
StorageSSD,55249.0,5,2.8740668346614657
StorageSSD,1350.0,5,-0.3947787123334574
StorageSSD,2637.0,5,-0.31672523789084317
StorageSSD,25109.0,5,1.0461478605352856
StorageSSD,1549.0,5,-0.3827098378858426
StorageSSD,1999.0,5,-0.3554184132555579
StorageSSD,3199.0,5,-0.282641280908132
StorageSSD,3499.0,5,-0.26444699782127556
StorageSSD,1449.0,5,-0.38877459891479477
StorageSSD,2325.0,5,-0.3356472923011739
StorageSSD,12099.0,5,0.25712245066861
StorageSSD,1099.0,5,-0.41000126251612734
StorageSSD,2100.0,5,-0.34929300461631624
StorageSSD,2399.0,5,-0.3311593691397493
StorageSSD,10059.0,5,0.133401325677986
StorageSSD,2596.0,5,-0.31921178991271354
StorageSSD,2750.0,5,-0.3098720579281272
StorageSSD,1175.0,5,-0.4053920441341237
StorageSSD,2754.0,5,-0.3096294674869691
StorageSSD,2050.0,5,-0.3523253851307923
StorageSSD,1300.0,5,-0.3978110928479335
StorageSSD,799.0,5,-0.4281955456029838
StorageSSD,10746.0,5,0.1750662339468873
StorageSSD,1749.0,5,-0.3705803158279383
StorageSSD,2199.0,5,-0.3432888911976536
StorageSSD,5579.0,5,-0.13829996841907066
StorageSSD,9099.0,5,0.07517961980004527
StorageSSD,3059.0,5,-0.291131946348665
StorageSSD,920.0,5,-0.4208571847579517
StorageSSD,840.0,5,-0.4257089935811134
StorageSSD,4799.0,5,-0.1856051044448975
StorageSSD,1899.0,5,-0.36148317428451004
StorageSSD,2599.0,5,-0.31902984708184495
StorageSSD,1299.0,5,-0.397871740458223
StorageSSD,1199.0,5,-0.4039365014871752
StorageSSD,2425.0,5,-0.3295825312722217
StorageSSD,2699.0,5,-0.3129650860528928
StorageSSD,2449.0,5,-0.32812698862527323
StorageSSD,1489.0,5,-0.3863486945032139
StorageSSD,9499.0,5,0.0994386639158539
StorageSSD,2259.0,5,-0.3396500345802823
StorageSSD,2450.0,5,-0.32806634101498366
StorageSSD,9499.0,5,0.0994386639158539
StorageSSD,2699.0,5,-0.3129650860528928
StorageSSD,1700.0,5,-0.3735520487321249
StorageSSD,1250.0,5,-0.40084347336240955
StorageSSD,16234.0,5,0.5079003192157817
StorageSSD,3499.0,5,-0.26444699782127556
StorageSSD,1299.0,5,-0.397871740458223
StorageSSD,7000.0,5,-0.05211971419766051
StorageSSD,2499.0,5,-0.3250946081107971
StorageSSD,3490.0,5,-0.26499282631388127
StorageSSD,3999.0,5,-0.23412319267651477
StorageSSD,44183.0,5,2.20294037919762
StorageSSD,1175.0,5,-0.4053920441341237
StorageSSD,2569.0,5,-0.3208492753905306
StorageSSD,3039.0,5,-0.2923448985544555
StorageSSD,12890.0,5,0.3050947104076216
StorageSSD,2500.0,5,-0.3250339605005076
StorageSSD,892.0,5,-0.4225553178460583
StorageSSD,2999.0,5,-0.29477080296603636
StorageSSD,1929.0,5,-0.3596637459758244
StorageSSD,1739.0,5,-0.37118679193083354
StorageSSD,889.0,5,-0.42273726067692685
StorageSSD,799.0,5,-0.4281955456029838
StorageSSD,5764.0,5,-0.1270801605155092
StorageSSD,2049.0,5,-0.3523860327410818
StorageSSD,3059.0,5,-0.291131946348665
StorageSSD,6108.0,5,-0.10621738257591376
StorageSSD,1850.0,5,-0.3644549071886966
StorageSSD,2690.0,5,-0.3135109145454985
StorageSSD,1599.0,5,-0.37967745737136654
StorageSSD,2359.0,5,-0.33358527355133016
StorageSSD,1049.0,5,-0.4130336430306034
StorageSSD,1140.0,5,-0.40751471049425697
StorageSSD,3200.0,5,-0.2825806332978425
StorageSSD,122862.0,5,6.974633709166888
StorageSSD,6707.0,5,-0.06988946401249034
StorageSSD,2052.0,5,-0.3522040899102133
StorageSSD,4567.0,5,-0.19967535003206652
StorageSSD,2933.0,5,-0.29877354524514477
StorageSSD,2699.0,5,-0.3129650860528928
StorageSSD,2125.0,5,-0.3477768143590782
StorageSSD,3499.0,5,-0.26444699782127556
StorageSSD,2100.0,5,-0.34929300461631624
StorageSSD,1999.0,5,-0.3554184132555579
StorageSSD,2125.0,5,-0.3477768143590782
StorageSSD,2499.0,5,-0.3250946081107971
StorageSSD,949.0,5,-0.41909840405955556
StorageSSD,4099.0,5,-0.2280584316475626
StorageSSD,5764.0,5,-0.1270801605155092
StorageSSD,949.0,5,-0.41909840405955556
StorageSSD,2125.0,5,-0.3477768143590782
StorageSSD,1949.0,5,-0.35845079377003397
StorageSSD,2395.0,5,-0.33140195958090735
StorageSSD,3316.0,5,-0.275545510504258
StorageSSD,3595.0,5,-0.25862482723348146
StorageSSD,3765.0,5,-0.2483147334842628
StorageSSD,2959.0,5,-0.2971967073776172
StorageSSD,6108.0,5,-0.10621738257591376
StorageSSD,4199.0,5,-0.22199367061861044
StorageSSD,3039.0,5,-0.2923448985544555
StorageSSD,2600.0,5,-0.31896919947155544
StorageSSD,1296.0,5,-0.3980536832890916
StorageSSD,2600.0,5,-0.31896919947155544
StorageSSD,2424.0,5,-0.32964317888251127
StorageSSD,4464.0,5,-0.20592205389188722
StorageSSD,23219.0,5,0.9315238770880899
StorageSSD,1250.0,5,-0.40084347336240955
StorageSSD,3850.0,5,-0.24315968660965348
StorageSSD,122862.0,5,6.974633709166888
StorageSSD,2600.0,5,-0.31896919947155544
StorageSSD,4549.0,5,-0.2007670070172779
StorageSSD,2499.0,5,-0.3250946081107971
StorageSSD,3499.0,5,-0.26444699782127556
StorageSSD,1950.0,5,-0.35839014615974446
StorageSSD,3298.0,5,-0.27663716748946937
StorageSSD,2299.0,5,-0.33722413016870145
StorageSSD,5199.0,5,-0.16134606032908888
StorageSSD,999.0,5,-0.4160660235450795
StorageSSD,11908.0,5,0.24553875710331138
StorageSSD,1099.0,5,-0.41000126251612734
StorageSSD,1349.0,5,-0.3948393599437469
StorageSSD,1419.0,5,-0.3905940272234804
StorageSSD,2183.0,5,-0.34425925296228593
StorageSSD,2579.0,5,-0.3202427992876354
StorageSSD,749.0,5,-0.43122792611745986
StorageSSD,3500.0,5,-0.26438635021098605
StorageSSD,2483.0,5,-0.3260649698754295
StorageSSD,4202.0,5,-0.22181172778774189
StorageSSD,2119.0,5,-0.3481407000208153
StorageSSD,3709.0,5,-0.251710999660476
StorageSSD,6049.0,5,-0.10979559158299554
StorageSSD,4299.0,5,-0.2159289095896583
StorageSSD,1250.0,5,-0.40084347336240955
StorageSSD,1390.0,5,-0.39235280792187655
StorageSSD,920.0,5,-0.4208571847579517
StorageSSD,3029.0,5,-0.2929513746573507
StorageSSD,1399.0,5,-0.39180697942927084
StorageSSD,1899.0,5,-0.36148317428451004
StorageSSD,2499.0,5,-0.3250946081107971
StorageSSD,689.0,5,-0.4348667827348312
StorageSSD,3902.0,5,-0.24000601087459836
StorageSSD,5169.0,5,-0.16316548863777453
StorageSSD,1896.0,5,-0.36166511711537863
StorageSSD,3299.0,5,-0.27657651987917986
StorageSSD,1440.0,5,-0.38932042740740047
StorageSSD,1809.0,5,-0.36694145921056703
StorageSSD,3699.0,5,-0.2523174757633712
StorageSSD,1299.0,5,-0.397871740458223
StorageSSD,3899.0,5,-0.24018795370546692
StorageSSD,1199.0,5,-0.4039365014871752
StorageSSD,2325.0,5,-0.3356472923011739
StorageSSD,1899.0,5,-0.36148317428451004
StorageSSD,1349.0,5,-0.3948393599437469
StorageSSD,1199.0,5,-0.4039365014871752
StorageSSD,3300.0,5,-0.27651587226889035
StorageSSD,1758.0,5,-0.3700344873353326
StorageSSD,1220.0,5,-0.4026629016710952
StorageSSD,3999.0,5,-0.23412319267651477
StorageSSD,2103.0,5,-0.34911106178544765
StorageSSD,1299.0,5,-0.397871740458223
StorageSSD,1809.0,5,-0.36694145921056703
StorageSSD,3248.0,5,-0.27966954800394545
StorageSSD,2100.0,5,-0.34929300461631624
StorageSSD,5999.0,5,-0.11282797209747161
StorageSSD,1799.0,5,-0.36754793531346225
StorageSSD,1799.0,5,-0.36754793531346225
StorageSSD,5699.0,5,-0.13102225518432808
StorageSSD,949.0,5,-0.41909840405955556
StorageSSD,1250.0,5,-0.40084347336240955
StorageSSD,779.0,5,-0.4294084978087742
StorageSSD,1999.0,5,-0.3554184132555579
StorageSSD,1800.0,5,-0.3674872877031727
StorageSSD,1896.0,5,-0.36166511711537863
StorageSSD,3200.0,5,-0.2825806332978425
StorageSSD,1299.0,5,-0.397871740458223
StorageSSD,920.0,5,-0.4208571847579517
StorageSSD,1590.0,5,-0.38022328586397225
StorageSSD,1299.0,5,-0.397871740458223
StorageSSD,5550.0,5,-0.1400587491174668
StorageSSD,1550.0,5,-0.3826491902755531
StorageSSD,1199.0,5,-0.4039365014871752
StorageSSD,2933.0,5,-0.29877354524514477
StorageSSD,6200.0,5,-0.10063780242927778
StorageSSD,3999.0,5,-0.23412319267651477
StorageSSD,2399.0,5,-0.3311593691397493
StorageSSD,12080.0,5,0.2559701460731091
StorageSSD,9525.0,5,0.10101550178338146
StorageSSD,3709.0,5,-0.251710999660476
StorageSSD,13591.0,5,0.3476086852205762
StorageSSD,1750.0,5,-0.3705196682176488
StorageSSD,1699.0,5,-0.3736126963424144
StorageSSD,11732.0,5,0.2348647776923556
StorageSSD,599.0,5,-0.44032506766088814
StorageSSD,1449.0,5,-0.38877459891479477
StorageSSD,28179.0,5,1.232336024124117
StorageSSD,16234.0,5,0.5079003192157817
StorageSSD,7000.0,5,-0.05211971419766051
StorageSSD,3416.0,5,-0.2694807494753058
StorageSSD,55249.0,5,2.8740668346614657
StorageSSD,1350.0,5,-0.3947787123334574
StorageSSD,2637.0,5,-0.31672523789084317
StorageSSD,25109.0,5,1.0461478605352856
StorageSSD,1549.0,5,-0.3827098378858426
StorageSSD,1999.0,5,-0.3554184132555579
StorageSSD,3199.0,5,-0.282641280908132
StorageSSD,3499.0,5,-0.26444699782127556
StorageSSD,1449.0,5,-0.38877459891479477
StorageSSD,2325.0,5,-0.3356472923011739
StorageSSD,12099.0,5,0.25712245066861
StorageSSD,1099.0,5,-0.41000126251612734
StorageSSD,2100.0,5,-0.34929300461631624
StorageSSD,2399.0,5,-0.3311593691397493
StorageSSD,10059.0,5,0.133401325677986
StorageSSD,2596.0,5,-0.31921178991271354
StorageSSD,2750.0,5,-0.3098720579281272
StorageSSD,1175.0,5,-0.4053920441341237
StorageSSD,2754.0,5,-0.3096294674869691
StorageSSD,2050.0,5,-0.3523253851307923
StorageSSD,1300.0,5,-0.3978110928479335
StorageSSD,799.0,5,-0.4281955456029838
StorageSSD,10746.0,5,0.1750662339468873
StorageSSD,1749.0,5,-0.3705803158279383
StorageSSD,2199.0,5,-0.3432888911976536
StorageSSD,5579.0,5,-0.13829996841907066
StorageSSD,9099.0,5,0.07517961980004527
StorageSSD,3059.0,5,-0.291131946348665
StorageSSD,920.0,5,-0.4208571847579517
StorageSSD,840.0,5,-0.4257089935811134
StorageSSD,4799.0,5,-0.1856051044448975
StorageSSD,1899.0,5,-0.36148317428451004
StorageSSD,2599.0,5,-0.31902984708184495
StorageSSD,1299.0,5,-0.397871740458223
StorageSSD,1199.0,5,-0.4039365014871752
StorageSSD,2425.0,5,-0.3295825312722217
StorageSSD,2699.0,5,-0.3129650860528928
StorageSSD,2449.0,5,-0.32812698862527323
StorageSSD,1489.0,5,-0.3863486945032139
StorageSSD,9499.0,5,0.0994386639158539
StorageSSD,2259.0,5,-0.3396500345802823
StorageSSD,2450.0,5,-0.32806634101498366
StorageSSD,9499.0,5,0.0994386639158539
StorageSSD,2699.0,5,-0.3129650860528928
StorageSSD,1700.0,5,-0.3735520487321249
StorageSSD,1250.0,5,-0.40084347336240955
StorageSSD,16234.0,5,0.5079003192157817
StorageSSD,3499.0,5,-0.26444699782127556
StorageSSD,1299.0,5,-0.397871740458223
StorageSSD,7000.0,5,-0.05211971419766051
StorageSSD,2499.0,5,-0.3250946081107971
StorageSSD,3490.0,5,-0.26499282631388127
StorageSSD,3999.0,5,-0.23412319267651477
StorageSSD,44183.0,5,2.20294037919762
StorageSSD,1175.0,5,-0.4053920441341237
StorageSSD,2569.0,5,-0.3208492753905306
StorageSSD,3039.0,5,-0.2923448985544555
StorageSSD,12890.0,5,0.3050947104076216
StorageSSD,2500.0,5,-0.3250339605005076
StorageSSD,892.0,5,-0.4225553178460583
StorageSSD,2999.0,5,-0.29477080296603636
StorageSSD,1929.0,5,-0.3596637459758244
StorageSSD,1739.0,5,-0.37118679193083354
StorageSSD,889.0,5,-0.42273726067692685
StorageSSD,799.0,5,-0.4281955456029838
StorageSSD,5764.0,5,-0.1270801605155092
StorageSSD,2049.0,5,-0.3523860327410818
StorageSSD,3059.0,5,-0.291131946348665
StorageSSD,6108.0,5,-0.10621738257591376
StorageSSD,1850.0,5,-0.3644549071886966
StorageSSD,2690.0,5,-0.3135109145454985
StorageSSD,1599.0,5,-0.37967745737136654
StorageSSD,2359.0,5,-0.33358527355133016
StorageSSD,1049.0,5,-0.4130336430306034
StorageSSD,1140.0,5,-0.40751471049425697
StorageSSD,3200.0,5,-0.2825806332978425
StorageSSD,122862.0,5,6.974633709166888
StorageSSD,6707.0,5,-0.06988946401249034
StorageSSD,2052.0,5,-0.3522040899102133
StorageSSD,4567.0,5,-0.19967535003206652
StorageSSD,2933.0,5,-0.29877354524514477
StorageSSD,2699.0,5,-0.3129650860528928
StorageSSD,2125.0,5,-0.3477768143590782
StorageSSD,3499.0,5,-0.26444699782127556
StorageSSD,2100.0,5,-0.34929300461631624
StorageSSD,1999.0,5,-0.3554184132555579
StorageSSD,2125.0,5,-0.3477768143590782
StorageSSD,2499.0,5,-0.3250946081107971
StorageSSD,949.0,5,-0.41909840405955556
StorageSSD,4099.0,5,-0.2280584316475626
StorageSSD,5764.0,5,-0.1270801605155092
StorageSSD,949.0,5,-0.41909840405955556
StorageSSD,2125.0,5,-0.3477768143590782
StorageSSD,1949.0,5,-0.35845079377003397
StorageSSD,2395.0,5,-0.33140195958090735
StorageSSD,3316.0,5,-0.275545510504258
StorageSSD,3595.0,5,-0.25862482723348146
StorageSSD,3765.0,5,-0.2483147334842628
StorageSSD,2959.0,5,-0.2971967073776172
StorageSSD,6108.0,5,-0.10621738257591376
StorageSSD,4199.0,5,-0.22199367061861044
StorageSSD,3039.0,5,-0.2923448985544555
StorageSSD,2600.0,5,-0.31896919947155544
StorageSSD,1296.0,5,-0.3980536832890916
StorageSSD,2600.0,5,-0.31896919947155544
StorageSSD,2424.0,5,-0.32964317888251127
StorageSSD,4464.0,5,-0.20592205389188722
StorageSSD,23219.0,5,0.9315238770880899
StorageSSD,1250.0,5,-0.40084347336240955
StorageSSD,3850.0,5,-0.24315968660965348
StorageSSD,122862.0,5,6.974633709166888
StorageSSD,2600.0,5,-0.31896919947155544
StorageSSD,4549.0,5,-0.2007670070172779
StorageSSD,2499.0,5,-0.3250946081107971
StorageSSD,3499.0,5,-0.26444699782127556
StorageSSD,1950.0,5,-0.35839014615974446
StorageSSD,3298.0,5,-0.27663716748946937
StorageSSD,2299.0,5,-0.33722413016870145
StorageSSD,5199.0,5,-0.16134606032908888
StorageSSD,999.0,5,-0.4160660235450795
StorageSSD,11908.0,5,0.24553875710331138
StorageSSD,2600.0,5,-0.31896919947155544
StorageSSD,2499.0,5,-0.3250946081107971
StorageSSD,1250.0,5,-0.40084347336240955
StorageSSD,5199.0,5,-0.16134606032908888
StorageSSD,899.0,5,-0.42213078457403164
StorageSSD,999.0,5,-0.4160660235450795
StorageSSD,1250.0,5,-0.40084347336240955
StorageSSD,2250.0,5,-0.340195863072888
StorageSSD,2253.0,5,-0.34001392024201943
StorageSSD,23219.0,5,0.9315238770880899
StorageSSD,1699.0,5,-0.3736126963424144
StorageSSD,3298.0,5,-0.27663716748946937
StorageSSD,2699.0,5,-0.3129650860528928
StorageSSD,11699.0,5,0.23286340655280138
StorageSSD,23999.0,5,0.9788290131139168
StorageSSD,5067.0,5,-0.16935154488730572
StorageSSD,3499.0,5,-0.26444699782127556
StorageSSD,549.0,5,-0.4433574481753642
StorageSSD,2850.0,5,-0.30380729689917507
StorageSSD,10499.0,5,0.16008627420537547
StorageSSD,6819.0,5,-0.06309693166006392
StorageSSD,1999.0,5,-0.3554184132555579
StorageSSD,3200.0,5,-0.2825806332978425
StorageSSD,7819.0,5,-0.0024493213705423433
StorageSSD,15519.0,5,0.4645372778587738
StorageSSD,2595.0,5,-0.31927243752300305
StorageSSD,899.0,5,-0.42213078457403164
StorageSSD,8469.0,5,0.03697162531764668
StorageSSD,1699.0,5,-0.3736126963424144
StorageSSD,749.0,5,-0.43122792611745986
StorageSSD,1545.0,5,-0.3829524283270007
StorageSSD,4549.0,5,-0.2007670070172779
StorageSSD,1450.0,5,-0.38871395130450526
StorageSSD,2090.0,5,-0.34989948071921145
StorageSSD,4599.0,5,-0.19773462650280182
StorageSSD,3507.0,5,-0.26396181693895937
StorageSSD,2645.0,5,-0.316240057008527
StorageSSD,1499.0,5,-0.3857422184003187
StorageSSD,1300.0,5,-0.3978110928479335
StorageSSD,1325.0,5,-0.39629490259069544
StorageSSD,1099.0,5,-0.41000126251612734
StorageSSD,1349.0,5,-0.3948393599437469
StorageSSD,1419.0,5,-0.3905940272234804
StorageSSD,2183.0,5,-0.34425925296228593
StorageSSD,2579.0,5,-0.3202427992876354
StorageSSD,749.0,5,-0.43122792611745986
StorageSSD,3500.0,5,-0.26438635021098605
StorageSSD,2483.0,5,-0.3260649698754295
StorageSSD,4202.0,5,-0.22181172778774189
StorageSSD,2119.0,5,-0.3481407000208153
StorageSSD,3709.0,5,-0.251710999660476
StorageSSD,6049.0,5,-0.10979559158299554
StorageSSD,4299.0,5,-0.2159289095896583
StorageSSD,1250.0,5,-0.40084347336240955
StorageSSD,1390.0,5,-0.39235280792187655
StorageSSD,920.0,5,-0.4208571847579517
StorageSSD,3029.0,5,-0.2929513746573507
StorageSSD,1399.0,5,-0.39180697942927084
StorageSSD,1899.0,5,-0.36148317428451004
StorageSSD,2499.0,5,-0.3250946081107971
StorageSSD,689.0,5,-0.4348667827348312
StorageSSD,3902.0,5,-0.24000601087459836
StorageSSD,5169.0,5,-0.16316548863777453
StorageSSD,1896.0,5,-0.36166511711537863
StorageSSD,3299.0,5,-0.27657651987917986
StorageSSD,1440.0,5,-0.38932042740740047
StorageSSD,1809.0,5,-0.36694145921056703
StorageSSD,3699.0,5,-0.2523174757633712
StorageSSD,1299.0,5,-0.397871740458223
StorageSSD,3899.0,5,-0.24018795370546692
StorageSSD,1199.0,5,-0.4039365014871752
StorageSSD,2325.0,5,-0.3356472923011739
StorageSSD,1899.0,5,-0.36148317428451004
StorageSSD,1349.0,5,-0.3948393599437469
StorageSSD,1199.0,5,-0.4039365014871752
StorageSSD,3300.0,5,-0.27651587226889035
StorageSSD,1758.0,5,-0.3700344873353326
StorageSSD,1220.0,5,-0.4026629016710952
StorageSSD,3999.0,5,-0.23412319267651477
StorageSSD,2103.0,5,-0.34911106178544765
StorageSSD,1299.0,5,-0.397871740458223
StorageSSD,1809.0,5,-0.36694145921056703
StorageSSD,3248.0,5,-0.27966954800394545
StorageSSD,2100.0,5,-0.34929300461631624
StorageSSD,5999.0,5,-0.11282797209747161
StorageSSD,1799.0,5,-0.36754793531346225
StorageSSD,1799.0,5,-0.36754793531346225
StorageSSD,5699.0,5,-0.13102225518432808
StorageSSD,949.0,5,-0.41909840405955556
StorageSSD,1250.0,5,-0.40084347336240955
StorageSSD,779.0,5,-0.4294084978087742
StorageSSD,1999.0,5,-0.3554184132555579
StorageSSD,1800.0,5,-0.3674872877031727
StorageSSD,1896.0,5,-0.36166511711537863
StorageSSD,3200.0,5,-0.2825806332978425
StorageSSD,1299.0,5,-0.397871740458223
StorageSSD,920.0,5,-0.4208571847579517
StorageSSD,1590.0,5,-0.38022328586397225
StorageSSD,1299.0,5,-0.397871740458223
StorageSSD,5550.0,5,-0.1400587491174668
StorageSSD,1550.0,5,-0.3826491902755531
StorageSSD,1199.0,5,-0.4039365014871752
StorageSSD,2933.0,5,-0.29877354524514477
StorageSSD,6200.0,5,-0.10063780242927778
StorageSSD,3999.0,5,-0.23412319267651477
StorageSSD,2399.0,5,-0.3311593691397493
StorageSSD,12080.0,5,0.2559701460731091
StorageSSD,9525.0,5,0.10101550178338146
StorageSSD,3709.0,5,-0.251710999660476
StorageSSD,13591.0,5,0.3476086852205762
StorageSSD,1750.0,5,-0.3705196682176488
StorageSSD,1699.0,5,-0.3736126963424144
StorageSSD,11732.0,5,0.2348647776923556
StorageSSD,599.0,5,-0.44032506766088814
StorageSSD,1449.0,5,-0.38877459891479477
StorageSSD,28179.0,5,1.232336024124117
StorageSSD,16234.0,5,0.5079003192157817
StorageSSD,7000.0,5,-0.05211971419766051
StorageSSD,3416.0,5,-0.2694807494753058
StorageSSD,55249.0,5,2.8740668346614657
StorageSSD,1350.0,5,-0.3947787123334574
StorageSSD,2637.0,5,-0.31672523789084317
StorageSSD,25109.0,5,1.0461478605352856
StorageSSD,1549.0,5,-0.3827098378858426
StorageSSD,1999.0,5,-0.3554184132555579
StorageSSD,3199.0,5,-0.282641280908132
StorageSSD,3499.0,5,-0.26444699782127556
StorageSSD,1449.0,5,-0.38877459891479477
StorageSSD,2325.0,5,-0.3356472923011739
StorageSSD,12099.0,5,0.25712245066861
StorageSSD,1099.0,5,-0.41000126251612734
StorageSSD,2100.0,5,-0.34929300461631624
StorageSSD,2399.0,5,-0.3311593691397493
StorageSSD,10059.0,5,0.133401325677986
StorageSSD,2596.0,5,-0.31921178991271354
StorageSSD,2750.0,5,-0.3098720579281272
StorageSSD,1175.0,5,-0.4053920441341237
StorageSSD,2754.0,5,-0.3096294674869691
StorageSSD,2050.0,5,-0.3523253851307923
StorageSSD,1300.0,5,-0.3978110928479335
StorageSSD,799.0,5,-0.4281955456029838
StorageSSD,10746.0,5,0.1750662339468873
StorageSSD,1749.0,5,-0.3705803158279383
StorageSSD,2199.0,5,-0.3432888911976536
StorageSSD,5579.0,5,-0.13829996841907066
StorageSSD,9099.0,5,0.07517961980004527
StorageSSD,3059.0,5,-0.291131946348665
StorageSSD,920.0,5,-0.4208571847579517
StorageSSD,840.0,5,-0.4257089935811134
StorageSSD,4799.0,5,-0.1856051044448975
StorageSSD,1899.0,5,-0.36148317428451004
StorageSSD,2599.0,5,-0.31902984708184495
StorageSSD,1299.0,5,-0.397871740458223
StorageSSD,1199.0,5,-0.4039365014871752
StorageSSD,2425.0,5,-0.3295825312722217
StorageSSD,2699.0,5,-0.3129650860528928
StorageSSD,2449.0,5,-0.32812698862527323
StorageSSD,1489.0,5,-0.3863486945032139
StorageSSD,9499.0,5,0.0994386639158539
StorageSSD,2259.0,5,-0.3396500345802823
StorageSSD,2450.0,5,-0.32806634101498366
StorageSSD,9499.0,5,0.0994386639158539
StorageSSD,2699.0,5,-0.3129650860528928
StorageSSD,1700.0,5,-0.3735520487321249
StorageSSD,1250.0,5,-0.40084347336240955
StorageSSD,16234.0,5,0.5079003192157817
StorageSSD,3499.0,5,-0.26444699782127556
StorageSSD,1299.0,5,-0.397871740458223
StorageSSD,7000.0,5,-0.05211971419766051
StorageSSD,2499.0,5,-0.3250946081107971
StorageSSD,3490.0,5,-0.26499282631388127
StorageSSD,3999.0,5,-0.23412319267651477
StorageSSD,44183.0,5,2.20294037919762
StorageSSD,1175.0,5,-0.4053920441341237
StorageSSD,2569.0,5,-0.3208492753905306
StorageSSD,3039.0,5,-0.2923448985544555
StorageSSD,12890.0,5,0.3050947104076216
StorageSSD,2500.0,5,-0.3250339605005076
StorageSSD,892.0,5,-0.4225553178460583
StorageSSD,2999.0,5,-0.29477080296603636
StorageSSD,1929.0,5,-0.3596637459758244
StorageSSD,1739.0,5,-0.37118679193083354
StorageSSD,889.0,5,-0.42273726067692685
StorageSSD,799.0,5,-0.4281955456029838
StorageSSD,5764.0,5,-0.1270801605155092
StorageSSD,2049.0,5,-0.3523860327410818
StorageSSD,3059.0,5,-0.291131946348665
StorageSSD,6108.0,5,-0.10621738257591376
StorageSSD,1850.0,5,-0.3644549071886966
StorageSSD,2690.0,5,-0.3135109145454985
StorageSSD,1599.0,5,-0.37967745737136654
StorageSSD,2359.0,5,-0.33358527355133016
StorageSSD,1049.0,5,-0.4130336430306034
StorageSSD,1140.0,5,-0.40751471049425697
StorageSSD,3200.0,5,-0.2825806332978425
StorageSSD,122862.0,5,6.974633709166888
StorageSSD,6707.0,5,-0.06988946401249034
StorageSSD,2052.0,5,-0.3522040899102133
StorageSSD,4567.0,5,-0.19967535003206652
StorageSSD,2933.0,5,-0.29877354524514477
StorageSSD,2699.0,5,-0.3129650860528928
StorageSSD,2125.0,5,-0.3477768143590782
StorageSSD,3499.0,5,-0.26444699782127556
StorageSSD,2100.0,5,-0.34929300461631624
StorageSSD,1999.0,5,-0.3554184132555579
StorageSSD,2125.0,5,-0.3477768143590782
StorageSSD,2499.0,5,-0.3250946081107971
StorageSSD,949.0,5,-0.41909840405955556
StorageSSD,4099.0,5,-0.2280584316475626
StorageSSD,5764.0,5,-0.1270801605155092
StorageSSD,949.0,5,-0.41909840405955556
StorageSSD,2125.0,5,-0.3477768143590782
StorageSSD,1949.0,5,-0.35845079377003397
StorageSSD,2395.0,5,-0.33140195958090735
StorageSSD,3316.0,5,-0.275545510504258
StorageSSD,3595.0,5,-0.25862482723348146
StorageSSD,3765.0,5,-0.2483147334842628
StorageSSD,2959.0,5,-0.2971967073776172
StorageSSD,6108.0,5,-0.10621738257591376
StorageSSD,4199.0,5,-0.22199367061861044
StorageSSD,3039.0,5,-0.2923448985544555
StorageSSD,2600.0,5,-0.31896919947155544
StorageSSD,1296.0,5,-0.3980536832890916
StorageSSD,2600.0,5,-0.31896919947155544
StorageSSD,2424.0,5,-0.32964317888251127
StorageSSD,4464.0,5,-0.20592205389188722
StorageSSD,23219.0,5,0.9315238770880899
StorageSSD,1250.0,5,-0.40084347336240955
StorageSSD,3850.0,5,-0.24315968660965348
StorageSSD,122862.0,5,6.974633709166888
StorageSSD,2600.0,5,-0.31896919947155544
StorageSSD,4549.0,5,-0.2007670070172779
StorageSSD,2499.0,5,-0.3250946081107971
StorageSSD,3499.0,5,-0.26444699782127556
StorageSSD,1950.0,5,-0.35839014615974446
StorageSSD,3298.0,5,-0.27663716748946937
StorageSSD,2299.0,5,-0.33722413016870145
StorageSSD,5199.0,5,-0.16134606032908888
StorageSSD,999.0,5,-0.4160660235450795
StorageSSD,11908.0,5,0.24553875710331138
StorageSSD,2600.0,5,-0.31896919947155544
StorageSSD,2499.0,5,-0.3250946081107971
StorageSSD,1250.0,5,-0.40084347336240955
StorageSSD,5199.0,5,-0.16134606032908888
StorageSSD,899.0,5,-0.42213078457403164
StorageSSD,999.0,5,-0.4160660235450795
StorageSSD,1250.0,5,-0.40084347336240955
StorageSSD,2250.0,5,-0.340195863072888
StorageSSD,2253.0,5,-0.34001392024201943
StorageSSD,23219.0,5,0.9315238770880899
StorageSSD,1699.0,5,-0.3736126963424144
StorageSSD,3298.0,5,-0.27663716748946937
StorageSSD,2699.0,5,-0.3129650860528928
StorageSSD,11699.0,5,0.23286340655280138
StorageSSD,23999.0,5,0.9788290131139168
StorageSSD,5067.0,5,-0.16935154488730572
StorageSSD,3499.0,5,-0.26444699782127556
StorageSSD,549.0,5,-0.4433574481753642
StorageSSD,2850.0,5,-0.30380729689917507
StorageSSD,10499.0,5,0.16008627420537547
StorageSSD,6819.0,5,-0.06309693166006392
StorageSSD,1999.0,5,-0.3554184132555579
StorageSSD,3200.0,5,-0.2825806332978425
StorageSSD,7819.0,5,-0.0024493213705423433
StorageSSD,15519.0,5,0.4645372778587738
StorageSSD,2595.0,5,-0.31927243752300305
StorageSSD,899.0,5,-0.42213078457403164
StorageSSD,8469.0,5,0.03697162531764668
StorageSSD,1699.0,5,-0.3736126963424144
StorageSSD,749.0,5,-0.43122792611745986
StorageSSD,1545.0,5,-0.3829524283270007
StorageSSD,4549.0,5,-0.2007670070172779
StorageSSD,1450.0,5,-0.38871395130450526
StorageSSD,2090.0,5,-0.34989948071921145
StorageSSD,4599.0,5,-0.19773462650280182
StorageSSD,3507.0,5,-0.26396181693895937
StorageSSD,2645.0,5,-0.316240057008527
StorageSSD,1499.0,5,-0.3857422184003187
StorageSSD,1300.0,5,-0.3978110928479335
StorageSSD,1325.0,5,-0.39629490259069544
StorageSSD,7099.0,5,-0.04611560077899788
StorageSSD,14699.0,5,0.4148062374213661
StorageSSD,2999.0,5,-0.29477080296603636
StorageSSD,3200.0,5,-0.2825806332978425
StorageSSD,985.0,5,-0.4169150900891328
StorageSSD,2499.0,5,-0.3250946081107971
StorageSSD,8849.0,5,0.06001771722766488
StorageSSD,8999.0,5,0.06911485877109312
StorageSSD,1700.0,5,-0.3735520487321249
StorageSSD,1325.0,5,-0.39629490259069544
StorageSSD,5999.0,5,-0.11282797209747161
StorageSSD,8899.0,5,0.06305009774214096
StorageSSD,3149.0,5,-0.2856736614226081
StorageSSD,2700.0,5,-0.3129044384426033
StorageSSD,1970.0,5,-0.35717719395395403
StorageSSD,3899.0,5,-0.24018795370546692
StorageSSD,2049.0,5,-0.3523860327410818
StorageSSD,32087.0,5,1.4693468851355673
StorageSSD,4199.0,5,-0.22199367061861044
StorageSSD,13019.0,5,0.3129182521349699
StorageSSD,2799.0,5,-0.30690032502394066
StorageSSD,6099.0,5,-0.10676321106851945
StorageSSD,1440.0,5,-0.38932042740740047
StorageSSD,3500.0,5,-0.26438635021098605
StorageSSD,1600.0,5,-0.37961680976107703
StorageSSD,4399.0,5,-0.20986414856070612
StorageSSD,21563.0,5,0.8310914344486422
StorageSSD,10265.0,5,0.14589473339762743
StorageSSD,2399.0,5,-0.3311593691397493
StorageSSD,2163.0,5,-0.34547220516807636
StorageSSD,2149.0,5,-0.3463212717121297
StorageSSD,1800.0,5,-0.3674872877031727
StorageSSD,2199.0,5,-0.3432888911976536
StorageSSD,23184.0,5,0.9294012107279567
StorageSSD,1199.0,5,-0.4039365014871752
StorageSSD,24139.0,5,0.9873196785544498
StorageSSD,1997.0,5,-0.355539708476137
StorageSSD,1899.0,5,-0.36148317428451004
StorageSSD,26207.0,5,1.1127389366331804
StorageSSD,5999.0,5,-0.11282797209747161
StorageSSD,1099.0,5,-0.41000126251612734
StorageSSD,1349.0,5,-0.3948393599437469
StorageSSD,1419.0,5,-0.3905940272234804
StorageSSD,2183.0,5,-0.34425925296228593
StorageSSD,2579.0,5,-0.3202427992876354
StorageSSD,749.0,5,-0.43122792611745986
StorageSSD,3500.0,5,-0.26438635021098605
StorageSSD,2483.0,5,-0.3260649698754295
StorageSSD,4202.0,5,-0.22181172778774189
StorageSSD,2119.0,5,-0.3481407000208153
StorageSSD,3709.0,5,-0.251710999660476
StorageSSD,6049.0,5,-0.10979559158299554
StorageSSD,4299.0,5,-0.2159289095896583
StorageSSD,1250.0,5,-0.40084347336240955
StorageSSD,1390.0,5,-0.39235280792187655
StorageSSD,920.0,5,-0.4208571847579517
StorageSSD,3029.0,5,-0.2929513746573507
StorageSSD,1399.0,5,-0.39180697942927084
StorageSSD,1899.0,5,-0.36148317428451004
StorageSSD,2499.0,5,-0.3250946081107971
StorageSSD,689.0,5,-0.4348667827348312
StorageSSD,3902.0,5,-0.24000601087459836
StorageSSD,5169.0,5,-0.16316548863777453
StorageSSD,1896.0,5,-0.36166511711537863
StorageSSD,3299.0,5,-0.27657651987917986
StorageSSD,1440.0,5,-0.38932042740740047
StorageSSD,1809.0,5,-0.36694145921056703
StorageSSD,3699.0,5,-0.2523174757633712
StorageSSD,1299.0,5,-0.397871740458223
StorageSSD,3899.0,5,-0.24018795370546692
StorageSSD,1199.0,5,-0.4039365014871752
StorageSSD,2325.0,5,-0.3356472923011739
StorageSSD,1899.0,5,-0.36148317428451004
StorageSSD,1349.0,5,-0.3948393599437469
StorageSSD,1199.0,5,-0.4039365014871752
StorageSSD,3300.0,5,-0.27651587226889035
StorageSSD,1758.0,5,-0.3700344873353326
StorageSSD,1220.0,5,-0.4026629016710952
StorageSSD,3999.0,5,-0.23412319267651477
StorageSSD,2103.0,5,-0.34911106178544765
StorageSSD,1299.0,5,-0.397871740458223
StorageSSD,1809.0,5,-0.36694145921056703
StorageSSD,3248.0,5,-0.27966954800394545
StorageSSD,2100.0,5,-0.34929300461631624
StorageSSD,5999.0,5,-0.11282797209747161
StorageSSD,1799.0,5,-0.36754793531346225
StorageSSD,1799.0,5,-0.36754793531346225
StorageSSD,5699.0,5,-0.13102225518432808
StorageSSD,949.0,5,-0.41909840405955556
StorageSSD,1250.0,5,-0.40084347336240955
StorageSSD,779.0,5,-0.4294084978087742
StorageSSD,1999.0,5,-0.3554184132555579
StorageSSD,1800.0,5,-0.3674872877031727
StorageSSD,1896.0,5,-0.36166511711537863
StorageSSD,3200.0,5,-0.2825806332978425
StorageSSD,1299.0,5,-0.397871740458223
StorageSSD,920.0,5,-0.4208571847579517
StorageSSD,1590.0,5,-0.38022328586397225
StorageSSD,1299.0,5,-0.397871740458223
StorageSSD,5550.0,5,-0.1400587491174668
StorageSSD,1550.0,5,-0.3826491902755531
StorageSSD,1199.0,5,-0.4039365014871752
StorageSSD,2933.0,5,-0.29877354524514477
StorageSSD,6200.0,5,-0.10063780242927778
StorageSSD,3999.0,5,-0.23412319267651477
StorageSSD,2399.0,5,-0.3311593691397493
StorageSSD,12080.0,5,0.2559701460731091
StorageSSD,9525.0,5,0.10101550178338146
StorageSSD,3709.0,5,-0.251710999660476
StorageSSD,13591.0,5,0.3476086852205762
StorageSSD,1750.0,5,-0.3705196682176488
StorageSSD,1699.0,5,-0.3736126963424144
StorageSSD,11732.0,5,0.2348647776923556
StorageSSD,599.0,5,-0.44032506766088814
StorageSSD,1449.0,5,-0.38877459891479477
StorageSSD,28179.0,5,1.232336024124117
StorageSSD,16234.0,5,0.5079003192157817
StorageSSD,7000.0,5,-0.05211971419766051
StorageSSD,3416.0,5,-0.2694807494753058
StorageSSD,55249.0,5,2.8740668346614657
StorageSSD,1350.0,5,-0.3947787123334574
StorageSSD,2637.0,5,-0.31672523789084317
StorageSSD,25109.0,5,1.0461478605352856
StorageSSD,1549.0,5,-0.3827098378858426
StorageSSD,1999.0,5,-0.3554184132555579
StorageSSD,3199.0,5,-0.282641280908132
StorageSSD,3499.0,5,-0.26444699782127556
StorageSSD,1449.0,5,-0.38877459891479477
StorageSSD,2325.0,5,-0.3356472923011739
StorageSSD,12099.0,5,0.25712245066861
StorageSSD,1099.0,5,-0.41000126251612734
StorageSSD,2100.0,5,-0.34929300461631624
StorageSSD,2399.0,5,-0.3311593691397493
StorageSSD,10059.0,5,0.133401325677986
StorageSSD,2596.0,5,-0.31921178991271354
StorageSSD,2750.0,5,-0.3098720579281272
StorageSSD,1175.0,5,-0.4053920441341237
StorageSSD,2754.0,5,-0.3096294674869691
StorageSSD,2050.0,5,-0.3523253851307923
StorageSSD,1300.0,5,-0.3978110928479335
StorageSSD,799.0,5,-0.4281955456029838
StorageSSD,10746.0,5,0.1750662339468873
StorageSSD,1749.0,5,-0.3705803158279383
StorageSSD,2199.0,5,-0.3432888911976536
StorageSSD,5579.0,5,-0.13829996841907066
StorageSSD,9099.0,5,0.07517961980004527
StorageSSD,3059.0,5,-0.291131946348665
StorageSSD,920.0,5,-0.4208571847579517
StorageSSD,840.0,5,-0.4257089935811134
StorageSSD,4799.0,5,-0.1856051044448975
StorageSSD,1899.0,5,-0.36148317428451004
StorageSSD,2599.0,5,-0.31902984708184495
StorageSSD,1299.0,5,-0.397871740458223
StorageSSD,1199.0,5,-0.4039365014871752
StorageSSD,2425.0,5,-0.3295825312722217
StorageSSD,2699.0,5,-0.3129650860528928
StorageSSD,2449.0,5,-0.32812698862527323
StorageSSD,1489.0,5,-0.3863486945032139
StorageSSD,9499.0,5,0.0994386639158539
StorageSSD,2259.0,5,-0.3396500345802823
StorageSSD,2450.0,5,-0.32806634101498366
StorageSSD,9499.0,5,0.0994386639158539
StorageSSD,2699.0,5,-0.3129650860528928
StorageSSD,1700.0,5,-0.3735520487321249
StorageSSD,1250.0,5,-0.40084347336240955
StorageSSD,16234.0,5,0.5079003192157817
StorageSSD,3499.0,5,-0.26444699782127556
StorageSSD,1299.0,5,-0.397871740458223
StorageSSD,7000.0,5,-0.05211971419766051
StorageSSD,2499.0,5,-0.3250946081107971
StorageSSD,3490.0,5,-0.26499282631388127
StorageSSD,3999.0,5,-0.23412319267651477
StorageSSD,44183.0,5,2.20294037919762
StorageSSD,1175.0,5,-0.4053920441341237
StorageSSD,2569.0,5,-0.3208492753905306
StorageSSD,3039.0,5,-0.2923448985544555
StorageSSD,12890.0,5,0.3050947104076216
StorageSSD,2500.0,5,-0.3250339605005076
StorageSSD,892.0,5,-0.4225553178460583
StorageSSD,2999.0,5,-0.29477080296603636
StorageSSD,1929.0,5,-0.3596637459758244
StorageSSD,1739.0,5,-0.37118679193083354
StorageSSD,889.0,5,-0.42273726067692685
StorageSSD,799.0,5,-0.4281955456029838
StorageSSD,5764.0,5,-0.1270801605155092
StorageSSD,2049.0,5,-0.3523860327410818
StorageSSD,3059.0,5,-0.291131946348665
StorageSSD,6108.0,5,-0.10621738257591376
StorageSSD,1850.0,5,-0.3644549071886966
StorageSSD,2690.0,5,-0.3135109145454985
StorageSSD,1599.0,5,-0.37967745737136654
StorageSSD,2359.0,5,-0.33358527355133016
StorageSSD,1049.0,5,-0.4130336430306034
StorageSSD,1140.0,5,-0.40751471049425697
StorageSSD,3200.0,5,-0.2825806332978425
StorageSSD,122862.0,5,6.974633709166888
StorageSSD,6707.0,5,-0.06988946401249034
StorageSSD,2052.0,5,-0.3522040899102133
StorageSSD,4567.0,5,-0.19967535003206652
StorageSSD,2933.0,5,-0.29877354524514477
StorageSSD,2699.0,5,-0.3129650860528928
StorageSSD,2125.0,5,-0.3477768143590782
StorageSSD,3499.0,5,-0.26444699782127556
StorageSSD,2100.0,5,-0.34929300461631624
StorageSSD,1999.0,5,-0.3554184132555579
StorageSSD,2125.0,5,-0.3477768143590782
StorageSSD,2499.0,5,-0.3250946081107971
StorageSSD,949.0,5,-0.41909840405955556
StorageSSD,4099.0,5,-0.2280584316475626
StorageSSD,5764.0,5,-0.1270801605155092
StorageSSD,949.0,5,-0.41909840405955556
StorageSSD,2125.0,5,-0.3477768143590782
StorageSSD,1949.0,5,-0.35845079377003397
StorageSSD,2395.0,5,-0.33140195958090735
StorageSSD,3316.0,5,-0.275545510504258
StorageSSD,3595.0,5,-0.25862482723348146
StorageSSD,3765.0,5,-0.2483147334842628
StorageSSD,2959.0,5,-0.2971967073776172
StorageSSD,6108.0,5,-0.10621738257591376
StorageSSD,4199.0,5,-0.22199367061861044
StorageSSD,3039.0,5,-0.2923448985544555
StorageSSD,2600.0,5,-0.31896919947155544
StorageSSD,1296.0,5,-0.3980536832890916
StorageSSD,2600.0,5,-0.31896919947155544
StorageSSD,2424.0,5,-0.32964317888251127
StorageSSD,4464.0,5,-0.20592205389188722
StorageSSD,23219.0,5,0.9315238770880899
StorageSSD,1250.0,5,-0.40084347336240955
StorageSSD,3850.0,5,-0.24315968660965348
StorageSSD,122862.0,5,6.974633709166888
StorageSSD,2600.0,5,-0.31896919947155544
StorageSSD,4549.0,5,-0.2007670070172779
StorageSSD,2499.0,5,-0.3250946081107971
StorageSSD,3499.0,5,-0.26444699782127556
StorageSSD,1950.0,5,-0.35839014615974446
StorageSSD,3298.0,5,-0.27663716748946937
StorageSSD,2299.0,5,-0.33722413016870145
StorageSSD,5199.0,5,-0.16134606032908888
StorageSSD,999.0,5,-0.4160660235450795
StorageSSD,11908.0,5,0.24553875710331138
StorageSSD,2600.0,5,-0.31896919947155544
StorageSSD,2499.0,5,-0.3250946081107971
StorageSSD,1250.0,5,-0.40084347336240955
StorageSSD,5199.0,5,-0.16134606032908888
StorageSSD,899.0,5,-0.42213078457403164
StorageSSD,999.0,5,-0.4160660235450795
StorageSSD,1250.0,5,-0.40084347336240955
StorageSSD,2250.0,5,-0.340195863072888
StorageSSD,2253.0,5,-0.34001392024201943
StorageSSD,23219.0,5,0.9315238770880899
StorageSSD,1699.0,5,-0.3736126963424144
StorageSSD,3298.0,5,-0.27663716748946937
StorageSSD,2699.0,5,-0.3129650860528928
StorageSSD,11699.0,5,0.23286340655280138
StorageSSD,23999.0,5,0.9788290131139168
StorageSSD,5067.0,5,-0.16935154488730572
StorageSSD,3499.0,5,-0.26444699782127556
StorageSSD,549.0,5,-0.4433574481753642
StorageSSD,2850.0,5,-0.30380729689917507
StorageSSD,10499.0,5,0.16008627420537547
StorageSSD,6819.0,5,-0.06309693166006392
StorageSSD,1999.0,5,-0.3554184132555579
StorageSSD,3200.0,5,-0.2825806332978425
StorageSSD,7819.0,5,-0.0024493213705423433
StorageSSD,15519.0,5,0.4645372778587738
StorageSSD,2595.0,5,-0.31927243752300305
StorageSSD,899.0,5,-0.42213078457403164
StorageSSD,8469.0,5,0.03697162531764668
StorageSSD,1699.0,5,-0.3736126963424144
StorageSSD,749.0,5,-0.43122792611745986
StorageSSD,1545.0,5,-0.3829524283270007
StorageSSD,4549.0,5,-0.2007670070172779
StorageSSD,1450.0,5,-0.38871395130450526
StorageSSD,2090.0,5,-0.34989948071921145
StorageSSD,4599.0,5,-0.19773462650280182
StorageSSD,3507.0,5,-0.26396181693895937
StorageSSD,2645.0,5,-0.316240057008527
StorageSSD,1499.0,5,-0.3857422184003187
StorageSSD,1300.0,5,-0.3978110928479335
StorageSSD,1325.0,5,-0.39629490259069544
StorageSSD,7099.0,5,-0.04611560077899788
StorageSSD,14699.0,5,0.4148062374213661
StorageSSD,2999.0,5,-0.29477080296603636
StorageSSD,3200.0,5,-0.2825806332978425
StorageSSD,985.0,5,-0.4169150900891328
StorageSSD,2499.0,5,-0.3250946081107971
StorageSSD,8849.0,5,0.06001771722766488
StorageSSD,8999.0,5,0.06911485877109312
StorageSSD,1700.0,5,-0.3735520487321249
StorageSSD,1325.0,5,-0.39629490259069544
StorageSSD,5999.0,5,-0.11282797209747161
StorageSSD,8899.0,5,0.06305009774214096
StorageSSD,3149.0,5,-0.2856736614226081
StorageSSD,2700.0,5,-0.3129044384426033
StorageSSD,1970.0,5,-0.35717719395395403
StorageSSD,3899.0,5,-0.24018795370546692
StorageSSD,2049.0,5,-0.3523860327410818
StorageSSD,32087.0,5,1.4693468851355673
StorageSSD,4199.0,5,-0.22199367061861044
StorageSSD,13019.0,5,0.3129182521349699
StorageSSD,2799.0,5,-0.30690032502394066
StorageSSD,6099.0,5,-0.10676321106851945
StorageSSD,1440.0,5,-0.38932042740740047
StorageSSD,3500.0,5,-0.26438635021098605
StorageSSD,1600.0,5,-0.37961680976107703
StorageSSD,4399.0,5,-0.20986414856070612
StorageSSD,21563.0,5,0.8310914344486422
StorageSSD,10265.0,5,0.14589473339762743
StorageSSD,2399.0,5,-0.3311593691397493
StorageSSD,2163.0,5,-0.34547220516807636
StorageSSD,2149.0,5,-0.3463212717121297
StorageSSD,1800.0,5,-0.3674872877031727
StorageSSD,2199.0,5,-0.3432888911976536
StorageSSD,23184.0,5,0.9294012107279567
StorageSSD,1199.0,5,-0.4039365014871752
StorageSSD,24139.0,5,0.9873196785544498
StorageSSD,1997.0,5,-0.355539708476137
StorageSSD,1899.0,5,-0.36148317428451004
StorageSSD,26207.0,5,1.1127389366331804
StorageSSD,5999.0,5,-0.11282797209747161
StorageSSD,7099.0,5,-0.04611560077899788
StorageSSD,8849.0,5,0.06001771722766488
StorageSSD,6399.0,5,-0.08856892798166298
StorageSSD,2049.0,5,-0.3523860327410818
StorageSSD,2449.0,5,-0.32812698862527323
StorageSSD,4559.0,5,-0.20016053091438268
StorageSSD,14699.0,5,0.4148062374213661
StorageSSD,5999.0,5,-0.11282797209747161
StorageSSD,3599.0,5,-0.2583822367923234
StorageSSD,6499.0,5,-0.08250416695271082
StorageSSD,8999.0,5,0.06911485877109312
StorageSSD,8899.0,5,0.06305009774214096
StorageSSD,1549.0,5,-0.3827098378858426
StorageSSD,12403.0,5,0.27555932419662454
StorageSSD,2350.0,5,-0.3341311020439358
StorageSSD,899.0,5,-0.42213078457403164
StorageSSD,3240.0,5,-0.28015472888626164
StorageSSD,1900.0,5,-0.36142252667422053
StorageSSD,2599.0,5,-0.31902984708184495
StorageSSD,2099.0,5,-0.34935365222660575
StorageSSD,15999.0,5,0.49364813079774417
StorageSSD,1575.0,5,-0.38113300001831507
StorageSSD,3350.0,5,-0.2734834917544143
StorageSSD,1999.0,5,-0.3554184132555579
StorageSSD,1745.0,5,-0.3708229062690964
StorageSSD,1299.0,5,-0.397871740458223
StorageSSD,1940.0,5,-0.3589966222626397
StorageSSD,1234.0,5,-0.40181383512704194
StorageSSD,1449.0,5,-0.38877459891479477
StorageSSD,8499.0,5,0.038791053626332325
StorageSSD,2129.0,5,-0.3475342239179201
StorageSSD,1150.0,5,-0.40690823439136176
StorageSSD,2999.0,5,-0.29477080296603636
StorageSSD,6999.0,5,-0.052180361807950035
StorageSSD,915.0,5,-0.4211604228093993
StorageSSD,2702.0,5,-0.3127831432220242
StorageSSD,4900.0,5,-0.17947969580565581
StorageSSD,1099.0,5,-0.41000126251612734
StorageSSD,31039.0,5,1.4057881895521487
StorageSSD,1895.0,5,-0.36172576472566814
StorageSSD,1099.0,5,-0.41000126251612734
StorageSSD,1349.0,5,-0.3948393599437469
StorageSSD,1419.0,5,-0.3905940272234804
StorageSSD,2183.0,5,-0.34425925296228593
StorageSSD,2579.0,5,-0.3202427992876354
StorageSSD,749.0,5,-0.43122792611745986
StorageSSD,3500.0,5,-0.26438635021098605
StorageSSD,2483.0,5,-0.3260649698754295
StorageSSD,4202.0,5,-0.22181172778774189
StorageSSD,2119.0,5,-0.3481407000208153
StorageSSD,3709.0,5,-0.251710999660476
StorageSSD,6049.0,5,-0.10979559158299554
StorageSSD,4299.0,5,-0.2159289095896583
StorageSSD,1250.0,5,-0.40084347336240955
StorageSSD,1390.0,5,-0.39235280792187655
StorageSSD,920.0,5,-0.4208571847579517
StorageSSD,3029.0,5,-0.2929513746573507
StorageSSD,1399.0,5,-0.39180697942927084
StorageSSD,1899.0,5,-0.36148317428451004
StorageSSD,2499.0,5,-0.3250946081107971
StorageSSD,689.0,5,-0.4348667827348312
StorageSSD,3902.0,5,-0.24000601087459836
StorageSSD,5169.0,5,-0.16316548863777453
StorageSSD,1896.0,5,-0.36166511711537863
StorageSSD,3299.0,5,-0.27657651987917986
StorageSSD,1440.0,5,-0.38932042740740047
StorageSSD,1809.0,5,-0.36694145921056703
StorageSSD,3699.0,5,-0.2523174757633712
StorageSSD,1299.0,5,-0.397871740458223
StorageSSD,3899.0,5,-0.24018795370546692
StorageSSD,1199.0,5,-0.4039365014871752
StorageSSD,2325.0,5,-0.3356472923011739
StorageSSD,1899.0,5,-0.36148317428451004
StorageSSD,1349.0,5,-0.3948393599437469
StorageSSD,1199.0,5,-0.4039365014871752
StorageSSD,3300.0,5,-0.27651587226889035
StorageSSD,1758.0,5,-0.3700344873353326
StorageSSD,1220.0,5,-0.4026629016710952
StorageSSD,3999.0,5,-0.23412319267651477
StorageSSD,2103.0,5,-0.34911106178544765
StorageSSD,1299.0,5,-0.397871740458223
StorageSSD,1809.0,5,-0.36694145921056703
StorageSSD,3248.0,5,-0.27966954800394545
StorageSSD,2100.0,5,-0.34929300461631624
StorageSSD,5999.0,5,-0.11282797209747161
StorageSSD,1799.0,5,-0.36754793531346225
StorageSSD,1799.0,5,-0.36754793531346225
StorageSSD,5699.0,5,-0.13102225518432808
StorageSSD,949.0,5,-0.41909840405955556
StorageSSD,1250.0,5,-0.40084347336240955
StorageSSD,779.0,5,-0.4294084978087742
StorageSSD,1999.0,5,-0.3554184132555579
StorageSSD,1800.0,5,-0.3674872877031727
StorageSSD,1896.0,5,-0.36166511711537863
StorageSSD,3200.0,5,-0.2825806332978425
StorageSSD,1299.0,5,-0.397871740458223
StorageSSD,920.0,5,-0.4208571847579517
StorageSSD,1590.0,5,-0.38022328586397225
StorageSSD,1299.0,5,-0.397871740458223
StorageSSD,5550.0,5,-0.1400587491174668
StorageSSD,1550.0,5,-0.3826491902755531
StorageSSD,1199.0,5,-0.4039365014871752
StorageSSD,2933.0,5,-0.29877354524514477
StorageSSD,6200.0,5,-0.10063780242927778
StorageSSD,3999.0,5,-0.23412319267651477
StorageSSD,2399.0,5,-0.3311593691397493
StorageSSD,12080.0,5,0.2559701460731091
StorageSSD,9525.0,5,0.10101550178338146
StorageSSD,3709.0,5,-0.251710999660476
StorageSSD,13591.0,5,0.3476086852205762
StorageSSD,1750.0,5,-0.3705196682176488
StorageSSD,1699.0,5,-0.3736126963424144
StorageSSD,11732.0,5,0.2348647776923556
StorageSSD,599.0,5,-0.44032506766088814
StorageSSD,1449.0,5,-0.38877459891479477
StorageSSD,28179.0,5,1.232336024124117
StorageSSD,16234.0,5,0.5079003192157817
StorageSSD,7000.0,5,-0.05211971419766051
StorageSSD,3416.0,5,-0.2694807494753058
StorageSSD,55249.0,5,2.8740668346614657
StorageSSD,1350.0,5,-0.3947787123334574
StorageSSD,2637.0,5,-0.31672523789084317
StorageSSD,25109.0,5,1.0461478605352856
StorageSSD,1549.0,5,-0.3827098378858426
StorageSSD,1999.0,5,-0.3554184132555579
StorageSSD,3199.0,5,-0.282641280908132
StorageSSD,3499.0,5,-0.26444699782127556
StorageSSD,1449.0,5,-0.38877459891479477
StorageSSD,2325.0,5,-0.3356472923011739
StorageSSD,12099.0,5,0.25712245066861
StorageSSD,1099.0,5,-0.41000126251612734
StorageSSD,2100.0,5,-0.34929300461631624
StorageSSD,2399.0,5,-0.3311593691397493
StorageSSD,10059.0,5,0.133401325677986
StorageSSD,2596.0,5,-0.31921178991271354
StorageSSD,2750.0,5,-0.3098720579281272
StorageSSD,1175.0,5,-0.4053920441341237
StorageSSD,2754.0,5,-0.3096294674869691
StorageSSD,2050.0,5,-0.3523253851307923
StorageSSD,1300.0,5,-0.3978110928479335
StorageSSD,799.0,5,-0.4281955456029838
StorageSSD,10746.0,5,0.1750662339468873
StorageSSD,1749.0,5,-0.3705803158279383
StorageSSD,2199.0,5,-0.3432888911976536
StorageSSD,5579.0,5,-0.13829996841907066
StorageSSD,9099.0,5,0.07517961980004527
StorageSSD,3059.0,5,-0.291131946348665
StorageSSD,920.0,5,-0.4208571847579517
StorageSSD,840.0,5,-0.4257089935811134
StorageSSD,4799.0,5,-0.1856051044448975
StorageSSD,1899.0,5,-0.36148317428451004
StorageSSD,2599.0,5,-0.31902984708184495
StorageSSD,1299.0,5,-0.397871740458223
StorageSSD,1199.0,5,-0.4039365014871752
StorageSSD,2425.0,5,-0.3295825312722217
StorageSSD,2699.0,5,-0.3129650860528928
StorageSSD,2449.0,5,-0.32812698862527323
StorageSSD,1489.0,5,-0.3863486945032139
StorageSSD,9499.0,5,0.0994386639158539
StorageSSD,2259.0,5,-0.3396500345802823
StorageSSD,2450.0,5,-0.32806634101498366
StorageSSD,9499.0,5,0.0994386639158539
StorageSSD,2699.0,5,-0.3129650860528928
StorageSSD,1700.0,5,-0.3735520487321249
StorageSSD,1250.0,5,-0.40084347336240955
StorageSSD,16234.0,5,0.5079003192157817
StorageSSD,3499.0,5,-0.26444699782127556
StorageSSD,1299.0,5,-0.397871740458223
StorageSSD,7000.0,5,-0.05211971419766051
StorageSSD,2499.0,5,-0.3250946081107971
StorageSSD,3490.0,5,-0.26499282631388127
StorageSSD,3999.0,5,-0.23412319267651477
StorageSSD,44183.0,5,2.20294037919762
StorageSSD,1175.0,5,-0.4053920441341237
StorageSSD,2569.0,5,-0.3208492753905306
StorageSSD,3039.0,5,-0.2923448985544555
StorageSSD,12890.0,5,0.3050947104076216
StorageSSD,2500.0,5,-0.3250339605005076
StorageSSD,892.0,5,-0.4225553178460583
StorageSSD,2999.0,5,-0.29477080296603636
StorageSSD,1929.0,5,-0.3596637459758244
StorageSSD,1739.0,5,-0.37118679193083354
StorageSSD,889.0,5,-0.42273726067692685
StorageSSD,799.0,5,-0.4281955456029838
StorageSSD,5764.0,5,-0.1270801605155092
StorageSSD,2049.0,5,-0.3523860327410818
StorageSSD,3059.0,5,-0.291131946348665
StorageSSD,6108.0,5,-0.10621738257591376
StorageSSD,1850.0,5,-0.3644549071886966
StorageSSD,2690.0,5,-0.3135109145454985
StorageSSD,1599.0,5,-0.37967745737136654
StorageSSD,2359.0,5,-0.33358527355133016
StorageSSD,1049.0,5,-0.4130336430306034
StorageSSD,1140.0,5,-0.40751471049425697
StorageSSD,3200.0,5,-0.2825806332978425
StorageSSD,122862.0,5,6.974633709166888
StorageSSD,6707.0,5,-0.06988946401249034
StorageSSD,2052.0,5,-0.3522040899102133
StorageSSD,4567.0,5,-0.19967535003206652
StorageSSD,2933.0,5,-0.29877354524514477
StorageSSD,2699.0,5,-0.3129650860528928
StorageSSD,2125.0,5,-0.3477768143590782
StorageSSD,3499.0,5,-0.26444699782127556
StorageSSD,2100.0,5,-0.34929300461631624
StorageSSD,1999.0,5,-0.3554184132555579
StorageSSD,2125.0,5,-0.3477768143590782
StorageSSD,2499.0,5,-0.3250946081107971
StorageSSD,949.0,5,-0.41909840405955556
StorageSSD,4099.0,5,-0.2280584316475626
StorageSSD,5764.0,5,-0.1270801605155092
StorageSSD,949.0,5,-0.41909840405955556
StorageSSD,2125.0,5,-0.3477768143590782
StorageSSD,1949.0,5,-0.35845079377003397
StorageSSD,2395.0,5,-0.33140195958090735
StorageSSD,3316.0,5,-0.275545510504258
StorageSSD,3595.0,5,-0.25862482723348146
StorageSSD,3765.0,5,-0.2483147334842628
StorageSSD,2959.0,5,-0.2971967073776172
StorageSSD,6108.0,5,-0.10621738257591376
StorageSSD,4199.0,5,-0.22199367061861044
StorageSSD,3039.0,5,-0.2923448985544555
StorageSSD,2600.0,5,-0.31896919947155544
StorageSSD,1296.0,5,-0.3980536832890916
StorageSSD,2600.0,5,-0.31896919947155544
StorageSSD,2424.0,5,-0.32964317888251127
StorageSSD,4464.0,5,-0.20592205389188722
StorageSSD,23219.0,5,0.9315238770880899
StorageSSD,1250.0,5,-0.40084347336240955
StorageSSD,3850.0,5,-0.24315968660965348
StorageSSD,122862.0,5,6.974633709166888
StorageSSD,2600.0,5,-0.31896919947155544
StorageSSD,4549.0,5,-0.2007670070172779
StorageSSD,2499.0,5,-0.3250946081107971
StorageSSD,3499.0,5,-0.26444699782127556
StorageSSD,1950.0,5,-0.35839014615974446
StorageSSD,3298.0,5,-0.27663716748946937
StorageSSD,2299.0,5,-0.33722413016870145
StorageSSD,5199.0,5,-0.16134606032908888
StorageSSD,999.0,5,-0.4160660235450795
StorageSSD,11908.0,5,0.24553875710331138
StorageSSD,2600.0,5,-0.31896919947155544
StorageSSD,2499.0,5,-0.3250946081107971
StorageSSD,1250.0,5,-0.40084347336240955
StorageSSD,5199.0,5,-0.16134606032908888
StorageSSD,899.0,5,-0.42213078457403164
StorageSSD,999.0,5,-0.4160660235450795
StorageSSD,1250.0,5,-0.40084347336240955
StorageSSD,2250.0,5,-0.340195863072888
StorageSSD,2253.0,5,-0.34001392024201943
StorageSSD,23219.0,5,0.9315238770880899
StorageSSD,1699.0,5,-0.3736126963424144
StorageSSD,3298.0,5,-0.27663716748946937
StorageSSD,2699.0,5,-0.3129650860528928
StorageSSD,11699.0,5,0.23286340655280138
StorageSSD,23999.0,5,0.9788290131139168
StorageSSD,5067.0,5,-0.16935154488730572
StorageSSD,3499.0,5,-0.26444699782127556
StorageSSD,549.0,5,-0.4433574481753642
StorageSSD,2850.0,5,-0.30380729689917507
StorageSSD,10499.0,5,0.16008627420537547
StorageSSD,6819.0,5,-0.06309693166006392
StorageSSD,1999.0,5,-0.3554184132555579
StorageSSD,3200.0,5,-0.2825806332978425
StorageSSD,7819.0,5,-0.0024493213705423433
StorageSSD,15519.0,5,0.4645372778587738
StorageSSD,2595.0,5,-0.31927243752300305
StorageSSD,899.0,5,-0.42213078457403164
StorageSSD,8469.0,5,0.03697162531764668
StorageSSD,1699.0,5,-0.3736126963424144
StorageSSD,749.0,5,-0.43122792611745986
StorageSSD,1545.0,5,-0.3829524283270007
StorageSSD,4549.0,5,-0.2007670070172779
StorageSSD,1450.0,5,-0.38871395130450526
StorageSSD,2090.0,5,-0.34989948071921145
StorageSSD,4599.0,5,-0.19773462650280182
StorageSSD,3507.0,5,-0.26396181693895937
StorageSSD,2645.0,5,-0.316240057008527
StorageSSD,1499.0,5,-0.3857422184003187
StorageSSD,1300.0,5,-0.3978110928479335
StorageSSD,1325.0,5,-0.39629490259069544
StorageSSD,7099.0,5,-0.04611560077899788
StorageSSD,14699.0,5,0.4148062374213661
StorageSSD,2999.0,5,-0.29477080296603636
StorageSSD,3200.0,5,-0.2825806332978425
StorageSSD,985.0,5,-0.4169150900891328
StorageSSD,2499.0,5,-0.3250946081107971
StorageSSD,8849.0,5,0.06001771722766488
StorageSSD,8999.0,5,0.06911485877109312
StorageSSD,1700.0,5,-0.3735520487321249
StorageSSD,1325.0,5,-0.39629490259069544
StorageSSD,5999.0,5,-0.11282797209747161
StorageSSD,8899.0,5,0.06305009774214096
StorageSSD,3149.0,5,-0.2856736614226081
StorageSSD,2700.0,5,-0.3129044384426033
StorageSSD,1970.0,5,-0.35717719395395403
StorageSSD,3899.0,5,-0.24018795370546692
StorageSSD,2049.0,5,-0.3523860327410818
StorageSSD,32087.0,5,1.4693468851355673
StorageSSD,4199.0,5,-0.22199367061861044
StorageSSD,13019.0,5,0.3129182521349699
StorageSSD,2799.0,5,-0.30690032502394066
StorageSSD,6099.0,5,-0.10676321106851945
StorageSSD,1440.0,5,-0.38932042740740047
StorageSSD,3500.0,5,-0.26438635021098605
StorageSSD,1600.0,5,-0.37961680976107703
StorageSSD,4399.0,5,-0.20986414856070612
StorageSSD,21563.0,5,0.8310914344486422
StorageSSD,10265.0,5,0.14589473339762743
StorageSSD,2399.0,5,-0.3311593691397493
StorageSSD,2163.0,5,-0.34547220516807636
StorageSSD,2149.0,5,-0.3463212717121297
StorageSSD,1800.0,5,-0.3674872877031727
StorageSSD,2199.0,5,-0.3432888911976536
StorageSSD,23184.0,5,0.9294012107279567
StorageSSD,1199.0,5,-0.4039365014871752
StorageSSD,24139.0,5,0.9873196785544498
StorageSSD,1997.0,5,-0.355539708476137
StorageSSD,1899.0,5,-0.36148317428451004
StorageSSD,26207.0,5,1.1127389366331804
StorageSSD,5999.0,5,-0.11282797209747161
StorageSSD,7099.0,5,-0.04611560077899788
StorageSSD,8849.0,5,0.06001771722766488
StorageSSD,6399.0,5,-0.08856892798166298
StorageSSD,2049.0,5,-0.3523860327410818
StorageSSD,2449.0,5,-0.32812698862527323
StorageSSD,4559.0,5,-0.20016053091438268
StorageSSD,14699.0,5,0.4148062374213661
StorageSSD,5999.0,5,-0.11282797209747161
StorageSSD,3599.0,5,-0.2583822367923234
StorageSSD,6499.0,5,-0.08250416695271082
StorageSSD,8999.0,5,0.06911485877109312
StorageSSD,8899.0,5,0.06305009774214096
StorageSSD,1549.0,5,-0.3827098378858426
StorageSSD,12403.0,5,0.27555932419662454
StorageSSD,2350.0,5,-0.3341311020439358
StorageSSD,899.0,5,-0.42213078457403164
StorageSSD,3240.0,5,-0.28015472888626164
StorageSSD,1900.0,5,-0.36142252667422053
StorageSSD,2599.0,5,-0.31902984708184495
StorageSSD,2099.0,5,-0.34935365222660575
StorageSSD,15999.0,5,0.49364813079774417
StorageSSD,1575.0,5,-0.38113300001831507
StorageSSD,3350.0,5,-0.2734834917544143
StorageSSD,1999.0,5,-0.3554184132555579
StorageSSD,1745.0,5,-0.3708229062690964
StorageSSD,1299.0,5,-0.397871740458223
StorageSSD,1940.0,5,-0.3589966222626397
StorageSSD,1234.0,5,-0.40181383512704194
StorageSSD,1449.0,5,-0.38877459891479477
StorageSSD,8499.0,5,0.038791053626332325
StorageSSD,2129.0,5,-0.3475342239179201
StorageSSD,1150.0,5,-0.40690823439136176
StorageSSD,2999.0,5,-0.29477080296603636
StorageSSD,6999.0,5,-0.052180361807950035
StorageSSD,915.0,5,-0.4211604228093993
StorageSSD,2702.0,5,-0.3127831432220242
StorageSSD,4900.0,5,-0.17947969580565581
StorageSSD,1099.0,5,-0.41000126251612734
StorageSSD,31039.0,5,1.4057881895521487
StorageSSD,1895.0,5,-0.36172576472566814
StorageSSD,7099.0,5,-0.04611560077899788
StorageSSD,14699.0,5,0.4148062374213661
StorageSSD,19700.0,5,0.7181049364792635
StorageSSD,2600.0,5,-0.31896919947155544
StorageSSD,3152.0,5,-0.28549171859173955
StorageSSD,1989.0,5,-0.3560248893584531
StorageSSD,8849.0,5,0.06001771722766488
StorageSSD,8999.0,5,0.06911485877109312
StorageSSD,1299.0,5,-0.397871740458223
StorageSSD,2709.0,5,-0.3123586099499976
StorageSSD,5999.0,5,-0.11282797209747161
StorageSSD,8899.0,5,0.06305009774214096
StorageSSD,1240.0,5,-0.40144994946530477
StorageSSD,2599.0,5,-0.31902984708184495
StorageSSD,2870.0,5,-0.30259434469338464
StorageSSD,5500.0,5,-0.14309112963194287
StorageSSD,2044.0,5,-0.35268927079252943
StorageSSD,21827.0,5,0.8471024035650759
StorageSSD,4029.0,5,-0.23230376436782912
StorageSSD,1095.0,5,-0.41024385295728544
StorageSSD,1399.0,5,-0.39180697942927084
StorageSSD,4659.0,5,-0.19409576988543054
StorageSSD,4377.0,5,-0.2111983959870756
StorageSSD,1299.0,5,-0.397871740458223
StorageSSD,1399.0,5,-0.39180697942927084
StorageSSD,1299.0,5,-0.397871740458223
StorageSSD,3999.0,5,-0.23412319267651477
StorageSSD,5799.0,5,-0.12495749415537592
StorageSSD,949.0,5,-0.41909840405955556
StorageSSD,2368.0,5,-0.33303944505872446
StorageSSD,925.0,5,-0.4205539467065041
StorageSSD,1925.0,5,-0.3599063364169825
StorageSSD,6660.0,5,-0.07273990169609786
StorageSSD,1180.0,5,-0.40508880608267606
StorageSSD,8299.0,5,0.02666153156842801
StorageSSD,1799.0,5,-0.36754793531346225
StorageSSD,1299.0,5,-0.397871740458223
StorageSSD,10799.0,5,0.17828055729223194
StorageSSD,1149.0,5,-0.40696888200165127
StorageSSD,1299.0,5,-0.397871740458223
StorageSSD,1099.0,5,-0.41000126251612734
StorageSSD,1349.0,5,-0.3948393599437469
StorageSSD,1419.0,5,-0.3905940272234804
StorageSSD,2183.0,5,-0.34425925296228593
StorageSSD,2579.0,5,-0.3202427992876354
StorageSSD,749.0,5,-0.43122792611745986
StorageSSD,3500.0,5,-0.26438635021098605
StorageSSD,2483.0,5,-0.3260649698754295
StorageSSD,4202.0,5,-0.22181172778774189
StorageSSD,2119.0,5,-0.3481407000208153
StorageSSD,3709.0,5,-0.251710999660476
StorageSSD,6049.0,5,-0.10979559158299554
StorageSSD,4299.0,5,-0.2159289095896583
StorageSSD,1250.0,5,-0.40084347336240955
StorageSSD,1390.0,5,-0.39235280792187655
StorageSSD,920.0,5,-0.4208571847579517
StorageSSD,3029.0,5,-0.2929513746573507
StorageSSD,1399.0,5,-0.39180697942927084
StorageSSD,1899.0,5,-0.36148317428451004
StorageSSD,2499.0,5,-0.3250946081107971
StorageSSD,689.0,5,-0.4348667827348312
StorageSSD,3902.0,5,-0.24000601087459836
StorageSSD,5169.0,5,-0.16316548863777453
StorageSSD,1896.0,5,-0.36166511711537863
StorageSSD,3299.0,5,-0.27657651987917986
StorageSSD,1440.0,5,-0.38932042740740047
StorageSSD,1809.0,5,-0.36694145921056703
StorageSSD,3699.0,5,-0.2523174757633712
StorageSSD,1299.0,5,-0.397871740458223
StorageSSD,3899.0,5,-0.24018795370546692
StorageSSD,1199.0,5,-0.4039365014871752
StorageSSD,2325.0,5,-0.3356472923011739
StorageSSD,1899.0,5,-0.36148317428451004
StorageSSD,1349.0,5,-0.3948393599437469
StorageSSD,1199.0,5,-0.4039365014871752
StorageSSD,3300.0,5,-0.27651587226889035
StorageSSD,1758.0,5,-0.3700344873353326
StorageSSD,1220.0,5,-0.4026629016710952
StorageSSD,3999.0,5,-0.23412319267651477
StorageSSD,2103.0,5,-0.34911106178544765
StorageSSD,1299.0,5,-0.397871740458223
StorageSSD,1809.0,5,-0.36694145921056703
StorageSSD,3248.0,5,-0.27966954800394545
StorageSSD,2100.0,5,-0.34929300461631624
StorageSSD,5999.0,5,-0.11282797209747161
StorageSSD,1799.0,5,-0.36754793531346225
StorageSSD,1799.0,5,-0.36754793531346225
StorageSSD,5699.0,5,-0.13102225518432808
StorageSSD,949.0,5,-0.41909840405955556
StorageSSD,1250.0,5,-0.40084347336240955
StorageSSD,779.0,5,-0.4294084978087742
StorageSSD,1999.0,5,-0.3554184132555579
StorageSSD,1800.0,5,-0.3674872877031727
StorageSSD,1896.0,5,-0.36166511711537863
StorageSSD,3200.0,5,-0.2825806332978425
StorageSSD,1299.0,5,-0.397871740458223
StorageSSD,920.0,5,-0.4208571847579517
StorageSSD,1590.0,5,-0.38022328586397225
StorageSSD,1299.0,5,-0.397871740458223
StorageSSD,5550.0,5,-0.1400587491174668
StorageSSD,1550.0,5,-0.3826491902755531
StorageSSD,1199.0,5,-0.4039365014871752
StorageSSD,2933.0,5,-0.29877354524514477
StorageSSD,6200.0,5,-0.10063780242927778
StorageSSD,3999.0,5,-0.23412319267651477
StorageSSD,2399.0,5,-0.3311593691397493
StorageSSD,12080.0,5,0.2559701460731091
StorageSSD,9525.0,5,0.10101550178338146
StorageSSD,3709.0,5,-0.251710999660476
StorageSSD,13591.0,5,0.3476086852205762
StorageSSD,1750.0,5,-0.3705196682176488
StorageSSD,1699.0,5,-0.3736126963424144
StorageSSD,11732.0,5,0.2348647776923556
StorageSSD,599.0,5,-0.44032506766088814
StorageSSD,1449.0,5,-0.38877459891479477
StorageSSD,28179.0,5,1.232336024124117
StorageSSD,16234.0,5,0.5079003192157817
StorageSSD,7000.0,5,-0.05211971419766051
StorageSSD,3416.0,5,-0.2694807494753058
StorageSSD,55249.0,5,2.8740668346614657
StorageSSD,1350.0,5,-0.3947787123334574
StorageSSD,2637.0,5,-0.31672523789084317
StorageSSD,25109.0,5,1.0461478605352856
StorageSSD,1549.0,5,-0.3827098378858426
StorageSSD,1999.0,5,-0.3554184132555579
StorageSSD,3199.0,5,-0.282641280908132
StorageSSD,3499.0,5,-0.26444699782127556
StorageSSD,1449.0,5,-0.38877459891479477
StorageSSD,2325.0,5,-0.3356472923011739
StorageSSD,12099.0,5,0.25712245066861
StorageSSD,1099.0,5,-0.41000126251612734
StorageSSD,2100.0,5,-0.34929300461631624
StorageSSD,2399.0,5,-0.3311593691397493
StorageSSD,10059.0,5,0.133401325677986
StorageSSD,2596.0,5,-0.31921178991271354
StorageSSD,2750.0,5,-0.3098720579281272
StorageSSD,1175.0,5,-0.4053920441341237
StorageSSD,2754.0,5,-0.3096294674869691
StorageSSD,2050.0,5,-0.3523253851307923
StorageSSD,1300.0,5,-0.3978110928479335
StorageSSD,799.0,5,-0.4281955456029838
StorageSSD,10746.0,5,0.1750662339468873
StorageSSD,1749.0,5,-0.3705803158279383
StorageSSD,2199.0,5,-0.3432888911976536
StorageSSD,5579.0,5,-0.13829996841907066
StorageSSD,9099.0,5,0.07517961980004527
StorageSSD,3059.0,5,-0.291131946348665
StorageSSD,920.0,5,-0.4208571847579517
StorageSSD,840.0,5,-0.4257089935811134
StorageSSD,4799.0,5,-0.1856051044448975
StorageSSD,1899.0,5,-0.36148317428451004
StorageSSD,2599.0,5,-0.31902984708184495
StorageSSD,1299.0,5,-0.397871740458223
StorageSSD,1199.0,5,-0.4039365014871752
StorageSSD,2425.0,5,-0.3295825312722217
StorageSSD,2699.0,5,-0.3129650860528928
StorageSSD,2449.0,5,-0.32812698862527323
StorageSSD,1489.0,5,-0.3863486945032139
StorageSSD,9499.0,5,0.0994386639158539
StorageSSD,2259.0,5,-0.3396500345802823
StorageSSD,2450.0,5,-0.32806634101498366
StorageSSD,9499.0,5,0.0994386639158539
StorageSSD,2699.0,5,-0.3129650860528928
StorageSSD,1700.0,5,-0.3735520487321249
StorageSSD,1250.0,5,-0.40084347336240955
StorageSSD,16234.0,5,0.5079003192157817
StorageSSD,3499.0,5,-0.26444699782127556
StorageSSD,1299.0,5,-0.397871740458223
StorageSSD,7000.0,5,-0.05211971419766051
StorageSSD,2499.0,5,-0.3250946081107971
StorageSSD,3490.0,5,-0.26499282631388127
StorageSSD,3999.0,5,-0.23412319267651477
StorageSSD,44183.0,5,2.20294037919762
StorageSSD,1175.0,5,-0.4053920441341237
StorageSSD,2569.0,5,-0.3208492753905306
StorageSSD,3039.0,5,-0.2923448985544555
StorageSSD,12890.0,5,0.3050947104076216
StorageSSD,2500.0,5,-0.3250339605005076
StorageSSD,892.0,5,-0.4225553178460583
StorageSSD,2999.0,5,-0.29477080296603636
StorageSSD,1929.0,5,-0.3596637459758244
StorageSSD,1739.0,5,-0.37118679193083354
StorageSSD,889.0,5,-0.42273726067692685
StorageSSD,799.0,5,-0.4281955456029838
StorageSSD,5764.0,5,-0.1270801605155092
StorageSSD,2049.0,5,-0.3523860327410818
StorageSSD,3059.0,5,-0.291131946348665
StorageSSD,6108.0,5,-0.10621738257591376
StorageSSD,1850.0,5,-0.3644549071886966
StorageSSD,2690.0,5,-0.3135109145454985
StorageSSD,1599.0,5,-0.37967745737136654
StorageSSD,2359.0,5,-0.33358527355133016
StorageSSD,1049.0,5,-0.4130336430306034
StorageSSD,1140.0,5,-0.40751471049425697
StorageSSD,3200.0,5,-0.2825806332978425
StorageSSD,122862.0,5,6.974633709166888
StorageSSD,6707.0,5,-0.06988946401249034
StorageSSD,2052.0,5,-0.3522040899102133
StorageSSD,4567.0,5,-0.19967535003206652
StorageSSD,2933.0,5,-0.29877354524514477
StorageSSD,2699.0,5,-0.3129650860528928
StorageSSD,2125.0,5,-0.3477768143590782
StorageSSD,3499.0,5,-0.26444699782127556
StorageSSD,2100.0,5,-0.34929300461631624
StorageSSD,1999.0,5,-0.3554184132555579
StorageSSD,2125.0,5,-0.3477768143590782
StorageSSD,2499.0,5,-0.3250946081107971
StorageSSD,949.0,5,-0.41909840405955556
StorageSSD,4099.0,5,-0.2280584316475626
StorageSSD,5764.0,5,-0.1270801605155092
StorageSSD,949.0,5,-0.41909840405955556
StorageSSD,2125.0,5,-0.3477768143590782
StorageSSD,1949.0,5,-0.35845079377003397
StorageSSD,2395.0,5,-0.33140195958090735
StorageSSD,3316.0,5,-0.275545510504258
StorageSSD,3595.0,5,-0.25862482723348146
StorageSSD,3765.0,5,-0.2483147334842628
StorageSSD,2959.0,5,-0.2971967073776172
StorageSSD,6108.0,5,-0.10621738257591376
StorageSSD,4199.0,5,-0.22199367061861044
StorageSSD,3039.0,5,-0.2923448985544555
StorageSSD,2600.0,5,-0.31896919947155544
StorageSSD,1296.0,5,-0.3980536832890916
StorageSSD,2600.0,5,-0.31896919947155544
StorageSSD,2424.0,5,-0.32964317888251127
StorageSSD,4464.0,5,-0.20592205389188722
StorageSSD,23219.0,5,0.9315238770880899
StorageSSD,1250.0,5,-0.40084347336240955
StorageSSD,3850.0,5,-0.24315968660965348
StorageSSD,122862.0,5,6.974633709166888
StorageSSD,2600.0,5,-0.31896919947155544
StorageSSD,4549.0,5,-0.2007670070172779
StorageSSD,2499.0,5,-0.3250946081107971
StorageSSD,3499.0,5,-0.26444699782127556
StorageSSD,1950.0,5,-0.35839014615974446
StorageSSD,3298.0,5,-0.27663716748946937
StorageSSD,2299.0,5,-0.33722413016870145
StorageSSD,5199.0,5,-0.16134606032908888
StorageSSD,999.0,5,-0.4160660235450795
StorageSSD,11908.0,5,0.24553875710331138
StorageSSD,2600.0,5,-0.31896919947155544
StorageSSD,2499.0,5,-0.3250946081107971
StorageSSD,1250.0,5,-0.40084347336240955
StorageSSD,5199.0,5,-0.16134606032908888
StorageSSD,899.0,5,-0.42213078457403164
StorageSSD,999.0,5,-0.4160660235450795
StorageSSD,1250.0,5,-0.40084347336240955
StorageSSD,2250.0,5,-0.340195863072888
StorageSSD,2253.0,5,-0.34001392024201943
StorageSSD,23219.0,5,0.9315238770880899
StorageSSD,1699.0,5,-0.3736126963424144
StorageSSD,3298.0,5,-0.27663716748946937
StorageSSD,2699.0,5,-0.3129650860528928
StorageSSD,11699.0,5,0.23286340655280138
StorageSSD,23999.0,5,0.9788290131139168
StorageSSD,5067.0,5,-0.16935154488730572
StorageSSD,3499.0,5,-0.26444699782127556
StorageSSD,549.0,5,-0.4433574481753642
StorageSSD,2850.0,5,-0.30380729689917507
StorageSSD,10499.0,5,0.16008627420537547
StorageSSD,6819.0,5,-0.06309693166006392
StorageSSD,1999.0,5,-0.3554184132555579
StorageSSD,3200.0,5,-0.2825806332978425
StorageSSD,7819.0,5,-0.0024493213705423433
StorageSSD,15519.0,5,0.4645372778587738
StorageSSD,2595.0,5,-0.31927243752300305
StorageSSD,899.0,5,-0.42213078457403164
StorageSSD,8469.0,5,0.03697162531764668
StorageSSD,1699.0,5,-0.3736126963424144
StorageSSD,749.0,5,-0.43122792611745986
StorageSSD,1545.0,5,-0.3829524283270007
StorageSSD,4549.0,5,-0.2007670070172779
StorageSSD,1450.0,5,-0.38871395130450526
StorageSSD,2090.0,5,-0.34989948071921145
StorageSSD,4599.0,5,-0.19773462650280182
StorageSSD,3507.0,5,-0.26396181693895937
StorageSSD,2645.0,5,-0.316240057008527
StorageSSD,1499.0,5,-0.3857422184003187
StorageSSD,1300.0,5,-0.3978110928479335
StorageSSD,1325.0,5,-0.39629490259069544
StorageSSD,7099.0,5,-0.04611560077899788
StorageSSD,14699.0,5,0.4148062374213661
StorageSSD,2999.0,5,-0.29477080296603636
StorageSSD,3200.0,5,-0.2825806332978425
StorageSSD,985.0,5,-0.4169150900891328
StorageSSD,2499.0,5,-0.3250946081107971
StorageSSD,8849.0,5,0.06001771722766488
StorageSSD,8999.0,5,0.06911485877109312
StorageSSD,1700.0,5,-0.3735520487321249
StorageSSD,1325.0,5,-0.39629490259069544
StorageSSD,5999.0,5,-0.11282797209747161
StorageSSD,8899.0,5,0.06305009774214096
StorageSSD,3149.0,5,-0.2856736614226081
StorageSSD,2700.0,5,-0.3129044384426033
StorageSSD,1970.0,5,-0.35717719395395403
StorageSSD,3899.0,5,-0.24018795370546692
StorageSSD,2049.0,5,-0.3523860327410818
StorageSSD,32087.0,5,1.4693468851355673
StorageSSD,4199.0,5,-0.22199367061861044
StorageSSD,13019.0,5,0.3129182521349699
StorageSSD,2799.0,5,-0.30690032502394066
StorageSSD,6099.0,5,-0.10676321106851945
StorageSSD,1440.0,5,-0.38932042740740047
StorageSSD,3500.0,5,-0.26438635021098605
StorageSSD,1600.0,5,-0.37961680976107703
StorageSSD,4399.0,5,-0.20986414856070612
StorageSSD,21563.0,5,0.8310914344486422
StorageSSD,10265.0,5,0.14589473339762743
StorageSSD,2399.0,5,-0.3311593691397493
StorageSSD,2163.0,5,-0.34547220516807636
StorageSSD,2149.0,5,-0.3463212717121297
StorageSSD,1800.0,5,-0.3674872877031727
StorageSSD,2199.0,5,-0.3432888911976536
StorageSSD,23184.0,5,0.9294012107279567
StorageSSD,1199.0,5,-0.4039365014871752
StorageSSD,24139.0,5,0.9873196785544498
StorageSSD,1997.0,5,-0.355539708476137
StorageSSD,1899.0,5,-0.36148317428451004
StorageSSD,26207.0,5,1.1127389366331804
StorageSSD,5999.0,5,-0.11282797209747161
StorageSSD,7099.0,5,-0.04611560077899788
StorageSSD,8849.0,5,0.06001771722766488
StorageSSD,6399.0,5,-0.08856892798166298
StorageSSD,2049.0,5,-0.3523860327410818
StorageSSD,2449.0,5,-0.32812698862527323
StorageSSD,4559.0,5,-0.20016053091438268
StorageSSD,14699.0,5,0.4148062374213661
StorageSSD,5999.0,5,-0.11282797209747161
StorageSSD,3599.0,5,-0.2583822367923234
StorageSSD,6499.0,5,-0.08250416695271082
StorageSSD,8999.0,5,0.06911485877109312
StorageSSD,8899.0,5,0.06305009774214096
StorageSSD,1549.0,5,-0.3827098378858426
StorageSSD,12403.0,5,0.27555932419662454
StorageSSD,2350.0,5,-0.3341311020439358
StorageSSD,899.0,5,-0.42213078457403164
StorageSSD,3240.0,5,-0.28015472888626164
StorageSSD,1900.0,5,-0.36142252667422053
StorageSSD,2599.0,5,-0.31902984708184495
StorageSSD,2099.0,5,-0.34935365222660575
StorageSSD,15999.0,5,0.49364813079774417
StorageSSD,1575.0,5,-0.38113300001831507
StorageSSD,3350.0,5,-0.2734834917544143
StorageSSD,1999.0,5,-0.3554184132555579
StorageSSD,1745.0,5,-0.3708229062690964
StorageSSD,1299.0,5,-0.397871740458223
StorageSSD,1940.0,5,-0.3589966222626397
StorageSSD,1234.0,5,-0.40181383512704194
StorageSSD,1449.0,5,-0.38877459891479477
StorageSSD,8499.0,5,0.038791053626332325
StorageSSD,2129.0,5,-0.3475342239179201
StorageSSD,1150.0,5,-0.40690823439136176
StorageSSD,2999.0,5,-0.29477080296603636
StorageSSD,6999.0,5,-0.052180361807950035
StorageSSD,915.0,5,-0.4211604228093993
StorageSSD,2702.0,5,-0.3127831432220242
StorageSSD,4900.0,5,-0.17947969580565581
StorageSSD,1099.0,5,-0.41000126251612734
StorageSSD,31039.0,5,1.4057881895521487
StorageSSD,1895.0,5,-0.36172576472566814
StorageSSD,7099.0,5,-0.04611560077899788
StorageSSD,14699.0,5,0.4148062374213661
StorageSSD,19700.0,5,0.7181049364792635
StorageSSD,2600.0,5,-0.31896919947155544
StorageSSD,3152.0,5,-0.28549171859173955
StorageSSD,1989.0,5,-0.3560248893584531
StorageSSD,8849.0,5,0.06001771722766488
StorageSSD,8999.0,5,0.06911485877109312
StorageSSD,1299.0,5,-0.397871740458223
StorageSSD,2709.0,5,-0.3123586099499976
StorageSSD,5999.0,5,-0.11282797209747161
StorageSSD,8899.0,5,0.06305009774214096
StorageSSD,1240.0,5,-0.40144994946530477
StorageSSD,2599.0,5,-0.31902984708184495
StorageSSD,2870.0,5,-0.30259434469338464
StorageSSD,5500.0,5,-0.14309112963194287
StorageSSD,2044.0,5,-0.35268927079252943
StorageSSD,21827.0,5,0.8471024035650759
StorageSSD,4029.0,5,-0.23230376436782912
StorageSSD,1095.0,5,-0.41024385295728544
StorageSSD,1399.0,5,-0.39180697942927084
StorageSSD,4659.0,5,-0.19409576988543054
StorageSSD,4377.0,5,-0.2111983959870756
StorageSSD,1299.0,5,-0.397871740458223
StorageSSD,1399.0,5,-0.39180697942927084
StorageSSD,1299.0,5,-0.397871740458223
StorageSSD,3999.0,5,-0.23412319267651477
StorageSSD,5799.0,5,-0.12495749415537592
StorageSSD,949.0,5,-0.41909840405955556
StorageSSD,2368.0,5,-0.33303944505872446
StorageSSD,925.0,5,-0.4205539467065041
StorageSSD,1925.0,5,-0.3599063364169825
StorageSSD,6660.0,5,-0.07273990169609786
StorageSSD,1180.0,5,-0.40508880608267606
StorageSSD,8299.0,5,0.02666153156842801
StorageSSD,1799.0,5,-0.36754793531346225
StorageSSD,1299.0,5,-0.397871740458223
StorageSSD,10799.0,5,0.17828055729223194
StorageSSD,1149.0,5,-0.40696888200165127
StorageSSD,1299.0,5,-0.397871740458223
StorageSSD,7099.0,5,-0.04611560077899788
StorageSSD,8849.0,5,0.06001771722766488
StorageSSD,10799.0,5,0.17828055729223194
StorageSSD,1499.0,5,-0.3857422184003187
StorageSSD,1360.0,5,-0.3941722362305622
StorageSSD,1325.0,5,-0.39629490259069544
StorageSSD,14699.0,5,0.4148062374213661
StorageSSD,8999.0,5,0.06911485877109312
StorageSSD,1800.0,5,-0.3674872877031727
StorageSSD,4299.0,5,-0.2159289095896583
StorageSSD,8899.0,5,0.06305009774214096
StorageSSD,21827.0,5,0.8471024035650759
StorageSSD,1140.0,5,-0.40751471049425697
StorageSSD,19770.0,5,0.72235026919953
StorageSSD,925.0,5,-0.4205539467065041
StorageSSD,1711.0,5,-0.3728849250189401
StorageSSD,2099.0,5,-0.34935365222660575
StorageSSD,2750.0,5,-0.3098720579281272
StorageSSD,18917.0,5,0.6706178576225681
StorageSSD,1325.0,5,-0.39629490259069544
StorageSSD,17569.0,5,0.588864878952293
StorageSSD,1749.0,5,-0.3705803158279383
StorageSSD,4377.0,5,-0.2111983959870756
StorageSSD,3799.0,5,-0.24625271473441906
StorageSSD,2125.0,5,-0.3477768143590782
StorageSSD,5419.0,5,-0.14800358606539413
StorageSSD,1199.0,5,-0.4039365014871752
StorageSSD,1519.0,5,-0.38452926619452826
StorageSSD,1175.0,5,-0.4053920441341237
StorageSSD,1396.0,5,-0.3919889222601394
StorageSSD,2650.0,5,-0.31593681895707937
StorageSSD,18399.0,5,0.6392023954925959
StorageSSD,1197.0,5,-0.4040577967077542
StorageSSD,1931.0,5,-0.3595424507552454
StorageSSD,2299.0,5,-0.33722413016870145
StorageSSD,1297.0,5,-0.39799303567880207
StorageSSD,10499.0,5,0.16008627420537547
StorageSSD,1689.0,5,-0.3742191724453096
StorageSSD,2489.0,5,-0.3257010842136923
StorageSSD,1199.0,5,-0.4039365014871752
StorageSSD,1099.0,5,-0.41000126251612734
StorageSSD,1349.0,5,-0.3948393599437469
StorageSSD,1419.0,5,-0.3905940272234804
StorageSSD,2183.0,5,-0.34425925296228593
StorageSSD,2579.0,5,-0.3202427992876354
StorageSSD,749.0,5,-0.43122792611745986
StorageSSD,3500.0,5,-0.26438635021098605
StorageSSD,2483.0,5,-0.3260649698754295
StorageSSD,4202.0,5,-0.22181172778774189
StorageSSD,2119.0,5,-0.3481407000208153
StorageSSD,3709.0,5,-0.251710999660476
StorageSSD,6049.0,5,-0.10979559158299554
StorageSSD,4299.0,5,-0.2159289095896583
StorageSSD,1250.0,5,-0.40084347336240955
StorageSSD,1390.0,5,-0.39235280792187655
StorageSSD,920.0,5,-0.4208571847579517
StorageSSD,3029.0,5,-0.2929513746573507
StorageSSD,1399.0,5,-0.39180697942927084
StorageSSD,1899.0,5,-0.36148317428451004
StorageSSD,2499.0,5,-0.3250946081107971
StorageSSD,689.0,5,-0.4348667827348312
StorageSSD,3902.0,5,-0.24000601087459836
StorageSSD,5169.0,5,-0.16316548863777453
StorageSSD,1896.0,5,-0.36166511711537863
StorageSSD,3299.0,5,-0.27657651987917986
StorageSSD,1440.0,5,-0.38932042740740047
StorageSSD,1809.0,5,-0.36694145921056703
StorageSSD,3699.0,5,-0.2523174757633712
StorageSSD,1299.0,5,-0.397871740458223
StorageSSD,3899.0,5,-0.24018795370546692
StorageSSD,1199.0,5,-0.4039365014871752
StorageSSD,2325.0,5,-0.3356472923011739
StorageSSD,1899.0,5,-0.36148317428451004
StorageSSD,1349.0,5,-0.3948393599437469
StorageSSD,1199.0,5,-0.4039365014871752
StorageSSD,3300.0,5,-0.27651587226889035
StorageSSD,1758.0,5,-0.3700344873353326
StorageSSD,1220.0,5,-0.4026629016710952
StorageSSD,3999.0,5,-0.23412319267651477
StorageSSD,2103.0,5,-0.34911106178544765
StorageSSD,1299.0,5,-0.397871740458223
StorageSSD,1809.0,5,-0.36694145921056703
StorageSSD,3248.0,5,-0.27966954800394545
StorageSSD,2100.0,5,-0.34929300461631624
StorageSSD,5999.0,5,-0.11282797209747161
StorageSSD,1799.0,5,-0.36754793531346225
StorageSSD,1799.0,5,-0.36754793531346225
StorageSSD,5699.0,5,-0.13102225518432808
StorageSSD,949.0,5,-0.41909840405955556
StorageSSD,1250.0,5,-0.40084347336240955
StorageSSD,779.0,5,-0.4294084978087742
StorageSSD,1999.0,5,-0.3554184132555579
StorageSSD,1800.0,5,-0.3674872877031727
StorageSSD,1896.0,5,-0.36166511711537863
StorageSSD,3200.0,5,-0.2825806332978425
StorageSSD,1299.0,5,-0.397871740458223
StorageSSD,920.0,5,-0.4208571847579517
StorageSSD,1590.0,5,-0.38022328586397225
StorageSSD,1299.0,5,-0.397871740458223
StorageSSD,5550.0,5,-0.1400587491174668
StorageSSD,1550.0,5,-0.3826491902755531
StorageSSD,1199.0,5,-0.4039365014871752
StorageSSD,2933.0,5,-0.29877354524514477
StorageSSD,6200.0,5,-0.10063780242927778
StorageSSD,3999.0,5,-0.23412319267651477
StorageSSD,2399.0,5,-0.3311593691397493
StorageSSD,12080.0,5,0.2559701460731091
StorageSSD,9525.0,5,0.10101550178338146
StorageSSD,3709.0,5,-0.251710999660476
StorageSSD,13591.0,5,0.3476086852205762
StorageSSD,1750.0,5,-0.3705196682176488
StorageSSD,1699.0,5,-0.3736126963424144
StorageSSD,11732.0,5,0.2348647776923556
StorageSSD,599.0,5,-0.44032506766088814
StorageSSD,1449.0,5,-0.38877459891479477
StorageSSD,28179.0,5,1.232336024124117
StorageSSD,16234.0,5,0.5079003192157817
StorageSSD,7000.0,5,-0.05211971419766051
StorageSSD,3416.0,5,-0.2694807494753058
StorageSSD,55249.0,5,2.8740668346614657
StorageSSD,1350.0,5,-0.3947787123334574
StorageSSD,2637.0,5,-0.31672523789084317
StorageSSD,25109.0,5,1.0461478605352856
StorageSSD,1549.0,5,-0.3827098378858426
StorageSSD,1999.0,5,-0.3554184132555579
StorageSSD,3199.0,5,-0.282641280908132
StorageSSD,3499.0,5,-0.26444699782127556
StorageSSD,1449.0,5,-0.38877459891479477
StorageSSD,2325.0,5,-0.3356472923011739
StorageSSD,12099.0,5,0.25712245066861
StorageSSD,1099.0,5,-0.41000126251612734
StorageSSD,2100.0,5,-0.34929300461631624
StorageSSD,2399.0,5,-0.3311593691397493
StorageSSD,10059.0,5,0.133401325677986
StorageSSD,2596.0,5,-0.31921178991271354
StorageSSD,2750.0,5,-0.3098720579281272
StorageSSD,1175.0,5,-0.4053920441341237
StorageSSD,2754.0,5,-0.3096294674869691
StorageSSD,2050.0,5,-0.3523253851307923
StorageSSD,1300.0,5,-0.3978110928479335
StorageSSD,799.0,5,-0.4281955456029838
StorageSSD,10746.0,5,0.1750662339468873
StorageSSD,1749.0,5,-0.3705803158279383
StorageSSD,2199.0,5,-0.3432888911976536
StorageSSD,5579.0,5,-0.13829996841907066
StorageSSD,9099.0,5,0.07517961980004527
StorageSSD,3059.0,5,-0.291131946348665
StorageSSD,920.0,5,-0.4208571847579517
StorageSSD,840.0,5,-0.4257089935811134
StorageSSD,4799.0,5,-0.1856051044448975
StorageSSD,1899.0,5,-0.36148317428451004
StorageSSD,2599.0,5,-0.31902984708184495
StorageSSD,1299.0,5,-0.397871740458223
StorageSSD,1199.0,5,-0.4039365014871752
StorageSSD,2425.0,5,-0.3295825312722217
StorageSSD,2699.0,5,-0.3129650860528928
StorageSSD,2449.0,5,-0.32812698862527323
StorageSSD,1489.0,5,-0.3863486945032139
StorageSSD,9499.0,5,0.0994386639158539
StorageSSD,2259.0,5,-0.3396500345802823
StorageSSD,2450.0,5,-0.32806634101498366
StorageSSD,9499.0,5,0.0994386639158539
StorageSSD,2699.0,5,-0.3129650860528928
StorageSSD,1700.0,5,-0.3735520487321249
StorageSSD,1250.0,5,-0.40084347336240955
StorageSSD,16234.0,5,0.5079003192157817
StorageSSD,3499.0,5,-0.26444699782127556
StorageSSD,1299.0,5,-0.397871740458223
StorageSSD,7000.0,5,-0.05211971419766051
StorageSSD,2499.0,5,-0.3250946081107971
StorageSSD,3490.0,5,-0.26499282631388127
StorageSSD,3999.0,5,-0.23412319267651477
StorageSSD,44183.0,5,2.20294037919762
StorageSSD,1175.0,5,-0.4053920441341237
StorageSSD,2569.0,5,-0.3208492753905306
StorageSSD,3039.0,5,-0.2923448985544555
StorageSSD,12890.0,5,0.3050947104076216
StorageSSD,2500.0,5,-0.3250339605005076
StorageSSD,892.0,5,-0.4225553178460583
StorageSSD,2999.0,5,-0.29477080296603636
StorageSSD,1929.0,5,-0.3596637459758244
StorageSSD,1739.0,5,-0.37118679193083354
StorageSSD,889.0,5,-0.42273726067692685
StorageSSD,799.0,5,-0.4281955456029838
StorageSSD,5764.0,5,-0.1270801605155092
StorageSSD,2049.0,5,-0.3523860327410818
StorageSSD,3059.0,5,-0.291131946348665
StorageSSD,6108.0,5,-0.10621738257591376
StorageSSD,1850.0,5,-0.3644549071886966
StorageSSD,2690.0,5,-0.3135109145454985
StorageSSD,1599.0,5,-0.37967745737136654
StorageSSD,2359.0,5,-0.33358527355133016
StorageSSD,1049.0,5,-0.4130336430306034
StorageSSD,1140.0,5,-0.40751471049425697
StorageSSD,3200.0,5,-0.2825806332978425
StorageSSD,122862.0,5,6.974633709166888
StorageSSD,6707.0,5,-0.06988946401249034
StorageSSD,2052.0,5,-0.3522040899102133
StorageSSD,4567.0,5,-0.19967535003206652
StorageSSD,2933.0,5,-0.29877354524514477
StorageSSD,2699.0,5,-0.3129650860528928
StorageSSD,2125.0,5,-0.3477768143590782
StorageSSD,3499.0,5,-0.26444699782127556
StorageSSD,2100.0,5,-0.34929300461631624
StorageSSD,1999.0,5,-0.3554184132555579
StorageSSD,2125.0,5,-0.3477768143590782
StorageSSD,2499.0,5,-0.3250946081107971
StorageSSD,949.0,5,-0.41909840405955556
StorageSSD,4099.0,5,-0.2280584316475626
StorageSSD,5764.0,5,-0.1270801605155092
StorageSSD,949.0,5,-0.41909840405955556
StorageSSD,2125.0,5,-0.3477768143590782
StorageSSD,1949.0,5,-0.35845079377003397
StorageSSD,2395.0,5,-0.33140195958090735
StorageSSD,3316.0,5,-0.275545510504258
StorageSSD,3595.0,5,-0.25862482723348146
StorageSSD,3765.0,5,-0.2483147334842628
StorageSSD,2959.0,5,-0.2971967073776172
StorageSSD,6108.0,5,-0.10621738257591376
StorageSSD,4199.0,5,-0.22199367061861044
StorageSSD,3039.0,5,-0.2923448985544555
StorageSSD,2600.0,5,-0.31896919947155544
StorageSSD,1296.0,5,-0.3980536832890916
StorageSSD,2600.0,5,-0.31896919947155544
StorageSSD,2424.0,5,-0.32964317888251127
StorageSSD,4464.0,5,-0.20592205389188722
StorageSSD,23219.0,5,0.9315238770880899
StorageSSD,1250.0,5,-0.40084347336240955
StorageSSD,3850.0,5,-0.24315968660965348
StorageSSD,122862.0,5,6.974633709166888
StorageSSD,2600.0,5,-0.31896919947155544
StorageSSD,4549.0,5,-0.2007670070172779
StorageSSD,2499.0,5,-0.3250946081107971
StorageSSD,3499.0,5,-0.26444699782127556
StorageSSD,1950.0,5,-0.35839014615974446
StorageSSD,3298.0,5,-0.27663716748946937
StorageSSD,2299.0,5,-0.33722413016870145
StorageSSD,5199.0,5,-0.16134606032908888
StorageSSD,999.0,5,-0.4160660235450795
StorageSSD,11908.0,5,0.24553875710331138
StorageSSD,2600.0,5,-0.31896919947155544
StorageSSD,2499.0,5,-0.3250946081107971
StorageSSD,1250.0,5,-0.40084347336240955
StorageSSD,5199.0,5,-0.16134606032908888
StorageSSD,899.0,5,-0.42213078457403164
StorageSSD,999.0,5,-0.4160660235450795
StorageSSD,1250.0,5,-0.40084347336240955
StorageSSD,2250.0,5,-0.340195863072888
StorageSSD,2253.0,5,-0.34001392024201943
StorageSSD,23219.0,5,0.9315238770880899
StorageSSD,1699.0,5,-0.3736126963424144
StorageSSD,3298.0,5,-0.27663716748946937
StorageSSD,2699.0,5,-0.3129650860528928
StorageSSD,11699.0,5,0.23286340655280138
StorageSSD,23999.0,5,0.9788290131139168
StorageSSD,5067.0,5,-0.16935154488730572
StorageSSD,3499.0,5,-0.26444699782127556
StorageSSD,549.0,5,-0.4433574481753642
StorageSSD,2850.0,5,-0.30380729689917507
StorageSSD,10499.0,5,0.16008627420537547
StorageSSD,6819.0,5,-0.06309693166006392
StorageSSD,1999.0,5,-0.3554184132555579
StorageSSD,3200.0,5,-0.2825806332978425
StorageSSD,7819.0,5,-0.0024493213705423433
StorageSSD,15519.0,5,0.4645372778587738
StorageSSD,2595.0,5,-0.31927243752300305
StorageSSD,899.0,5,-0.42213078457403164
StorageSSD,8469.0,5,0.03697162531764668
StorageSSD,1699.0,5,-0.3736126963424144
StorageSSD,749.0,5,-0.43122792611745986
StorageSSD,1545.0,5,-0.3829524283270007
StorageSSD,4549.0,5,-0.2007670070172779
StorageSSD,1450.0,5,-0.38871395130450526
StorageSSD,2090.0,5,-0.34989948071921145
StorageSSD,4599.0,5,-0.19773462650280182
StorageSSD,3507.0,5,-0.26396181693895937
StorageSSD,2645.0,5,-0.316240057008527
StorageSSD,1499.0,5,-0.3857422184003187
StorageSSD,1300.0,5,-0.3978110928479335
StorageSSD,1325.0,5,-0.39629490259069544
StorageSSD,7099.0,5,-0.04611560077899788
StorageSSD,14699.0,5,0.4148062374213661
StorageSSD,2999.0,5,-0.29477080296603636
StorageSSD,3200.0,5,-0.2825806332978425
StorageSSD,985.0,5,-0.4169150900891328
StorageSSD,2499.0,5,-0.3250946081107971
StorageSSD,8849.0,5,0.06001771722766488
StorageSSD,8999.0,5,0.06911485877109312
StorageSSD,1700.0,5,-0.3735520487321249
StorageSSD,1325.0,5,-0.39629490259069544
StorageSSD,5999.0,5,-0.11282797209747161
StorageSSD,8899.0,5,0.06305009774214096
StorageSSD,3149.0,5,-0.2856736614226081
StorageSSD,2700.0,5,-0.3129044384426033
StorageSSD,1970.0,5,-0.35717719395395403
StorageSSD,3899.0,5,-0.24018795370546692
StorageSSD,2049.0,5,-0.3523860327410818
StorageSSD,32087.0,5,1.4693468851355673
StorageSSD,4199.0,5,-0.22199367061861044
StorageSSD,13019.0,5,0.3129182521349699
StorageSSD,2799.0,5,-0.30690032502394066
StorageSSD,6099.0,5,-0.10676321106851945
StorageSSD,1440.0,5,-0.38932042740740047
StorageSSD,3500.0,5,-0.26438635021098605
StorageSSD,1600.0,5,-0.37961680976107703
StorageSSD,4399.0,5,-0.20986414856070612
StorageSSD,21563.0,5,0.8310914344486422
StorageSSD,10265.0,5,0.14589473339762743
StorageSSD,2399.0,5,-0.3311593691397493
StorageSSD,2163.0,5,-0.34547220516807636
StorageSSD,2149.0,5,-0.3463212717121297
StorageSSD,1800.0,5,-0.3674872877031727
StorageSSD,2199.0,5,-0.3432888911976536
StorageSSD,23184.0,5,0.9294012107279567
StorageSSD,1199.0,5,-0.4039365014871752
StorageSSD,24139.0,5,0.9873196785544498
StorageSSD,1997.0,5,-0.355539708476137
StorageSSD,1899.0,5,-0.36148317428451004
StorageSSD,26207.0,5,1.1127389366331804
StorageSSD,5999.0,5,-0.11282797209747161
StorageSSD,7099.0,5,-0.04611560077899788
StorageSSD,8849.0,5,0.06001771722766488
StorageSSD,6399.0,5,-0.08856892798166298
StorageSSD,2049.0,5,-0.3523860327410818
StorageSSD,2449.0,5,-0.32812698862527323
StorageSSD,4559.0,5,-0.20016053091438268
StorageSSD,14699.0,5,0.4148062374213661
StorageSSD,5999.0,5,-0.11282797209747161
StorageSSD,3599.0,5,-0.2583822367923234
StorageSSD,6499.0,5,-0.08250416695271082
StorageSSD,8999.0,5,0.06911485877109312
StorageSSD,8899.0,5,0.06305009774214096
StorageSSD,1549.0,5,-0.3827098378858426
StorageSSD,12403.0,5,0.27555932419662454
StorageSSD,2350.0,5,-0.3341311020439358
StorageSSD,899.0,5,-0.42213078457403164
StorageSSD,3240.0,5,-0.28015472888626164
StorageSSD,1900.0,5,-0.36142252667422053
StorageSSD,2599.0,5,-0.31902984708184495
StorageSSD,2099.0,5,-0.34935365222660575
StorageSSD,15999.0,5,0.49364813079774417
StorageSSD,1575.0,5,-0.38113300001831507
StorageSSD,3350.0,5,-0.2734834917544143
StorageSSD,1999.0,5,-0.3554184132555579
StorageSSD,1745.0,5,-0.3708229062690964
StorageSSD,1299.0,5,-0.397871740458223
StorageSSD,1940.0,5,-0.3589966222626397
StorageSSD,1234.0,5,-0.40181383512704194
StorageSSD,1449.0,5,-0.38877459891479477
StorageSSD,8499.0,5,0.038791053626332325
StorageSSD,2129.0,5,-0.3475342239179201
StorageSSD,1150.0,5,-0.40690823439136176
StorageSSD,2999.0,5,-0.29477080296603636
StorageSSD,6999.0,5,-0.052180361807950035
StorageSSD,915.0,5,-0.4211604228093993
StorageSSD,2702.0,5,-0.3127831432220242
StorageSSD,4900.0,5,-0.17947969580565581
StorageSSD,1099.0,5,-0.41000126251612734
StorageSSD,31039.0,5,1.4057881895521487
StorageSSD,1895.0,5,-0.36172576472566814
StorageSSD,7099.0,5,-0.04611560077899788
StorageSSD,14699.0,5,0.4148062374213661
StorageSSD,19700.0,5,0.7181049364792635
StorageSSD,2600.0,5,-0.31896919947155544
StorageSSD,3152.0,5,-0.28549171859173955
StorageSSD,1989.0,5,-0.3560248893584531
StorageSSD,8849.0,5,0.06001771722766488
StorageSSD,8999.0,5,0.06911485877109312
StorageSSD,1299.0,5,-0.397871740458223
StorageSSD,2709.0,5,-0.3123586099499976
StorageSSD,5999.0,5,-0.11282797209747161
StorageSSD,8899.0,5,0.06305009774214096
StorageSSD,1240.0,5,-0.40144994946530477
StorageSSD,2599.0,5,-0.31902984708184495
StorageSSD,2870.0,5,-0.30259434469338464
StorageSSD,5500.0,5,-0.14309112963194287
StorageSSD,2044.0,5,-0.35268927079252943
StorageSSD,21827.0,5,0.8471024035650759
StorageSSD,4029.0,5,-0.23230376436782912
StorageSSD,1095.0,5,-0.41024385295728544
StorageSSD,1399.0,5,-0.39180697942927084
StorageSSD,4659.0,5,-0.19409576988543054
StorageSSD,4377.0,5,-0.2111983959870756
StorageSSD,1299.0,5,-0.397871740458223
StorageSSD,1399.0,5,-0.39180697942927084
StorageSSD,1299.0,5,-0.397871740458223
StorageSSD,3999.0,5,-0.23412319267651477
StorageSSD,5799.0,5,-0.12495749415537592
StorageSSD,949.0,5,-0.41909840405955556
StorageSSD,2368.0,5,-0.33303944505872446
StorageSSD,925.0,5,-0.4205539467065041
StorageSSD,1925.0,5,-0.3599063364169825
StorageSSD,6660.0,5,-0.07273990169609786
StorageSSD,1180.0,5,-0.40508880608267606
StorageSSD,8299.0,5,0.02666153156842801
StorageSSD,1799.0,5,-0.36754793531346225
StorageSSD,1299.0,5,-0.397871740458223
StorageSSD,10799.0,5,0.17828055729223194
StorageSSD,1149.0,5,-0.40696888200165127
StorageSSD,1299.0,5,-0.397871740458223
StorageSSD,7099.0,5,-0.04611560077899788
StorageSSD,8849.0,5,0.06001771722766488
StorageSSD,10799.0,5,0.17828055729223194
StorageSSD,1499.0,5,-0.3857422184003187
StorageSSD,1360.0,5,-0.3941722362305622
StorageSSD,1325.0,5,-0.39629490259069544
StorageSSD,14699.0,5,0.4148062374213661
StorageSSD,8999.0,5,0.06911485877109312
StorageSSD,1800.0,5,-0.3674872877031727
StorageSSD,4299.0,5,-0.2159289095896583
StorageSSD,8899.0,5,0.06305009774214096
StorageSSD,21827.0,5,0.8471024035650759
StorageSSD,1140.0,5,-0.40751471049425697
StorageSSD,19770.0,5,0.72235026919953
StorageSSD,925.0,5,-0.4205539467065041
StorageSSD,1711.0,5,-0.3728849250189401
StorageSSD,2099.0,5,-0.34935365222660575
StorageSSD,2750.0,5,-0.3098720579281272
StorageSSD,18917.0,5,0.6706178576225681
StorageSSD,1325.0,5,-0.39629490259069544
StorageSSD,17569.0,5,0.588864878952293
StorageSSD,1749.0,5,-0.3705803158279383
StorageSSD,4377.0,5,-0.2111983959870756
StorageSSD,3799.0,5,-0.24625271473441906
StorageSSD,2125.0,5,-0.3477768143590782
StorageSSD,5419.0,5,-0.14800358606539413
StorageSSD,1199.0,5,-0.4039365014871752
StorageSSD,1519.0,5,-0.38452926619452826
StorageSSD,1175.0,5,-0.4053920441341237
StorageSSD,1396.0,5,-0.3919889222601394
StorageSSD,2650.0,5,-0.31593681895707937
StorageSSD,18399.0,5,0.6392023954925959
StorageSSD,1197.0,5,-0.4040577967077542
StorageSSD,1931.0,5,-0.3595424507552454
StorageSSD,2299.0,5,-0.33722413016870145
StorageSSD,1297.0,5,-0.39799303567880207
StorageSSD,10499.0,5,0.16008627420537547
StorageSSD,1689.0,5,-0.3742191724453096
StorageSSD,2489.0,5,-0.3257010842136923
StorageSSD,1199.0,5,-0.4039365014871752
StorageSSD,7099.0,5,-0.04611560077899788
StorageSSD,14699.0,5,0.4148062374213661
StorageSSD,1499.0,5,-0.3857422184003187
StorageSSD,859.0,5,-0.4245566889856125
StorageSSD,16520.0,5,0.5252455357585849
StorageSSD,1989.0,5,-0.3560248893584531
StorageSSD,8849.0,5,0.06001771722766488
StorageSSD,8999.0,5,0.06911485877109312
StorageSSD,13679.0,5,0.3529456749260541
StorageSSD,1199.0,5,-0.4039365014871752
StorageSSD,8899.0,5,0.06305009774214096
StorageSSD,14400.0,5,0.39667260194479914
StorageSSD,1549.0,5,-0.3827098378858426
StorageSSD,1449.0,5,-0.38877459891479477
StorageSSD,947.0,5,-0.4192196992801346
StorageSSD,2289.0,5,-0.33783060627159667
StorageSSD,2699.0,5,-0.3129650860528928
StorageSSD,947.0,5,-0.4192196992801346
StorageSSD,1499.0,5,-0.3857422184003187
StorageSSD,749.0,5,-0.43122792611745986
StorageSSD,11599.0,5,0.2267986455238492
StorageSSD,27886.0,5,1.214566274309287
StorageSSD,899.0,5,-0.42213078457403164
StorageSSD,2750.0,5,-0.3098720579281272
StorageSSD,2999.0,5,-0.29477080296603636
StorageSSD,1699.0,5,-0.3736126963424144
StorageSSD,1574.0,5,-0.3811936476286046
StorageSSD,1690.0,5,-0.3741585248350201
StorageSSD,2599.0,5,-0.31902984708184495
StorageSSD,5299.0,5,-0.1552812993001367
StorageSSD,999.0,5,-0.4160660235450795
StorageSSD,3499.0,5,-0.26444699782127556
StorageSSD,999.0,5,-0.4160660235450795
StorageSSD,1135.0,5,-0.4078179485457046
StorageSSD,869.0,5,-0.4239502128827173
StorageSSD,13999.0,5,0.372352910218701
StorageSSD,1499.0,5,-0.3857422184003187
StorageSSD,7500.0,5,-0.021795909052899725
StorageSSD,3199.0,5,-0.282641280908132
StorageSSD,899.0,5,-0.42213078457403164
PowerSupply,999.0,3,-0.4160660235450795
PowerSupply,1650.0,3,-0.37658442924660096
PowerSupply,1069.0,3,-0.411820690824813
PowerSupply,999.0,3,-0.4160660235450795
PowerSupply,569.0,3,-0.4421444959695738
PowerSupply,1999.0,3,-0.3554184132555579
PowerSupply,3349.0,3,-0.2735441393647038
PowerSupply,583.0,3,-0.44129542942552047
PowerSupply,724.0,3,-0.4327441163746979
PowerSupply,3349.0,3,-0.2735441393647038
PowerSupply,8035.0,3,0.010650562451994318
PowerSupply,20999.0,3,0.796886182245352
PowerSupply,6949.0,3,-0.055212742322426116
PowerSupply,1250.0,3,-0.40084347336240955
PowerSupply,2199.0,3,-0.3432888911976536
PowerSupply,1299.0,3,-0.397871740458223
PowerSupply,7699.0,3,-0.009727034605284932
PowerSupply,25899.0,3,1.0940594726640078
PowerSupply,8340.0,3,0.0291480835902984
PowerSupply,749.0,3,-0.43122792611745986
PowerSupply,10851.0,3,0.18143423302728706
PowerSupply,12705.0,3,0.29387490250406006
PowerSupply,659.0,3,-0.43668621104351685
PowerSupply,10999.0,3,0.19041007935013626
PowerSupply,6999.0,3,-0.052180361807950035
PowerSupply,2399.0,3,-0.3311593691397493
PowerSupply,743.0,3,-0.43159181177919703
PowerSupply,730.0,3,-0.4323802307129608
PowerSupply,670.0,3,-0.43601908733033207
PowerSupply,1199.0,3,-0.4039365014871752
PowerSupply,740.0,3,-0.43177375461006556
PowerSupply,780.0,3,-0.4293478501984847
PowerSupply,699.0,3,-0.434260306631936
PowerSupply,12873.0,3,0.3040637010326997
PowerSupply,9449.0,3,0.09640628340137783
PowerSupply,699.0,3,-0.434260306631936
PowerSupply,10799.0,3,0.17828055729223194
PowerSupply,4699.0,3,-0.19166986547384965
PowerSupply,1179.0,3,-0.4051494536929656
PowerSupply,1299.0,3,-0.397871740458223
PowerSupply,999.0,3,-0.4160660235450795
PowerSupply,1650.0,3,-0.37658442924660096
PowerSupply,1069.0,3,-0.411820690824813
PowerSupply,999.0,3,-0.4160660235450795
PowerSupply,569.0,3,-0.4421444959695738
PowerSupply,1999.0,3,-0.3554184132555579
PowerSupply,3349.0,3,-0.2735441393647038
PowerSupply,583.0,3,-0.44129542942552047
PowerSupply,724.0,3,-0.4327441163746979
PowerSupply,3349.0,3,-0.2735441393647038
PowerSupply,8035.0,3,0.010650562451994318
PowerSupply,20999.0,3,0.796886182245352
PowerSupply,6949.0,3,-0.055212742322426116
PowerSupply,1250.0,3,-0.40084347336240955
PowerSupply,2199.0,3,-0.3432888911976536
PowerSupply,1299.0,3,-0.397871740458223
PowerSupply,7699.0,3,-0.009727034605284932
PowerSupply,25899.0,3,1.0940594726640078
PowerSupply,8340.0,3,0.0291480835902984
PowerSupply,749.0,3,-0.43122792611745986
PowerSupply,10851.0,3,0.18143423302728706
PowerSupply,12705.0,3,0.29387490250406006
PowerSupply,659.0,3,-0.43668621104351685
PowerSupply,10999.0,3,0.19041007935013626
PowerSupply,6999.0,3,-0.052180361807950035
PowerSupply,2399.0,3,-0.3311593691397493
PowerSupply,743.0,3,-0.43159181177919703
PowerSupply,730.0,3,-0.4323802307129608
PowerSupply,670.0,3,-0.43601908733033207
PowerSupply,1199.0,3,-0.4039365014871752
PowerSupply,740.0,3,-0.43177375461006556
PowerSupply,780.0,3,-0.4293478501984847
PowerSupply,699.0,3,-0.434260306631936
PowerSupply,12873.0,3,0.3040637010326997
PowerSupply,9449.0,3,0.09640628340137783
PowerSupply,699.0,3,-0.434260306631936
PowerSupply,10799.0,3,0.17828055729223194
PowerSupply,4699.0,3,-0.19166986547384965
PowerSupply,1179.0,3,-0.4051494536929656
PowerSupply,1299.0,3,-0.397871740458223
PowerSupply,999.0,3,-0.4160660235450795
PowerSupply,535.0,3,-0.4442065147194175
PowerSupply,699.0,3,-0.434260306631936
PowerSupply,544.0,3,-0.4436606862268118
PowerSupply,9766.0,3,0.11563157586315616
PowerSupply,699.0,3,-0.434260306631936
PowerSupply,15598.0,3,0.469328439071646
PowerSupply,19929.0,3,0.7319932392355639
PowerSupply,3399.0,3,-0.2705117588502277
PowerSupply,7499.0,3,-0.021856556663189246
PowerSupply,725.0,3,-0.4326834687644084
PowerSupply,5819.0,3,-0.1237445419495855
PowerSupply,3399.0,3,-0.2705117588502277
PowerSupply,699.0,3,-0.434260306631936
PowerSupply,730.0,3,-0.4323802307129608
PowerSupply,670.0,3,-0.43601908733033207
PowerSupply,5799.0,3,-0.12495749415537592
PowerSupply,582.0,3,-0.44135607703581
PowerSupply,10799.0,3,0.17828055729223194
PowerSupply,1299.0,3,-0.397871740458223
PowerSupply,9494.0,3,0.0991354258644063
PowerSupply,382.0,3,-0.4534855990937143
PowerSupply,11899.0,3,0.24499292861070568
PowerSupply,745.0,3,-0.43147051655861796
PowerSupply,5999.0,3,-0.11282797209747161
PowerSupply,2003.0,3,-0.3551758228143998
PowerSupply,17899.0,3,0.6088785903478351
PowerSupply,8499.0,3,0.038791053626332325
PowerSupply,499.0,3,-0.4463898286898403
PowerSupply,5390.0,3,-0.14976236676379026
PowerSupply,1499.0,3,-0.3857422184003187
PowerSupply,13543.0,3,0.34469759992667914
PowerSupply,10499.0,3,0.16008627420537547
PowerSupply,2950.0,3,-0.29774253587022287
PowerSupply,3399.0,3,-0.2705117588502277
PowerSupply,17499.0,3,0.5846195462320265
PowerSupply,3999.0,3,-0.23412319267651477
PowerSupply,699.0,3,-0.434260306631936
PowerSupply,2599.0,3,-0.31902984708184495
PowerSupply,1499.0,3,-0.3857422184003187
PowerSupply,999.0,3,-0.4160660235450795
PowerSupply,1650.0,3,-0.37658442924660096
PowerSupply,1069.0,3,-0.411820690824813
PowerSupply,999.0,3,-0.4160660235450795
PowerSupply,569.0,3,-0.4421444959695738
PowerSupply,1999.0,3,-0.3554184132555579
PowerSupply,3349.0,3,-0.2735441393647038
PowerSupply,583.0,3,-0.44129542942552047
PowerSupply,724.0,3,-0.4327441163746979
PowerSupply,3349.0,3,-0.2735441393647038
PowerSupply,8035.0,3,0.010650562451994318
PowerSupply,20999.0,3,0.796886182245352
PowerSupply,6949.0,3,-0.055212742322426116
PowerSupply,1250.0,3,-0.40084347336240955
PowerSupply,2199.0,3,-0.3432888911976536
PowerSupply,1299.0,3,-0.397871740458223
PowerSupply,7699.0,3,-0.009727034605284932
PowerSupply,25899.0,3,1.0940594726640078
PowerSupply,8340.0,3,0.0291480835902984
PowerSupply,749.0,3,-0.43122792611745986
PowerSupply,10851.0,3,0.18143423302728706
PowerSupply,12705.0,3,0.29387490250406006
PowerSupply,659.0,3,-0.43668621104351685
PowerSupply,10999.0,3,0.19041007935013626
PowerSupply,6999.0,3,-0.052180361807950035
PowerSupply,2399.0,3,-0.3311593691397493
PowerSupply,743.0,3,-0.43159181177919703
PowerSupply,730.0,3,-0.4323802307129608
PowerSupply,670.0,3,-0.43601908733033207
PowerSupply,1199.0,3,-0.4039365014871752
PowerSupply,740.0,3,-0.43177375461006556
PowerSupply,780.0,3,-0.4293478501984847
PowerSupply,699.0,3,-0.434260306631936
PowerSupply,12873.0,3,0.3040637010326997
PowerSupply,9449.0,3,0.09640628340137783
PowerSupply,699.0,3,-0.434260306631936
PowerSupply,10799.0,3,0.17828055729223194
PowerSupply,4699.0,3,-0.19166986547384965
PowerSupply,1179.0,3,-0.4051494536929656
PowerSupply,1299.0,3,-0.397871740458223
PowerSupply,999.0,3,-0.4160660235450795
PowerSupply,535.0,3,-0.4442065147194175
PowerSupply,699.0,3,-0.434260306631936
PowerSupply,544.0,3,-0.4436606862268118
PowerSupply,9766.0,3,0.11563157586315616
PowerSupply,699.0,3,-0.434260306631936
PowerSupply,15598.0,3,0.469328439071646
PowerSupply,19929.0,3,0.7319932392355639
PowerSupply,3399.0,3,-0.2705117588502277
PowerSupply,7499.0,3,-0.021856556663189246
PowerSupply,725.0,3,-0.4326834687644084
PowerSupply,5819.0,3,-0.1237445419495855
PowerSupply,3399.0,3,-0.2705117588502277
PowerSupply,699.0,3,-0.434260306631936
PowerSupply,730.0,3,-0.4323802307129608
PowerSupply,670.0,3,-0.43601908733033207
PowerSupply,5799.0,3,-0.12495749415537592
PowerSupply,582.0,3,-0.44135607703581
PowerSupply,10799.0,3,0.17828055729223194
PowerSupply,1299.0,3,-0.397871740458223
PowerSupply,9494.0,3,0.0991354258644063
PowerSupply,382.0,3,-0.4534855990937143
PowerSupply,11899.0,3,0.24499292861070568
PowerSupply,745.0,3,-0.43147051655861796
PowerSupply,5999.0,3,-0.11282797209747161
PowerSupply,2003.0,3,-0.3551758228143998
PowerSupply,17899.0,3,0.6088785903478351
PowerSupply,8499.0,3,0.038791053626332325
PowerSupply,499.0,3,-0.4463898286898403
PowerSupply,5390.0,3,-0.14976236676379026
PowerSupply,1499.0,3,-0.3857422184003187
PowerSupply,13543.0,3,0.34469759992667914
PowerSupply,10499.0,3,0.16008627420537547
PowerSupply,2950.0,3,-0.29774253587022287
PowerSupply,3399.0,3,-0.2705117588502277
PowerSupply,17499.0,3,0.5846195462320265
PowerSupply,3999.0,3,-0.23412319267651477
PowerSupply,699.0,3,-0.434260306631936
PowerSupply,2599.0,3,-0.31902984708184495
PowerSupply,1499.0,3,-0.3857422184003187
PowerSupply,999.0,3,-0.4160660235450795
PowerSupply,220.0,3,-0.4633105119606168
PowerSupply,743.0,3,-0.43159181177919703
PowerSupply,3999.0,3,-0.23412319267651477
PowerSupply,1090.0,3,-0.41054709100873304
PowerSupply,10119.0,3,0.13704018229535728
PowerSupply,5698.0,3,-0.1310829027946176
PowerSupply,1499.0,3,-0.3857422184003187
PowerSupply,543.0,3,-0.44372133383710133
PowerSupply,999.0,3,-0.4160660235450795
PowerSupply,2699.0,3,-0.3129650860528928
PowerSupply,670.0,3,-0.43601908733033207
PowerSupply,3105.0,3,-0.28834215627534704
PowerSupply,699.0,3,-0.434260306631936
PowerSupply,1499.0,3,-0.3857422184003187
PowerSupply,2049.0,3,-0.3523860327410818
PowerSupply,1199.0,3,-0.4039365014871752
PowerSupply,1449.0,3,-0.38877459891479477
PowerSupply,799.0,3,-0.4281955456029838
PowerSupply,299.0,3,-0.4585193507477446
PowerSupply,2349.0,3,-0.3341917496542254
PowerSupply,859.0,3,-0.4245566889856125
PowerSupply,612.0,3,-0.43953664872712433
PowerSupply,3199.0,3,-0.282641280908132
PowerSupply,129.0,3,-0.46882944449696323
PowerSupply,1499.0,3,-0.3857422184003187
PowerSupply,2100.0,3,-0.34929300461631624
PowerSupply,1199.0,3,-0.4039365014871752
PowerSupply,1499.0,3,-0.3857422184003187
PowerSupply,135.0,3,-0.4684655588352261
PowerSupply,613.0,3,-0.4394760011168348
PowerSupply,570.0,3,-0.44208384835928427
PowerSupply,849.0,3,-0.4251631650885077
PowerSupply,850.0,3,-0.4251025174782182
PowerSupply,889.0,3,-0.42273726067692685
PowerSupply,1160.0,3,-0.40630175828846654
PowerSupply,2899.0,3,-0.3008355639949885
PowerSupply,1199.0,3,-0.4039365014871752
PowerSupply,399.0,3,-0.45245458971879243
PowerSupply,664.0,3,-0.43638297299206924
PowerSupply,999.0,3,-0.4160660235450795
PowerSupply,1650.0,3,-0.37658442924660096
PowerSupply,1069.0,3,-0.411820690824813
PowerSupply,999.0,3,-0.4160660235450795
PowerSupply,569.0,3,-0.4421444959695738
PowerSupply,1999.0,3,-0.3554184132555579
PowerSupply,3349.0,3,-0.2735441393647038
PowerSupply,583.0,3,-0.44129542942552047
PowerSupply,724.0,3,-0.4327441163746979
PowerSupply,3349.0,3,-0.2735441393647038
PowerSupply,8035.0,3,0.010650562451994318
PowerSupply,20999.0,3,0.796886182245352
PowerSupply,6949.0,3,-0.055212742322426116
PowerSupply,1250.0,3,-0.40084347336240955
PowerSupply,2199.0,3,-0.3432888911976536
PowerSupply,1299.0,3,-0.397871740458223
PowerSupply,7699.0,3,-0.009727034605284932
PowerSupply,25899.0,3,1.0940594726640078
PowerSupply,8340.0,3,0.0291480835902984
PowerSupply,749.0,3,-0.43122792611745986
PowerSupply,10851.0,3,0.18143423302728706
PowerSupply,12705.0,3,0.29387490250406006
PowerSupply,659.0,3,-0.43668621104351685
PowerSupply,10999.0,3,0.19041007935013626
PowerSupply,6999.0,3,-0.052180361807950035
PowerSupply,2399.0,3,-0.3311593691397493
PowerSupply,743.0,3,-0.43159181177919703
PowerSupply,730.0,3,-0.4323802307129608
PowerSupply,670.0,3,-0.43601908733033207
PowerSupply,1199.0,3,-0.4039365014871752
PowerSupply,740.0,3,-0.43177375461006556
PowerSupply,780.0,3,-0.4293478501984847
PowerSupply,699.0,3,-0.434260306631936
PowerSupply,12873.0,3,0.3040637010326997
PowerSupply,9449.0,3,0.09640628340137783
PowerSupply,699.0,3,-0.434260306631936
PowerSupply,10799.0,3,0.17828055729223194
PowerSupply,4699.0,3,-0.19166986547384965
PowerSupply,1179.0,3,-0.4051494536929656
PowerSupply,1299.0,3,-0.397871740458223
PowerSupply,999.0,3,-0.4160660235450795
PowerSupply,535.0,3,-0.4442065147194175
PowerSupply,699.0,3,-0.434260306631936
PowerSupply,544.0,3,-0.4436606862268118
PowerSupply,9766.0,3,0.11563157586315616
PowerSupply,699.0,3,-0.434260306631936
PowerSupply,15598.0,3,0.469328439071646
PowerSupply,19929.0,3,0.7319932392355639
PowerSupply,3399.0,3,-0.2705117588502277
PowerSupply,7499.0,3,-0.021856556663189246
PowerSupply,725.0,3,-0.4326834687644084
PowerSupply,5819.0,3,-0.1237445419495855
PowerSupply,3399.0,3,-0.2705117588502277
PowerSupply,699.0,3,-0.434260306631936
PowerSupply,730.0,3,-0.4323802307129608
PowerSupply,670.0,3,-0.43601908733033207
PowerSupply,5799.0,3,-0.12495749415537592
PowerSupply,582.0,3,-0.44135607703581
PowerSupply,10799.0,3,0.17828055729223194
PowerSupply,1299.0,3,-0.397871740458223
PowerSupply,9494.0,3,0.0991354258644063
PowerSupply,382.0,3,-0.4534855990937143
PowerSupply,11899.0,3,0.24499292861070568
PowerSupply,745.0,3,-0.43147051655861796
PowerSupply,5999.0,3,-0.11282797209747161
PowerSupply,2003.0,3,-0.3551758228143998
PowerSupply,17899.0,3,0.6088785903478351
PowerSupply,8499.0,3,0.038791053626332325
PowerSupply,499.0,3,-0.4463898286898403
PowerSupply,5390.0,3,-0.14976236676379026
PowerSupply,1499.0,3,-0.3857422184003187
PowerSupply,13543.0,3,0.34469759992667914
PowerSupply,10499.0,3,0.16008627420537547
PowerSupply,2950.0,3,-0.29774253587022287
PowerSupply,3399.0,3,-0.2705117588502277
PowerSupply,17499.0,3,0.5846195462320265
PowerSupply,3999.0,3,-0.23412319267651477
PowerSupply,699.0,3,-0.434260306631936
PowerSupply,2599.0,3,-0.31902984708184495
PowerSupply,1499.0,3,-0.3857422184003187
PowerSupply,999.0,3,-0.4160660235450795
PowerSupply,220.0,3,-0.4633105119606168
PowerSupply,743.0,3,-0.43159181177919703
PowerSupply,3999.0,3,-0.23412319267651477
PowerSupply,1090.0,3,-0.41054709100873304
PowerSupply,10119.0,3,0.13704018229535728
PowerSupply,5698.0,3,-0.1310829027946176
PowerSupply,1499.0,3,-0.3857422184003187
PowerSupply,543.0,3,-0.44372133383710133
PowerSupply,999.0,3,-0.4160660235450795
PowerSupply,2699.0,3,-0.3129650860528928
PowerSupply,670.0,3,-0.43601908733033207
PowerSupply,3105.0,3,-0.28834215627534704
PowerSupply,699.0,3,-0.434260306631936
PowerSupply,1499.0,3,-0.3857422184003187
PowerSupply,2049.0,3,-0.3523860327410818
PowerSupply,1199.0,3,-0.4039365014871752
PowerSupply,1449.0,3,-0.38877459891479477
PowerSupply,799.0,3,-0.4281955456029838
PowerSupply,299.0,3,-0.4585193507477446
PowerSupply,2349.0,3,-0.3341917496542254
PowerSupply,859.0,3,-0.4245566889856125
PowerSupply,612.0,3,-0.43953664872712433
PowerSupply,3199.0,3,-0.282641280908132
PowerSupply,129.0,3,-0.46882944449696323
PowerSupply,1499.0,3,-0.3857422184003187
PowerSupply,2100.0,3,-0.34929300461631624
PowerSupply,1199.0,3,-0.4039365014871752
PowerSupply,1499.0,3,-0.3857422184003187
PowerSupply,135.0,3,-0.4684655588352261
PowerSupply,613.0,3,-0.4394760011168348
PowerSupply,570.0,3,-0.44208384835928427
PowerSupply,849.0,3,-0.4251631650885077
PowerSupply,850.0,3,-0.4251025174782182
PowerSupply,889.0,3,-0.42273726067692685
PowerSupply,1160.0,3,-0.40630175828846654
PowerSupply,2899.0,3,-0.3008355639949885
PowerSupply,1199.0,3,-0.4039365014871752
PowerSupply,399.0,3,-0.45245458971879243
PowerSupply,664.0,3,-0.43638297299206924
PowerSupply,999.0,3,-0.4160660235450795
PowerSupply,614.0,3,-0.4394153535065453
PowerSupply,15919.0,3,0.4887963219745824
PowerSupply,599.0,3,-0.44032506766088814
PowerSupply,869.0,3,-0.4239502128827173
PowerSupply,1599.0,3,-0.37967745737136654
PowerSupply,11499.0,3,0.22073388449489706
PowerSupply,653.0,3,-0.43705009670525397
PowerSupply,795.0,3,-0.4284381360441419
PowerSupply,2199.0,3,-0.3432888911976536
PowerSupply,1449.0,3,-0.38877459891479477
PowerSupply,17999.0,3,0.6149433513767874
PowerSupply,1200.0,3,-0.4038758538768856
PowerSupply,530.0,3,-0.44450975277086513
PowerSupply,842.0,3,-0.4255876983605344
PowerSupply,795.0,3,-0.4284381360441419
PowerSupply,799.0,3,-0.4281955456029838
PowerSupply,685.0,3,-0.43510937317598924
PowerSupply,1499.0,3,-0.3857422184003187
PowerSupply,1149.0,3,-0.40696888200165127
PowerSupply,789.0,3,-0.428802021705879
PowerSupply,948.0,3,-0.4191590516698451
PowerSupply,499.0,3,-0.4463898286898403
PowerSupply,2399.0,3,-0.3311593691397493
PowerSupply,598.0,3,-0.44038571527117765
PowerSupply,615.0,3,-0.43935470589625575
PowerSupply,1050.0,3,-0.4129729954203139
PowerSupply,768.0,3,-0.430075621521959
PowerSupply,1235.0,3,-0.4017531875167524
PowerSupply,685.0,3,-0.43510937317598924
PowerSupply,1298.0,3,-0.39793238806851255
PowerSupply,999.0,3,-0.4160660235450795
PowerSupply,599.0,3,-0.44032506766088814
PowerSupply,699.0,3,-0.434260306631936
PowerSupply,575.0,3,-0.44178061030783666
PowerSupply,599.0,3,-0.44032506766088814
PowerSupply,426.0,3,-0.4508171042409754
PowerSupply,1149.0,3,-0.40696888200165127
PowerSupply,1000.0,3,-0.41600537593479
PowerSupply,1498.0,3,-0.3858028660106082
PowerSupply,999.0,3,-0.4160660235450795
PowerSupply,1650.0,3,-0.37658442924660096
PowerSupply,1069.0,3,-0.411820690824813
PowerSupply,999.0,3,-0.4160660235450795
PowerSupply,569.0,3,-0.4421444959695738
PowerSupply,1999.0,3,-0.3554184132555579
PowerSupply,3349.0,3,-0.2735441393647038
PowerSupply,583.0,3,-0.44129542942552047
PowerSupply,724.0,3,-0.4327441163746979
PowerSupply,3349.0,3,-0.2735441393647038
PowerSupply,8035.0,3,0.010650562451994318
PowerSupply,20999.0,3,0.796886182245352
PowerSupply,6949.0,3,-0.055212742322426116
PowerSupply,1250.0,3,-0.40084347336240955
PowerSupply,2199.0,3,-0.3432888911976536
PowerSupply,1299.0,3,-0.397871740458223
PowerSupply,7699.0,3,-0.009727034605284932
PowerSupply,25899.0,3,1.0940594726640078
PowerSupply,8340.0,3,0.0291480835902984
PowerSupply,749.0,3,-0.43122792611745986
PowerSupply,10851.0,3,0.18143423302728706
PowerSupply,12705.0,3,0.29387490250406006
PowerSupply,659.0,3,-0.43668621104351685
PowerSupply,10999.0,3,0.19041007935013626
PowerSupply,6999.0,3,-0.052180361807950035
PowerSupply,2399.0,3,-0.3311593691397493
PowerSupply,743.0,3,-0.43159181177919703
PowerSupply,730.0,3,-0.4323802307129608
PowerSupply,670.0,3,-0.43601908733033207
PowerSupply,1199.0,3,-0.4039365014871752
PowerSupply,740.0,3,-0.43177375461006556
PowerSupply,780.0,3,-0.4293478501984847
PowerSupply,699.0,3,-0.434260306631936
PowerSupply,12873.0,3,0.3040637010326997
PowerSupply,9449.0,3,0.09640628340137783
PowerSupply,699.0,3,-0.434260306631936
PowerSupply,10799.0,3,0.17828055729223194
PowerSupply,4699.0,3,-0.19166986547384965
PowerSupply,1179.0,3,-0.4051494536929656
PowerSupply,1299.0,3,-0.397871740458223
PowerSupply,999.0,3,-0.4160660235450795
PowerSupply,535.0,3,-0.4442065147194175
PowerSupply,699.0,3,-0.434260306631936
PowerSupply,544.0,3,-0.4436606862268118
PowerSupply,9766.0,3,0.11563157586315616
PowerSupply,699.0,3,-0.434260306631936
PowerSupply,15598.0,3,0.469328439071646
PowerSupply,19929.0,3,0.7319932392355639
PowerSupply,3399.0,3,-0.2705117588502277
PowerSupply,7499.0,3,-0.021856556663189246
PowerSupply,725.0,3,-0.4326834687644084
PowerSupply,5819.0,3,-0.1237445419495855
PowerSupply,3399.0,3,-0.2705117588502277
PowerSupply,699.0,3,-0.434260306631936
PowerSupply,730.0,3,-0.4323802307129608
PowerSupply,670.0,3,-0.43601908733033207
PowerSupply,5799.0,3,-0.12495749415537592
PowerSupply,582.0,3,-0.44135607703581
PowerSupply,10799.0,3,0.17828055729223194
PowerSupply,1299.0,3,-0.397871740458223
PowerSupply,9494.0,3,0.0991354258644063
PowerSupply,382.0,3,-0.4534855990937143
PowerSupply,11899.0,3,0.24499292861070568
PowerSupply,745.0,3,-0.43147051655861796
PowerSupply,5999.0,3,-0.11282797209747161
PowerSupply,2003.0,3,-0.3551758228143998
PowerSupply,17899.0,3,0.6088785903478351
PowerSupply,8499.0,3,0.038791053626332325
PowerSupply,499.0,3,-0.4463898286898403
PowerSupply,5390.0,3,-0.14976236676379026
PowerSupply,1499.0,3,-0.3857422184003187
PowerSupply,13543.0,3,0.34469759992667914
PowerSupply,10499.0,3,0.16008627420537547
PowerSupply,2950.0,3,-0.29774253587022287
PowerSupply,3399.0,3,-0.2705117588502277
PowerSupply,17499.0,3,0.5846195462320265
PowerSupply,3999.0,3,-0.23412319267651477
PowerSupply,699.0,3,-0.434260306631936
PowerSupply,2599.0,3,-0.31902984708184495
PowerSupply,1499.0,3,-0.3857422184003187
PowerSupply,999.0,3,-0.4160660235450795
PowerSupply,220.0,3,-0.4633105119606168
PowerSupply,743.0,3,-0.43159181177919703
PowerSupply,3999.0,3,-0.23412319267651477
PowerSupply,1090.0,3,-0.41054709100873304
PowerSupply,10119.0,3,0.13704018229535728
PowerSupply,5698.0,3,-0.1310829027946176
PowerSupply,1499.0,3,-0.3857422184003187
PowerSupply,543.0,3,-0.44372133383710133
PowerSupply,999.0,3,-0.4160660235450795
PowerSupply,2699.0,3,-0.3129650860528928
PowerSupply,670.0,3,-0.43601908733033207
PowerSupply,3105.0,3,-0.28834215627534704
PowerSupply,699.0,3,-0.434260306631936
PowerSupply,1499.0,3,-0.3857422184003187
PowerSupply,2049.0,3,-0.3523860327410818
PowerSupply,1199.0,3,-0.4039365014871752
PowerSupply,1449.0,3,-0.38877459891479477
PowerSupply,799.0,3,-0.4281955456029838
PowerSupply,299.0,3,-0.4585193507477446
PowerSupply,2349.0,3,-0.3341917496542254
PowerSupply,859.0,3,-0.4245566889856125
PowerSupply,612.0,3,-0.43953664872712433
PowerSupply,3199.0,3,-0.282641280908132
PowerSupply,129.0,3,-0.46882944449696323
PowerSupply,1499.0,3,-0.3857422184003187
PowerSupply,2100.0,3,-0.34929300461631624
PowerSupply,1199.0,3,-0.4039365014871752
PowerSupply,1499.0,3,-0.3857422184003187
PowerSupply,135.0,3,-0.4684655588352261
PowerSupply,613.0,3,-0.4394760011168348
PowerSupply,570.0,3,-0.44208384835928427
PowerSupply,849.0,3,-0.4251631650885077
PowerSupply,850.0,3,-0.4251025174782182
PowerSupply,889.0,3,-0.42273726067692685
PowerSupply,1160.0,3,-0.40630175828846654
PowerSupply,2899.0,3,-0.3008355639949885
PowerSupply,1199.0,3,-0.4039365014871752
PowerSupply,399.0,3,-0.45245458971879243
PowerSupply,664.0,3,-0.43638297299206924
PowerSupply,999.0,3,-0.4160660235450795
PowerSupply,614.0,3,-0.4394153535065453
PowerSupply,15919.0,3,0.4887963219745824
PowerSupply,599.0,3,-0.44032506766088814
PowerSupply,869.0,3,-0.4239502128827173
PowerSupply,1599.0,3,-0.37967745737136654
PowerSupply,11499.0,3,0.22073388449489706
PowerSupply,653.0,3,-0.43705009670525397
PowerSupply,795.0,3,-0.4284381360441419
PowerSupply,2199.0,3,-0.3432888911976536
PowerSupply,1449.0,3,-0.38877459891479477
PowerSupply,17999.0,3,0.6149433513767874
PowerSupply,1200.0,3,-0.4038758538768856
PowerSupply,530.0,3,-0.44450975277086513
PowerSupply,842.0,3,-0.4255876983605344
PowerSupply,795.0,3,-0.4284381360441419
PowerSupply,799.0,3,-0.4281955456029838
PowerSupply,685.0,3,-0.43510937317598924
PowerSupply,1499.0,3,-0.3857422184003187
PowerSupply,1149.0,3,-0.40696888200165127
PowerSupply,789.0,3,-0.428802021705879
PowerSupply,948.0,3,-0.4191590516698451
PowerSupply,499.0,3,-0.4463898286898403
PowerSupply,2399.0,3,-0.3311593691397493
PowerSupply,598.0,3,-0.44038571527117765
PowerSupply,615.0,3,-0.43935470589625575
PowerSupply,1050.0,3,-0.4129729954203139
PowerSupply,768.0,3,-0.430075621521959
PowerSupply,1235.0,3,-0.4017531875167524
PowerSupply,685.0,3,-0.43510937317598924
PowerSupply,1298.0,3,-0.39793238806851255
PowerSupply,999.0,3,-0.4160660235450795
PowerSupply,599.0,3,-0.44032506766088814
PowerSupply,699.0,3,-0.434260306631936
PowerSupply,575.0,3,-0.44178061030783666
PowerSupply,599.0,3,-0.44032506766088814
PowerSupply,426.0,3,-0.4508171042409754
PowerSupply,1149.0,3,-0.40696888200165127
PowerSupply,1000.0,3,-0.41600537593479
PowerSupply,1498.0,3,-0.3858028660106082
PowerSupply,999.0,3,-0.4160660235450795
PowerSupply,1299.0,3,-0.397871740458223
PowerSupply,1499.0,3,-0.3857422184003187
PowerSupply,1997.0,3,-0.355539708476137
PowerSupply,1199.0,3,-0.4039365014871752
PowerSupply,385.0,3,-0.45330365626284574
PowerSupply,1423.0,3,-0.3903514367823223
PowerSupply,599.0,3,-0.44032506766088814
PowerSupply,599.0,3,-0.44032506766088814
PowerSupply,1199.0,3,-0.4039365014871752
PowerSupply,1399.0,3,-0.39180697942927084
PowerSupply,11190.0,3,0.20199377291543488
PowerSupply,699.0,3,-0.434260306631936
PowerSupply,665.0,3,-0.4363223253817797
PowerSupply,1498.0,3,-0.3858028660106082
PowerSupply,1599.0,3,-0.37967745737136654
PowerSupply,499.0,3,-0.4463898286898403
PowerSupply,499.0,3,-0.4463898286898403
PowerSupply,599.0,3,-0.44032506766088814
PowerSupply,599.0,3,-0.44032506766088814
PowerSupply,660.0,3,-0.4366255634332273
PowerSupply,685.0,3,-0.43510937317598924
PowerSupply,2799.0,3,-0.30690032502394066
PowerSupply,1092.0,3,-0.41042579578815397
PowerSupply,1095.0,3,-0.41024385295728544
PowerSupply,1008.0,3,-0.4155201950524738
PowerSupply,499.0,3,-0.4463898286898403
PowerSupply,1378.0,3,-0.39308057924535084
PowerSupply,1179.0,3,-0.4051494536929656
PowerSupply,599.0,3,-0.44032506766088814
PowerSupply,616.0,3,-0.43929405828596624
PowerSupply,1325.0,3,-0.39629490259069544
PowerSupply,1299.0,3,-0.397871740458223
PowerSupply,265.0,3,-0.4605813694975883
PowerSupply,3399.0,3,-0.2705117588502277
PowerSupply,1198.0,3,-0.4039971490974647
PowerSupply,1499.0,3,-0.3857422184003187
PowerSupply,399.0,3,-0.45245458971879243
PowerSupply,599.0,3,-0.44032506766088814
PowerSupply,399.0,3,-0.45245458971879243
PowerSupply,999.0,3,-0.4160660235450795
PowerSupply,1650.0,3,-0.37658442924660096
PowerSupply,1069.0,3,-0.411820690824813
PowerSupply,999.0,3,-0.4160660235450795
PowerSupply,569.0,3,-0.4421444959695738
PowerSupply,1999.0,3,-0.3554184132555579
PowerSupply,3349.0,3,-0.2735441393647038
PowerSupply,583.0,3,-0.44129542942552047
PowerSupply,724.0,3,-0.4327441163746979
PowerSupply,3349.0,3,-0.2735441393647038
PowerSupply,8035.0,3,0.010650562451994318
PowerSupply,20999.0,3,0.796886182245352
PowerSupply,6949.0,3,-0.055212742322426116
PowerSupply,1250.0,3,-0.40084347336240955
PowerSupply,2199.0,3,-0.3432888911976536
PowerSupply,1299.0,3,-0.397871740458223
PowerSupply,7699.0,3,-0.009727034605284932
PowerSupply,25899.0,3,1.0940594726640078
PowerSupply,8340.0,3,0.0291480835902984
PowerSupply,749.0,3,-0.43122792611745986
PowerSupply,10851.0,3,0.18143423302728706
PowerSupply,12705.0,3,0.29387490250406006
PowerSupply,659.0,3,-0.43668621104351685
PowerSupply,10999.0,3,0.19041007935013626
PowerSupply,6999.0,3,-0.052180361807950035
PowerSupply,2399.0,3,-0.3311593691397493
PowerSupply,743.0,3,-0.43159181177919703
PowerSupply,730.0,3,-0.4323802307129608
PowerSupply,670.0,3,-0.43601908733033207
PowerSupply,1199.0,3,-0.4039365014871752
PowerSupply,740.0,3,-0.43177375461006556
PowerSupply,780.0,3,-0.4293478501984847
PowerSupply,699.0,3,-0.434260306631936
PowerSupply,12873.0,3,0.3040637010326997
PowerSupply,9449.0,3,0.09640628340137783
PowerSupply,699.0,3,-0.434260306631936
PowerSupply,10799.0,3,0.17828055729223194
PowerSupply,4699.0,3,-0.19166986547384965
PowerSupply,1179.0,3,-0.4051494536929656
PowerSupply,1299.0,3,-0.397871740458223
PowerSupply,999.0,3,-0.4160660235450795
PowerSupply,535.0,3,-0.4442065147194175
PowerSupply,699.0,3,-0.434260306631936
PowerSupply,544.0,3,-0.4436606862268118
PowerSupply,9766.0,3,0.11563157586315616
PowerSupply,699.0,3,-0.434260306631936
PowerSupply,15598.0,3,0.469328439071646
PowerSupply,19929.0,3,0.7319932392355639
PowerSupply,3399.0,3,-0.2705117588502277
PowerSupply,7499.0,3,-0.021856556663189246
PowerSupply,725.0,3,-0.4326834687644084
PowerSupply,5819.0,3,-0.1237445419495855
PowerSupply,3399.0,3,-0.2705117588502277
PowerSupply,699.0,3,-0.434260306631936
PowerSupply,730.0,3,-0.4323802307129608
PowerSupply,670.0,3,-0.43601908733033207
PowerSupply,5799.0,3,-0.12495749415537592
PowerSupply,582.0,3,-0.44135607703581
PowerSupply,10799.0,3,0.17828055729223194
PowerSupply,1299.0,3,-0.397871740458223
PowerSupply,9494.0,3,0.0991354258644063
PowerSupply,382.0,3,-0.4534855990937143
PowerSupply,11899.0,3,0.24499292861070568
PowerSupply,745.0,3,-0.43147051655861796
PowerSupply,5999.0,3,-0.11282797209747161
PowerSupply,2003.0,3,-0.3551758228143998
PowerSupply,17899.0,3,0.6088785903478351
PowerSupply,8499.0,3,0.038791053626332325
PowerSupply,499.0,3,-0.4463898286898403
PowerSupply,5390.0,3,-0.14976236676379026
PowerSupply,1499.0,3,-0.3857422184003187
PowerSupply,13543.0,3,0.34469759992667914
PowerSupply,10499.0,3,0.16008627420537547
PowerSupply,2950.0,3,-0.29774253587022287
PowerSupply,3399.0,3,-0.2705117588502277
PowerSupply,17499.0,3,0.5846195462320265
PowerSupply,3999.0,3,-0.23412319267651477
PowerSupply,699.0,3,-0.434260306631936
PowerSupply,2599.0,3,-0.31902984708184495
PowerSupply,1499.0,3,-0.3857422184003187
PowerSupply,999.0,3,-0.4160660235450795
PowerSupply,220.0,3,-0.4633105119606168
PowerSupply,743.0,3,-0.43159181177919703
PowerSupply,3999.0,3,-0.23412319267651477
PowerSupply,1090.0,3,-0.41054709100873304
PowerSupply,10119.0,3,0.13704018229535728
PowerSupply,5698.0,3,-0.1310829027946176
PowerSupply,1499.0,3,-0.3857422184003187
PowerSupply,543.0,3,-0.44372133383710133
PowerSupply,999.0,3,-0.4160660235450795
PowerSupply,2699.0,3,-0.3129650860528928
PowerSupply,670.0,3,-0.43601908733033207
PowerSupply,3105.0,3,-0.28834215627534704
PowerSupply,699.0,3,-0.434260306631936
PowerSupply,1499.0,3,-0.3857422184003187
PowerSupply,2049.0,3,-0.3523860327410818
PowerSupply,1199.0,3,-0.4039365014871752
PowerSupply,1449.0,3,-0.38877459891479477
PowerSupply,799.0,3,-0.4281955456029838
PowerSupply,299.0,3,-0.4585193507477446
PowerSupply,2349.0,3,-0.3341917496542254
PowerSupply,859.0,3,-0.4245566889856125
PowerSupply,612.0,3,-0.43953664872712433
PowerSupply,3199.0,3,-0.282641280908132
PowerSupply,129.0,3,-0.46882944449696323
PowerSupply,1499.0,3,-0.3857422184003187
PowerSupply,2100.0,3,-0.34929300461631624
PowerSupply,1199.0,3,-0.4039365014871752
PowerSupply,1499.0,3,-0.3857422184003187
PowerSupply,135.0,3,-0.4684655588352261
PowerSupply,613.0,3,-0.4394760011168348
PowerSupply,570.0,3,-0.44208384835928427
PowerSupply,849.0,3,-0.4251631650885077
PowerSupply,850.0,3,-0.4251025174782182
PowerSupply,889.0,3,-0.42273726067692685
PowerSupply,1160.0,3,-0.40630175828846654
PowerSupply,2899.0,3,-0.3008355639949885
PowerSupply,1199.0,3,-0.4039365014871752
PowerSupply,399.0,3,-0.45245458971879243
PowerSupply,664.0,3,-0.43638297299206924
PowerSupply,999.0,3,-0.4160660235450795
PowerSupply,614.0,3,-0.4394153535065453
PowerSupply,15919.0,3,0.4887963219745824
PowerSupply,599.0,3,-0.44032506766088814
PowerSupply,869.0,3,-0.4239502128827173
PowerSupply,1599.0,3,-0.37967745737136654
PowerSupply,11499.0,3,0.22073388449489706
PowerSupply,653.0,3,-0.43705009670525397
PowerSupply,795.0,3,-0.4284381360441419
PowerSupply,2199.0,3,-0.3432888911976536
PowerSupply,1449.0,3,-0.38877459891479477
PowerSupply,17999.0,3,0.6149433513767874
PowerSupply,1200.0,3,-0.4038758538768856
PowerSupply,530.0,3,-0.44450975277086513
PowerSupply,842.0,3,-0.4255876983605344
PowerSupply,795.0,3,-0.4284381360441419
PowerSupply,799.0,3,-0.4281955456029838
PowerSupply,685.0,3,-0.43510937317598924
PowerSupply,1499.0,3,-0.3857422184003187
PowerSupply,1149.0,3,-0.40696888200165127
PowerSupply,789.0,3,-0.428802021705879
PowerSupply,948.0,3,-0.4191590516698451
PowerSupply,499.0,3,-0.4463898286898403
PowerSupply,2399.0,3,-0.3311593691397493
PowerSupply,598.0,3,-0.44038571527117765
PowerSupply,615.0,3,-0.43935470589625575
PowerSupply,1050.0,3,-0.4129729954203139
PowerSupply,768.0,3,-0.430075621521959
PowerSupply,1235.0,3,-0.4017531875167524
PowerSupply,685.0,3,-0.43510937317598924
PowerSupply,1298.0,3,-0.39793238806851255
PowerSupply,999.0,3,-0.4160660235450795
PowerSupply,599.0,3,-0.44032506766088814
PowerSupply,699.0,3,-0.434260306631936
PowerSupply,575.0,3,-0.44178061030783666
PowerSupply,599.0,3,-0.44032506766088814
PowerSupply,426.0,3,-0.4508171042409754
PowerSupply,1149.0,3,-0.40696888200165127
PowerSupply,1000.0,3,-0.41600537593479
PowerSupply,1498.0,3,-0.3858028660106082
PowerSupply,999.0,3,-0.4160660235450795
PowerSupply,1299.0,3,-0.397871740458223
PowerSupply,1499.0,3,-0.3857422184003187
PowerSupply,1997.0,3,-0.355539708476137
PowerSupply,1199.0,3,-0.4039365014871752
PowerSupply,385.0,3,-0.45330365626284574
PowerSupply,1423.0,3,-0.3903514367823223
PowerSupply,599.0,3,-0.44032506766088814
PowerSupply,599.0,3,-0.44032506766088814
PowerSupply,1199.0,3,-0.4039365014871752
PowerSupply,1399.0,3,-0.39180697942927084
PowerSupply,11190.0,3,0.20199377291543488
PowerSupply,699.0,3,-0.434260306631936
PowerSupply,665.0,3,-0.4363223253817797
PowerSupply,1498.0,3,-0.3858028660106082
PowerSupply,1599.0,3,-0.37967745737136654
PowerSupply,499.0,3,-0.4463898286898403
PowerSupply,499.0,3,-0.4463898286898403
PowerSupply,599.0,3,-0.44032506766088814
PowerSupply,599.0,3,-0.44032506766088814
PowerSupply,660.0,3,-0.4366255634332273
PowerSupply,685.0,3,-0.43510937317598924
PowerSupply,2799.0,3,-0.30690032502394066
PowerSupply,1092.0,3,-0.41042579578815397
PowerSupply,1095.0,3,-0.41024385295728544
PowerSupply,1008.0,3,-0.4155201950524738
PowerSupply,499.0,3,-0.4463898286898403
PowerSupply,1378.0,3,-0.39308057924535084
PowerSupply,1179.0,3,-0.4051494536929656
PowerSupply,599.0,3,-0.44032506766088814
PowerSupply,616.0,3,-0.43929405828596624
PowerSupply,1325.0,3,-0.39629490259069544
PowerSupply,1299.0,3,-0.397871740458223
PowerSupply,265.0,3,-0.4605813694975883
PowerSupply,3399.0,3,-0.2705117588502277
PowerSupply,1198.0,3,-0.4039971490974647
PowerSupply,1499.0,3,-0.3857422184003187
PowerSupply,399.0,3,-0.45245458971879243
PowerSupply,599.0,3,-0.44032506766088814
PowerSupply,399.0,3,-0.45245458971879243
PowerSupply,999.0,3,-0.4160660235450795
PowerSupply,220.0,3,-0.4633105119606168
PowerSupply,1999.0,3,-0.3554184132555579
PowerSupply,599.0,3,-0.44032506766088814
PowerSupply,399.0,3,-0.45245458971879243
PowerSupply,1200.0,3,-0.4038758538768856
PowerSupply,6800.0,3,-0.06424923625556483
PowerSupply,399.0,3,-0.45245458971879243
PowerSupply,1198.0,3,-0.4039971490974647
PowerSupply,199.0,3,-0.46458411177669673
PowerSupply,899.0,3,-0.42213078457403164
PowerSupply,359.0,3,-0.4548804941303733
PowerSupply,699.0,3,-0.434260306631936
PowerSupply,670.0,3,-0.43601908733033207
PowerSupply,499.0,3,-0.4463898286898403
PowerSupply,1850.0,3,-0.3644549071886966
PowerSupply,2600.0,3,-0.31896919947155544
PowerSupply,999.0,3,-0.4160660235450795
PowerSupply,898.0,3,-0.42219143218432115
PowerSupply,5359.0,3,-0.15164244268276542
PowerSupply,1499.0,3,-0.3857422184003187
PowerSupply,848.0,3,-0.4252238126987972
PowerSupply,1249.0,3,-0.4009041209726991
PowerSupply,284.0,3,-0.4594290649020874
PowerSupply,8700.0,3,0.050981223294526166
PowerSupply,1349.0,3,-0.3948393599437469
PowerSupply,525.0,3,-0.44481299082231274
PowerSupply,8300.0,3,0.026722179178717536
PowerSupply,9200.0,3,0.08130502843928696
PowerSupply,21800.0,3,0.8454649180872588
PowerSupply,1499.0,3,-0.3857422184003187
PowerSupply,597.0,3,-0.44044636288146716
PowerSupply,169.0,3,-0.4664035400853824
PowerSupply,2899.0,3,-0.3008355639949885
PowerSupply,1299.0,3,-0.397871740458223
PowerSupply,1649.0,3,-0.37664507685689047
PowerSupply,950.0,3,-0.41903775644926605
PowerSupply,799.0,3,-0.4281955456029838
PowerSupply,2000.0,3,-0.3553577656452684
PowerSupply,490.0,3,-0.446935657182446
PowerSupply,999.0,3,-0.4160660235450795
PowerSupply,1650.0,3,-0.37658442924660096
PowerSupply,1069.0,3,-0.411820690824813
PowerSupply,999.0,3,-0.4160660235450795
PowerSupply,569.0,3,-0.4421444959695738
PowerSupply,1999.0,3,-0.3554184132555579
PowerSupply,3349.0,3,-0.2735441393647038
PowerSupply,583.0,3,-0.44129542942552047
PowerSupply,724.0,3,-0.4327441163746979
PowerSupply,3349.0,3,-0.2735441393647038
PowerSupply,8035.0,3,0.010650562451994318
PowerSupply,20999.0,3,0.796886182245352
PowerSupply,6949.0,3,-0.055212742322426116
PowerSupply,1250.0,3,-0.40084347336240955
PowerSupply,2199.0,3,-0.3432888911976536
PowerSupply,1299.0,3,-0.397871740458223
PowerSupply,7699.0,3,-0.009727034605284932
PowerSupply,25899.0,3,1.0940594726640078
PowerSupply,8340.0,3,0.0291480835902984
PowerSupply,749.0,3,-0.43122792611745986
PowerSupply,10851.0,3,0.18143423302728706
PowerSupply,12705.0,3,0.29387490250406006
PowerSupply,659.0,3,-0.43668621104351685
PowerSupply,10999.0,3,0.19041007935013626
PowerSupply,6999.0,3,-0.052180361807950035
PowerSupply,2399.0,3,-0.3311593691397493
PowerSupply,743.0,3,-0.43159181177919703
PowerSupply,730.0,3,-0.4323802307129608
PowerSupply,670.0,3,-0.43601908733033207
PowerSupply,1199.0,3,-0.4039365014871752
PowerSupply,740.0,3,-0.43177375461006556
PowerSupply,780.0,3,-0.4293478501984847
PowerSupply,699.0,3,-0.434260306631936
PowerSupply,12873.0,3,0.3040637010326997
PowerSupply,9449.0,3,0.09640628340137783
PowerSupply,699.0,3,-0.434260306631936
PowerSupply,10799.0,3,0.17828055729223194
PowerSupply,4699.0,3,-0.19166986547384965
PowerSupply,1179.0,3,-0.4051494536929656
PowerSupply,1299.0,3,-0.397871740458223
PowerSupply,999.0,3,-0.4160660235450795
PowerSupply,535.0,3,-0.4442065147194175
PowerSupply,699.0,3,-0.434260306631936
PowerSupply,544.0,3,-0.4436606862268118
PowerSupply,9766.0,3,0.11563157586315616
PowerSupply,699.0,3,-0.434260306631936
PowerSupply,15598.0,3,0.469328439071646
PowerSupply,19929.0,3,0.7319932392355639
PowerSupply,3399.0,3,-0.2705117588502277
PowerSupply,7499.0,3,-0.021856556663189246
PowerSupply,725.0,3,-0.4326834687644084
PowerSupply,5819.0,3,-0.1237445419495855
PowerSupply,3399.0,3,-0.2705117588502277
PowerSupply,699.0,3,-0.434260306631936
PowerSupply,730.0,3,-0.4323802307129608
PowerSupply,670.0,3,-0.43601908733033207
PowerSupply,5799.0,3,-0.12495749415537592
PowerSupply,582.0,3,-0.44135607703581
PowerSupply,10799.0,3,0.17828055729223194
PowerSupply,1299.0,3,-0.397871740458223
PowerSupply,9494.0,3,0.0991354258644063
PowerSupply,382.0,3,-0.4534855990937143
PowerSupply,11899.0,3,0.24499292861070568
PowerSupply,745.0,3,-0.43147051655861796
PowerSupply,5999.0,3,-0.11282797209747161
PowerSupply,2003.0,3,-0.3551758228143998
PowerSupply,17899.0,3,0.6088785903478351
PowerSupply,8499.0,3,0.038791053626332325
PowerSupply,499.0,3,-0.4463898286898403
PowerSupply,5390.0,3,-0.14976236676379026
PowerSupply,1499.0,3,-0.3857422184003187
PowerSupply,13543.0,3,0.34469759992667914
PowerSupply,10499.0,3,0.16008627420537547
PowerSupply,2950.0,3,-0.29774253587022287
PowerSupply,3399.0,3,-0.2705117588502277
PowerSupply,17499.0,3,0.5846195462320265
PowerSupply,3999.0,3,-0.23412319267651477
PowerSupply,699.0,3,-0.434260306631936
PowerSupply,2599.0,3,-0.31902984708184495
PowerSupply,1499.0,3,-0.3857422184003187
PowerSupply,999.0,3,-0.4160660235450795
PowerSupply,220.0,3,-0.4633105119606168
PowerSupply,743.0,3,-0.43159181177919703
PowerSupply,3999.0,3,-0.23412319267651477
PowerSupply,1090.0,3,-0.41054709100873304
PowerSupply,10119.0,3,0.13704018229535728
PowerSupply,5698.0,3,-0.1310829027946176
PowerSupply,1499.0,3,-0.3857422184003187
PowerSupply,543.0,3,-0.44372133383710133
PowerSupply,999.0,3,-0.4160660235450795
PowerSupply,2699.0,3,-0.3129650860528928
PowerSupply,670.0,3,-0.43601908733033207
PowerSupply,3105.0,3,-0.28834215627534704
PowerSupply,699.0,3,-0.434260306631936
PowerSupply,1499.0,3,-0.3857422184003187
PowerSupply,2049.0,3,-0.3523860327410818
PowerSupply,1199.0,3,-0.4039365014871752
PowerSupply,1449.0,3,-0.38877459891479477
PowerSupply,799.0,3,-0.4281955456029838
PowerSupply,299.0,3,-0.4585193507477446
PowerSupply,2349.0,3,-0.3341917496542254
PowerSupply,859.0,3,-0.4245566889856125
PowerSupply,612.0,3,-0.43953664872712433
PowerSupply,3199.0,3,-0.282641280908132
PowerSupply,129.0,3,-0.46882944449696323
PowerSupply,1499.0,3,-0.3857422184003187
PowerSupply,2100.0,3,-0.34929300461631624
PowerSupply,1199.0,3,-0.4039365014871752
PowerSupply,1499.0,3,-0.3857422184003187
PowerSupply,135.0,3,-0.4684655588352261
PowerSupply,613.0,3,-0.4394760011168348
PowerSupply,570.0,3,-0.44208384835928427
PowerSupply,849.0,3,-0.4251631650885077
PowerSupply,850.0,3,-0.4251025174782182
PowerSupply,889.0,3,-0.42273726067692685
PowerSupply,1160.0,3,-0.40630175828846654
PowerSupply,2899.0,3,-0.3008355639949885
PowerSupply,1199.0,3,-0.4039365014871752
PowerSupply,399.0,3,-0.45245458971879243
PowerSupply,664.0,3,-0.43638297299206924
PowerSupply,999.0,3,-0.4160660235450795
PowerSupply,614.0,3,-0.4394153535065453
PowerSupply,15919.0,3,0.4887963219745824
PowerSupply,599.0,3,-0.44032506766088814
PowerSupply,869.0,3,-0.4239502128827173
PowerSupply,1599.0,3,-0.37967745737136654
PowerSupply,11499.0,3,0.22073388449489706
PowerSupply,653.0,3,-0.43705009670525397
PowerSupply,795.0,3,-0.4284381360441419
PowerSupply,2199.0,3,-0.3432888911976536
PowerSupply,1449.0,3,-0.38877459891479477
PowerSupply,17999.0,3,0.6149433513767874
PowerSupply,1200.0,3,-0.4038758538768856
PowerSupply,530.0,3,-0.44450975277086513
PowerSupply,842.0,3,-0.4255876983605344
PowerSupply,795.0,3,-0.4284381360441419
PowerSupply,799.0,3,-0.4281955456029838
PowerSupply,685.0,3,-0.43510937317598924
PowerSupply,1499.0,3,-0.3857422184003187
PowerSupply,1149.0,3,-0.40696888200165127
PowerSupply,789.0,3,-0.428802021705879
PowerSupply,948.0,3,-0.4191590516698451
PowerSupply,499.0,3,-0.4463898286898403
PowerSupply,2399.0,3,-0.3311593691397493
PowerSupply,598.0,3,-0.44038571527117765
PowerSupply,615.0,3,-0.43935470589625575
PowerSupply,1050.0,3,-0.4129729954203139
PowerSupply,768.0,3,-0.430075621521959
PowerSupply,1235.0,3,-0.4017531875167524
PowerSupply,685.0,3,-0.43510937317598924
PowerSupply,1298.0,3,-0.39793238806851255
PowerSupply,999.0,3,-0.4160660235450795
PowerSupply,599.0,3,-0.44032506766088814
PowerSupply,699.0,3,-0.434260306631936
PowerSupply,575.0,3,-0.44178061030783666
PowerSupply,599.0,3,-0.44032506766088814
PowerSupply,426.0,3,-0.4508171042409754
PowerSupply,1149.0,3,-0.40696888200165127
PowerSupply,1000.0,3,-0.41600537593479
PowerSupply,1498.0,3,-0.3858028660106082
PowerSupply,999.0,3,-0.4160660235450795
PowerSupply,1299.0,3,-0.397871740458223
PowerSupply,1499.0,3,-0.3857422184003187
PowerSupply,1997.0,3,-0.355539708476137
PowerSupply,1199.0,3,-0.4039365014871752
PowerSupply,385.0,3,-0.45330365626284574
PowerSupply,1423.0,3,-0.3903514367823223
PowerSupply,599.0,3,-0.44032506766088814
PowerSupply,599.0,3,-0.44032506766088814
PowerSupply,1199.0,3,-0.4039365014871752
PowerSupply,1399.0,3,-0.39180697942927084
PowerSupply,11190.0,3,0.20199377291543488
PowerSupply,699.0,3,-0.434260306631936
PowerSupply,665.0,3,-0.4363223253817797
PowerSupply,1498.0,3,-0.3858028660106082
PowerSupply,1599.0,3,-0.37967745737136654
PowerSupply,499.0,3,-0.4463898286898403
PowerSupply,499.0,3,-0.4463898286898403
PowerSupply,599.0,3,-0.44032506766088814
PowerSupply,599.0,3,-0.44032506766088814
PowerSupply,660.0,3,-0.4366255634332273
PowerSupply,685.0,3,-0.43510937317598924
PowerSupply,2799.0,3,-0.30690032502394066
PowerSupply,1092.0,3,-0.41042579578815397
PowerSupply,1095.0,3,-0.41024385295728544
PowerSupply,1008.0,3,-0.4155201950524738
PowerSupply,499.0,3,-0.4463898286898403
PowerSupply,1378.0,3,-0.39308057924535084
PowerSupply,1179.0,3,-0.4051494536929656
PowerSupply,599.0,3,-0.44032506766088814
PowerSupply,616.0,3,-0.43929405828596624
PowerSupply,1325.0,3,-0.39629490259069544
PowerSupply,1299.0,3,-0.397871740458223
PowerSupply,265.0,3,-0.4605813694975883
PowerSupply,3399.0,3,-0.2705117588502277
PowerSupply,1198.0,3,-0.4039971490974647
PowerSupply,1499.0,3,-0.3857422184003187
PowerSupply,399.0,3,-0.45245458971879243
PowerSupply,599.0,3,-0.44032506766088814
PowerSupply,399.0,3,-0.45245458971879243
PowerSupply,999.0,3,-0.4160660235450795
PowerSupply,220.0,3,-0.4633105119606168
PowerSupply,1999.0,3,-0.3554184132555579
PowerSupply,599.0,3,-0.44032506766088814
PowerSupply,399.0,3,-0.45245458971879243
PowerSupply,1200.0,3,-0.4038758538768856
PowerSupply,6800.0,3,-0.06424923625556483
PowerSupply,399.0,3,-0.45245458971879243
PowerSupply,1198.0,3,-0.4039971490974647
PowerSupply,199.0,3,-0.46458411177669673
PowerSupply,899.0,3,-0.42213078457403164
PowerSupply,359.0,3,-0.4548804941303733
PowerSupply,699.0,3,-0.434260306631936
PowerSupply,670.0,3,-0.43601908733033207
PowerSupply,499.0,3,-0.4463898286898403
PowerSupply,1850.0,3,-0.3644549071886966
PowerSupply,2600.0,3,-0.31896919947155544
PowerSupply,999.0,3,-0.4160660235450795
PowerSupply,898.0,3,-0.42219143218432115
PowerSupply,5359.0,3,-0.15164244268276542
PowerSupply,1499.0,3,-0.3857422184003187
PowerSupply,848.0,3,-0.4252238126987972
PowerSupply,1249.0,3,-0.4009041209726991
PowerSupply,284.0,3,-0.4594290649020874
PowerSupply,8700.0,3,0.050981223294526166
PowerSupply,1349.0,3,-0.3948393599437469
PowerSupply,525.0,3,-0.44481299082231274
PowerSupply,8300.0,3,0.026722179178717536
PowerSupply,9200.0,3,0.08130502843928696
PowerSupply,21800.0,3,0.8454649180872588
PowerSupply,1499.0,3,-0.3857422184003187
PowerSupply,597.0,3,-0.44044636288146716
PowerSupply,169.0,3,-0.4664035400853824
PowerSupply,2899.0,3,-0.3008355639949885
PowerSupply,1299.0,3,-0.397871740458223
PowerSupply,1649.0,3,-0.37664507685689047
PowerSupply,950.0,3,-0.41903775644926605
PowerSupply,799.0,3,-0.4281955456029838
PowerSupply,2000.0,3,-0.3553577656452684
PowerSupply,490.0,3,-0.446935657182446
PowerSupply,999.0,3,-0.4160660235450795
PowerSupply,220.0,3,-0.4633105119606168
PowerSupply,2999.0,3,-0.29477080296603636
PowerSupply,2199.0,3,-0.3432888911976536
PowerSupply,2045.0,3,-0.3526286231822399
PowerSupply,799.0,3,-0.4281955456029838
PowerSupply,950.0,3,-0.41903775644926605
PowerSupply,299.0,3,-0.4585193507477446
PowerSupply,699.0,3,-0.434260306631936
PowerSupply,265.0,3,-0.4605813694975883
PowerSupply,249.0,3,-0.46155173126222065
PowerSupply,599.0,3,-0.44032506766088814
PowerSupply,129.0,3,-0.46882944449696323
PowerSupply,650.0,3,-0.4372320395361225
PowerSupply,3499.0,3,-0.26444699782127556
PowerSupply,4200.0,3,-0.22193302300832093
PowerSupply,1099.0,3,-0.41000126251612734
PowerSupply,8700.0,3,0.050981223294526166
PowerSupply,648.0,3,-0.4373533347567016
PowerSupply,4600.0,3,-0.1976739788925123
PowerSupply,2897.0,3,-0.30095685921556753
PowerSupply,2498.0,3,-0.32515525572108667
PowerSupply,2155.0,3,-0.34595738605039256
PowerSupply,2500.0,3,-0.3250339605005076
PowerSupply,571.0,3,-0.4420232007489947
PowerSupply,1298.0,3,-0.39793238806851255
PowerSupply,2020.0,3,-0.35414481343947796
PowerSupply,2306.0,3,-0.33679959689667477
PowerSupply,5499.0,3,-0.1431517772422324
PowerSupply,490.0,3,-0.446935657182446
PowerSupply,1049.0,3,-0.4130336430306034
PowerSupply,19349.0,3,0.6968176252676415
PowerSupply,16999.0,3,0.5542957410872658
PowerSupply,999.0,3,-0.4160660235450795
PowerSupply,2448.0,3,-0.32818763623556274
PowerSupply,1499.0,3,-0.3857422184003187
PowerSupply,899.0,3,-0.42213078457403164
PowerSupply,6789.0,3,-0.06491635996874956
PowerSupply,798.0,3,-0.42825619321327335
PowerSupply,798.0,3,-0.42825619321327335
cabinates,3449.0,6,-0.26747937833575164
cabinates,220.0,6,-0.4633105119606168
cabinates,2629.0,6,-0.3172104187731593
cabinates,3379.0,6,-0.27172471105601814
cabinates,1798.0,6,-0.36760858292375176
cabinates,2811.0,6,-0.3061725537004664
cabinates,1499.0,6,-0.3857422184003187
cabinates,3049.0,6,-0.2917384224515603
cabinates,3125.0,6,-0.2871292040695566
cabinates,2999.0,6,-0.29477080296603636
cabinates,6634.0,6,-0.07431673956362542
cabinates,2777.0,6,-0.3082345724503101
cabinates,4999.0,6,-0.17347558238699318
cabinates,1499.0,6,-0.3857422184003187
cabinates,3699.0,6,-0.2523174757633712
cabinates,9929.0,6,0.12551713634034817
cabinates,6949.0,6,-0.055212742322426116
cabinates,1199.0,6,-0.4039365014871752
cabinates,8576.0,6,0.04346091961862549
cabinates,1798.0,6,-0.36760858292375176
cabinates,2249.0,6,-0.3402565106831775
cabinates,1263.0,6,-0.4000550544286458
cabinates,1980.0,6,-0.3565707178510588
cabinates,1499.0,6,-0.3857422184003187
cabinates,4821.0,6,-0.18427085701852802
cabinates,1700.0,6,-0.3735520487321249
cabinates,2455.0,6,-0.32776310296353606
cabinates,8699.0,6,0.05092057568423664
cabinates,3839.0,6,-0.2438268103228382
cabinates,1849.0,6,-0.3645155547989862
cabinates,10599.0,6,0.16615103523432764
cabinates,3899.0,6,-0.24018795370546692
cabinates,4799.0,6,-0.1856051044448975
cabinates,5500.0,6,-0.14309112963194287
cabinates,36099.0,6,1.7126650976171278
cabinates,1950.0,6,-0.35839014615974446
cabinates,5699.0,6,-0.13102225518432808
cabinates,1855.0,6,-0.364151669137249
cabinates,9499.0,6,0.0994386639158539
cabinates,4999.0,6,-0.17347558238699318
cabinates,3449.0,6,-0.26747937833575164
cabinates,220.0,6,-0.4633105119606168
cabinates,2629.0,6,-0.3172104187731593
cabinates,3379.0,6,-0.27172471105601814
cabinates,1798.0,6,-0.36760858292375176
cabinates,2811.0,6,-0.3061725537004664
cabinates,1499.0,6,-0.3857422184003187
cabinates,3049.0,6,-0.2917384224515603
cabinates,3125.0,6,-0.2871292040695566
cabinates,2999.0,6,-0.29477080296603636
cabinates,6634.0,6,-0.07431673956362542
cabinates,2777.0,6,-0.3082345724503101
cabinates,4999.0,6,-0.17347558238699318
cabinates,1499.0,6,-0.3857422184003187
cabinates,3699.0,6,-0.2523174757633712
cabinates,9929.0,6,0.12551713634034817
cabinates,6949.0,6,-0.055212742322426116
cabinates,1199.0,6,-0.4039365014871752
cabinates,8576.0,6,0.04346091961862549
cabinates,1798.0,6,-0.36760858292375176
cabinates,2249.0,6,-0.3402565106831775
cabinates,1263.0,6,-0.4000550544286458
cabinates,1980.0,6,-0.3565707178510588
cabinates,1499.0,6,-0.3857422184003187
cabinates,4821.0,6,-0.18427085701852802
cabinates,1700.0,6,-0.3735520487321249
cabinates,2455.0,6,-0.32776310296353606
cabinates,8699.0,6,0.05092057568423664
cabinates,3839.0,6,-0.2438268103228382
cabinates,1849.0,6,-0.3645155547989862
cabinates,10599.0,6,0.16615103523432764
cabinates,3899.0,6,-0.24018795370546692
cabinates,4799.0,6,-0.1856051044448975
cabinates,5500.0,6,-0.14309112963194287
cabinates,36099.0,6,1.7126650976171278
cabinates,1950.0,6,-0.35839014615974446
cabinates,5699.0,6,-0.13102225518432808
cabinates,1855.0,6,-0.364151669137249
cabinates,9499.0,6,0.0994386639158539
cabinates,4999.0,6,-0.17347558238699318
cabinates,3449.0,6,-0.26747937833575164
cabinates,799.0,6,-0.4281955456029838
cabinates,2999.0,6,-0.29477080296603636
cabinates,4799.0,6,-0.1856051044448975
cabinates,19849.0,6,0.7271414304124022
cabinates,9889.0,6,0.12309123192876732
cabinates,220.0,6,-0.4633105119606168
cabinates,1000.0,6,-0.41600537593479
cabinates,13559.0,6,0.3456679616913115
cabinates,2000.0,6,-0.3553577656452684
cabinates,19319.0,6,0.6949981969589558
cabinates,7549.0,6,-0.01882417614871317
cabinates,7269.0,6,-0.03580550702977921
cabinates,3669.0,6,-0.25413690407205686
cabinates,1999.0,6,-0.3554184132555579
cabinates,1950.0,6,-0.35839014615974446
cabinates,11512.0,6,0.22152230342866083
cabinates,3600.0,6,-0.25832158918203385
cabinates,3109.0,6,-0.28809956583418894
cabinates,3199.0,6,-0.282641280908132
cabinates,1700.0,6,-0.3735520487321249
cabinates,4049.0,6,-0.2310908121620387
cabinates,1199.0,6,-0.4039365014871752
cabinates,5842.0,6,-0.1223496469129265
cabinates,2399.0,6,-0.3311593691397493
cabinates,13999.0,6,0.372352910218701
cabinates,2219.0,6,-0.34207593899186317
cabinates,1199.0,6,-0.4039365014871752
cabinates,1999.0,6,-0.3554184132555579
cabinates,9570.0,6,0.10374464424640993
cabinates,9210.0,6,0.08191150454218217
cabinates,6049.0,6,-0.10979559158299554
cabinates,1499.0,6,-0.3857422184003187
cabinates,3199.0,6,-0.282641280908132
cabinates,18339.0,6,0.6355635388752247
cabinates,2399.0,6,-0.3311593691397493
cabinates,15973.0,6,0.49207129293021656
cabinates,4799.0,6,-0.1856051044448975
cabinates,1199.0,6,-0.4039365014871752
cabinates,15973.0,6,0.49207129293021656
cabinates,3449.0,6,-0.26747937833575164
cabinates,220.0,6,-0.4633105119606168
cabinates,2629.0,6,-0.3172104187731593
cabinates,3379.0,6,-0.27172471105601814
cabinates,1798.0,6,-0.36760858292375176
cabinates,2811.0,6,-0.3061725537004664
cabinates,1499.0,6,-0.3857422184003187
cabinates,3049.0,6,-0.2917384224515603
cabinates,3125.0,6,-0.2871292040695566
cabinates,2999.0,6,-0.29477080296603636
cabinates,6634.0,6,-0.07431673956362542
cabinates,2777.0,6,-0.3082345724503101
cabinates,4999.0,6,-0.17347558238699318
cabinates,1499.0,6,-0.3857422184003187
cabinates,3699.0,6,-0.2523174757633712
cabinates,9929.0,6,0.12551713634034817
cabinates,6949.0,6,-0.055212742322426116
cabinates,1199.0,6,-0.4039365014871752
cabinates,8576.0,6,0.04346091961862549
cabinates,1798.0,6,-0.36760858292375176
cabinates,2249.0,6,-0.3402565106831775
cabinates,1263.0,6,-0.4000550544286458
cabinates,1980.0,6,-0.3565707178510588
cabinates,1499.0,6,-0.3857422184003187
cabinates,4821.0,6,-0.18427085701852802
cabinates,1700.0,6,-0.3735520487321249
cabinates,2455.0,6,-0.32776310296353606
cabinates,8699.0,6,0.05092057568423664
cabinates,3839.0,6,-0.2438268103228382
cabinates,1849.0,6,-0.3645155547989862
cabinates,10599.0,6,0.16615103523432764
cabinates,3899.0,6,-0.24018795370546692
cabinates,4799.0,6,-0.1856051044448975
cabinates,5500.0,6,-0.14309112963194287
cabinates,36099.0,6,1.7126650976171278
cabinates,1950.0,6,-0.35839014615974446
cabinates,5699.0,6,-0.13102225518432808
cabinates,1855.0,6,-0.364151669137249
cabinates,9499.0,6,0.0994386639158539
cabinates,4999.0,6,-0.17347558238699318
cabinates,3449.0,6,-0.26747937833575164
cabinates,799.0,6,-0.4281955456029838
cabinates,2999.0,6,-0.29477080296603636
cabinates,4799.0,6,-0.1856051044448975
cabinates,19849.0,6,0.7271414304124022
cabinates,9889.0,6,0.12309123192876732
cabinates,220.0,6,-0.4633105119606168
cabinates,1000.0,6,-0.41600537593479
cabinates,13559.0,6,0.3456679616913115
cabinates,2000.0,6,-0.3553577656452684
cabinates,19319.0,6,0.6949981969589558
cabinates,7549.0,6,-0.01882417614871317
cabinates,7269.0,6,-0.03580550702977921
cabinates,3669.0,6,-0.25413690407205686
cabinates,1999.0,6,-0.3554184132555579
cabinates,1950.0,6,-0.35839014615974446
cabinates,11512.0,6,0.22152230342866083
cabinates,3600.0,6,-0.25832158918203385
cabinates,3109.0,6,-0.28809956583418894
cabinates,3199.0,6,-0.282641280908132
cabinates,1700.0,6,-0.3735520487321249
cabinates,4049.0,6,-0.2310908121620387
cabinates,1199.0,6,-0.4039365014871752
cabinates,5842.0,6,-0.1223496469129265
cabinates,2399.0,6,-0.3311593691397493
cabinates,13999.0,6,0.372352910218701
cabinates,2219.0,6,-0.34207593899186317
cabinates,1199.0,6,-0.4039365014871752
cabinates,1999.0,6,-0.3554184132555579
cabinates,9570.0,6,0.10374464424640993
cabinates,9210.0,6,0.08191150454218217
cabinates,6049.0,6,-0.10979559158299554
cabinates,1499.0,6,-0.3857422184003187
cabinates,3199.0,6,-0.282641280908132
cabinates,18339.0,6,0.6355635388752247
cabinates,2399.0,6,-0.3311593691397493
cabinates,15973.0,6,0.49207129293021656
cabinates,4799.0,6,-0.1856051044448975
cabinates,1199.0,6,-0.4039365014871752
cabinates,15973.0,6,0.49207129293021656
cabinates,3449.0,6,-0.26747937833575164
cabinates,799.0,6,-0.4281955456029838
cabinates,1499.0,6,-0.3857422184003187
cabinates,4899.0,6,-0.17954034341594535
cabinates,4999.0,6,-0.17347558238699318
cabinates,5500.0,6,-0.14309112963194287
cabinates,220.0,6,-0.4633105119606168
cabinates,1000.0,6,-0.41600537593479
cabinates,1355.0,6,-0.3944754742820098
cabinates,5396.0,6,-0.14939848110205312
cabinates,2599.0,6,-0.31902984708184495
cabinates,5799.0,6,-0.12495749415537592
cabinates,3300.0,6,-0.27651587226889035
cabinates,2645.0,6,-0.316240057008527
cabinates,1499.0,6,-0.3857422184003187
cabinates,3245.0,6,-0.27985149083481403
cabinates,999.0,6,-0.4160660235450795
cabinates,2645.0,6,-0.316240057008527
cabinates,279.0,6,-0.459732302953535
cabinates,2449.0,6,-0.32812698862527323
cabinates,12088.0,6,0.2564553269554253
cabinates,2099.0,6,-0.34935365222660575
cabinates,3499.0,6,-0.26444699782127556
cabinates,3799.0,6,-0.24625271473441906
cabinates,469.0,6,-0.44820925699852593
cabinates,2645.0,6,-0.316240057008527
cabinates,2645.0,6,-0.316240057008527
cabinates,5267.0,6,-0.1572220228294014
cabinates,3350.0,6,-0.2734834917544143
cabinates,3245.0,6,-0.27985149083481403
cabinates,7999.0,6,0.00846724848157154
cabinates,3599.0,6,-0.2583822367923234
cabinates,3199.0,6,-0.282641280908132
cabinates,10865.0,6,0.18228329957134037
cabinates,2599.0,6,-0.31902984708184495
cabinates,2999.0,6,-0.29477080296603636
cabinates,1099.0,6,-0.41000126251612734
cabinates,4749.0,6,-0.18863748495937357
cabinates,2999.0,6,-0.29477080296603636
cabinates,3050.0,6,-0.2916777748412707
cabinates,3449.0,6,-0.26747937833575164
cabinates,220.0,6,-0.4633105119606168
cabinates,2629.0,6,-0.3172104187731593
cabinates,3379.0,6,-0.27172471105601814
cabinates,1798.0,6,-0.36760858292375176
cabinates,2811.0,6,-0.3061725537004664
cabinates,1499.0,6,-0.3857422184003187
cabinates,3049.0,6,-0.2917384224515603
cabinates,3125.0,6,-0.2871292040695566
cabinates,2999.0,6,-0.29477080296603636
cabinates,6634.0,6,-0.07431673956362542
cabinates,2777.0,6,-0.3082345724503101
cabinates,4999.0,6,-0.17347558238699318
cabinates,1499.0,6,-0.3857422184003187
cabinates,3699.0,6,-0.2523174757633712
cabinates,9929.0,6,0.12551713634034817
cabinates,6949.0,6,-0.055212742322426116
cabinates,1199.0,6,-0.4039365014871752
cabinates,8576.0,6,0.04346091961862549
cabinates,1798.0,6,-0.36760858292375176
cabinates,2249.0,6,-0.3402565106831775
cabinates,1263.0,6,-0.4000550544286458
cabinates,1980.0,6,-0.3565707178510588
cabinates,1499.0,6,-0.3857422184003187
cabinates,4821.0,6,-0.18427085701852802
cabinates,1700.0,6,-0.3735520487321249
cabinates,2455.0,6,-0.32776310296353606
cabinates,8699.0,6,0.05092057568423664
cabinates,3839.0,6,-0.2438268103228382
cabinates,1849.0,6,-0.3645155547989862
cabinates,10599.0,6,0.16615103523432764
cabinates,3899.0,6,-0.24018795370546692
cabinates,4799.0,6,-0.1856051044448975
cabinates,5500.0,6,-0.14309112963194287
cabinates,36099.0,6,1.7126650976171278
cabinates,1950.0,6,-0.35839014615974446
cabinates,5699.0,6,-0.13102225518432808
cabinates,1855.0,6,-0.364151669137249
cabinates,9499.0,6,0.0994386639158539
cabinates,4999.0,6,-0.17347558238699318
cabinates,3449.0,6,-0.26747937833575164
cabinates,799.0,6,-0.4281955456029838
cabinates,2999.0,6,-0.29477080296603636
cabinates,4799.0,6,-0.1856051044448975
cabinates,19849.0,6,0.7271414304124022
cabinates,9889.0,6,0.12309123192876732
cabinates,220.0,6,-0.4633105119606168
cabinates,1000.0,6,-0.41600537593479
cabinates,13559.0,6,0.3456679616913115
cabinates,2000.0,6,-0.3553577656452684
cabinates,19319.0,6,0.6949981969589558
cabinates,7549.0,6,-0.01882417614871317
cabinates,7269.0,6,-0.03580550702977921
cabinates,3669.0,6,-0.25413690407205686
cabinates,1999.0,6,-0.3554184132555579
cabinates,1950.0,6,-0.35839014615974446
cabinates,11512.0,6,0.22152230342866083
cabinates,3600.0,6,-0.25832158918203385
cabinates,3109.0,6,-0.28809956583418894
cabinates,3199.0,6,-0.282641280908132
cabinates,1700.0,6,-0.3735520487321249
cabinates,4049.0,6,-0.2310908121620387
cabinates,1199.0,6,-0.4039365014871752
cabinates,5842.0,6,-0.1223496469129265
cabinates,2399.0,6,-0.3311593691397493
cabinates,13999.0,6,0.372352910218701
cabinates,2219.0,6,-0.34207593899186317
cabinates,1199.0,6,-0.4039365014871752
cabinates,1999.0,6,-0.3554184132555579
cabinates,9570.0,6,0.10374464424640993
cabinates,9210.0,6,0.08191150454218217
cabinates,6049.0,6,-0.10979559158299554
cabinates,1499.0,6,-0.3857422184003187
cabinates,3199.0,6,-0.282641280908132
cabinates,18339.0,6,0.6355635388752247
cabinates,2399.0,6,-0.3311593691397493
cabinates,15973.0,6,0.49207129293021656
cabinates,4799.0,6,-0.1856051044448975
cabinates,1199.0,6,-0.4039365014871752
cabinates,15973.0,6,0.49207129293021656
cabinates,3449.0,6,-0.26747937833575164
cabinates,799.0,6,-0.4281955456029838
cabinates,1499.0,6,-0.3857422184003187
cabinates,4899.0,6,-0.17954034341594535
cabinates,4999.0,6,-0.17347558238699318
cabinates,5500.0,6,-0.14309112963194287
cabinates,220.0,6,-0.4633105119606168
cabinates,1000.0,6,-0.41600537593479
cabinates,1355.0,6,-0.3944754742820098
cabinates,5396.0,6,-0.14939848110205312
cabinates,2599.0,6,-0.31902984708184495
cabinates,5799.0,6,-0.12495749415537592
cabinates,3300.0,6,-0.27651587226889035
cabinates,2645.0,6,-0.316240057008527
cabinates,1499.0,6,-0.3857422184003187
cabinates,3245.0,6,-0.27985149083481403
cabinates,999.0,6,-0.4160660235450795
cabinates,2645.0,6,-0.316240057008527
cabinates,279.0,6,-0.459732302953535
cabinates,2449.0,6,-0.32812698862527323
cabinates,12088.0,6,0.2564553269554253
cabinates,2099.0,6,-0.34935365222660575
cabinates,3499.0,6,-0.26444699782127556
cabinates,3799.0,6,-0.24625271473441906
cabinates,469.0,6,-0.44820925699852593
cabinates,2645.0,6,-0.316240057008527
cabinates,2645.0,6,-0.316240057008527
cabinates,5267.0,6,-0.1572220228294014
cabinates,3350.0,6,-0.2734834917544143
cabinates,3245.0,6,-0.27985149083481403
cabinates,7999.0,6,0.00846724848157154
cabinates,3599.0,6,-0.2583822367923234
cabinates,3199.0,6,-0.282641280908132
cabinates,10865.0,6,0.18228329957134037
cabinates,2599.0,6,-0.31902984708184495
cabinates,2999.0,6,-0.29477080296603636
cabinates,1099.0,6,-0.41000126251612734
cabinates,4749.0,6,-0.18863748495937357
cabinates,2999.0,6,-0.29477080296603636
cabinates,3050.0,6,-0.2916777748412707
cabinates,3449.0,6,-0.26747937833575164
cabinates,799.0,6,-0.4281955456029838
cabinates,471.0,6,-0.4480879617779469
cabinates,3199.0,6,-0.282641280908132
cabinates,16599.0,6,0.530036696971457
cabinates,1199.0,6,-0.4039365014871752
cabinates,220.0,6,-0.4633105119606168
cabinates,1000.0,6,-0.41600537593479
cabinates,1499.0,6,-0.3857422184003187
cabinates,1449.0,6,-0.38877459891479477
cabinates,1999.0,6,-0.3554184132555579
cabinates,7771.0,6,-0.005360406664439379
cabinates,899.0,6,-0.42213078457403164
cabinates,6499.0,6,-0.08250416695271082
cabinates,7999.0,6,0.00846724848157154
cabinates,1499.0,6,-0.3857422184003187
cabinates,9399.0,6,0.09337390288690174
cabinates,2249.0,6,-0.3402565106831775
cabinates,1499.0,6,-0.3857422184003187
cabinates,7949.0,6,0.005434867967095461
cabinates,17124.0,6,0.5618766923734559
cabinates,1850.0,6,-0.3644549071886966
cabinates,7949.0,6,0.005434867967095461
cabinates,197.0,6,-0.4647054069972758
cabinates,1965.0,6,-0.35748043200540164
cabinates,1499.0,6,-0.3857422184003187
cabinates,7609.0,6,-0.015185319531341874
cabinates,2999.0,6,-0.29477080296603636
cabinates,349.0,6,-0.4554869702332685
cabinates,1950.0,6,-0.35839014615974446
cabinates,2849.0,6,-0.3038679445094646
cabinates,1499.0,6,-0.3857422184003187
cabinates,9349.0,6,0.09034152237242567
cabinates,11368.0,6,0.21278904754696973
cabinates,747.0,6,-0.43134922133803894
cabinates,1499.0,6,-0.3857422184003187
cabinates,1499.0,6,-0.3857422184003187
cabinates,1499.0,6,-0.3857422184003187
cabinates,1499.0,6,-0.3857422184003187
cabinates,1499.0,6,-0.3857422184003187
cabinates,3449.0,6,-0.26747937833575164
cabinates,220.0,6,-0.4633105119606168
cabinates,2629.0,6,-0.3172104187731593
cabinates,3379.0,6,-0.27172471105601814
cabinates,1798.0,6,-0.36760858292375176
cabinates,2811.0,6,-0.3061725537004664
cabinates,1499.0,6,-0.3857422184003187
cabinates,3049.0,6,-0.2917384224515603
cabinates,3125.0,6,-0.2871292040695566
cabinates,2999.0,6,-0.29477080296603636
cabinates,6634.0,6,-0.07431673956362542
cabinates,2777.0,6,-0.3082345724503101
cabinates,4999.0,6,-0.17347558238699318
cabinates,1499.0,6,-0.3857422184003187
cabinates,3699.0,6,-0.2523174757633712
cabinates,9929.0,6,0.12551713634034817
cabinates,6949.0,6,-0.055212742322426116
cabinates,1199.0,6,-0.4039365014871752
cabinates,8576.0,6,0.04346091961862549
cabinates,1798.0,6,-0.36760858292375176
cabinates,2249.0,6,-0.3402565106831775
cabinates,1263.0,6,-0.4000550544286458
cabinates,1980.0,6,-0.3565707178510588
cabinates,1499.0,6,-0.3857422184003187
cabinates,4821.0,6,-0.18427085701852802
cabinates,1700.0,6,-0.3735520487321249
cabinates,2455.0,6,-0.32776310296353606
cabinates,8699.0,6,0.05092057568423664
cabinates,3839.0,6,-0.2438268103228382
cabinates,1849.0,6,-0.3645155547989862
cabinates,10599.0,6,0.16615103523432764
cabinates,3899.0,6,-0.24018795370546692
cabinates,4799.0,6,-0.1856051044448975
cabinates,5500.0,6,-0.14309112963194287
cabinates,36099.0,6,1.7126650976171278
cabinates,1950.0,6,-0.35839014615974446
cabinates,5699.0,6,-0.13102225518432808
cabinates,1855.0,6,-0.364151669137249
cabinates,9499.0,6,0.0994386639158539
cabinates,4999.0,6,-0.17347558238699318
cabinates,3449.0,6,-0.26747937833575164
cabinates,799.0,6,-0.4281955456029838
cabinates,2999.0,6,-0.29477080296603636
cabinates,4799.0,6,-0.1856051044448975
cabinates,19849.0,6,0.7271414304124022
cabinates,9889.0,6,0.12309123192876732
cabinates,220.0,6,-0.4633105119606168
cabinates,1000.0,6,-0.41600537593479
cabinates,13559.0,6,0.3456679616913115
cabinates,2000.0,6,-0.3553577656452684
cabinates,19319.0,6,0.6949981969589558
cabinates,7549.0,6,-0.01882417614871317
cabinates,7269.0,6,-0.03580550702977921
cabinates,3669.0,6,-0.25413690407205686
cabinates,1999.0,6,-0.3554184132555579
cabinates,1950.0,6,-0.35839014615974446
cabinates,11512.0,6,0.22152230342866083
cabinates,3600.0,6,-0.25832158918203385
cabinates,3109.0,6,-0.28809956583418894
cabinates,3199.0,6,-0.282641280908132
cabinates,1700.0,6,-0.3735520487321249
cabinates,4049.0,6,-0.2310908121620387
cabinates,1199.0,6,-0.4039365014871752
cabinates,5842.0,6,-0.1223496469129265
cabinates,2399.0,6,-0.3311593691397493
cabinates,13999.0,6,0.372352910218701
cabinates,2219.0,6,-0.34207593899186317
cabinates,1199.0,6,-0.4039365014871752
cabinates,1999.0,6,-0.3554184132555579
cabinates,9570.0,6,0.10374464424640993
cabinates,9210.0,6,0.08191150454218217
cabinates,6049.0,6,-0.10979559158299554
cabinates,1499.0,6,-0.3857422184003187
cabinates,3199.0,6,-0.282641280908132
cabinates,18339.0,6,0.6355635388752247
cabinates,2399.0,6,-0.3311593691397493
cabinates,15973.0,6,0.49207129293021656
cabinates,4799.0,6,-0.1856051044448975
cabinates,1199.0,6,-0.4039365014871752
cabinates,15973.0,6,0.49207129293021656
cabinates,3449.0,6,-0.26747937833575164
cabinates,799.0,6,-0.4281955456029838
cabinates,1499.0,6,-0.3857422184003187
cabinates,4899.0,6,-0.17954034341594535
cabinates,4999.0,6,-0.17347558238699318
cabinates,5500.0,6,-0.14309112963194287
cabinates,220.0,6,-0.4633105119606168
cabinates,1000.0,6,-0.41600537593479
cabinates,1355.0,6,-0.3944754742820098
cabinates,5396.0,6,-0.14939848110205312
cabinates,2599.0,6,-0.31902984708184495
cabinates,5799.0,6,-0.12495749415537592
cabinates,3300.0,6,-0.27651587226889035
cabinates,2645.0,6,-0.316240057008527
cabinates,1499.0,6,-0.3857422184003187
cabinates,3245.0,6,-0.27985149083481403
cabinates,999.0,6,-0.4160660235450795
cabinates,2645.0,6,-0.316240057008527
cabinates,279.0,6,-0.459732302953535
cabinates,2449.0,6,-0.32812698862527323
cabinates,12088.0,6,0.2564553269554253
cabinates,2099.0,6,-0.34935365222660575
cabinates,3499.0,6,-0.26444699782127556
cabinates,3799.0,6,-0.24625271473441906
cabinates,469.0,6,-0.44820925699852593
cabinates,2645.0,6,-0.316240057008527
cabinates,2645.0,6,-0.316240057008527
cabinates,5267.0,6,-0.1572220228294014
cabinates,3350.0,6,-0.2734834917544143
cabinates,3245.0,6,-0.27985149083481403
cabinates,7999.0,6,0.00846724848157154
cabinates,3599.0,6,-0.2583822367923234
cabinates,3199.0,6,-0.282641280908132
cabinates,10865.0,6,0.18228329957134037
cabinates,2599.0,6,-0.31902984708184495
cabinates,2999.0,6,-0.29477080296603636
cabinates,1099.0,6,-0.41000126251612734
cabinates,4749.0,6,-0.18863748495937357
cabinates,2999.0,6,-0.29477080296603636
cabinates,3050.0,6,-0.2916777748412707
cabinates,3449.0,6,-0.26747937833575164
cabinates,799.0,6,-0.4281955456029838
cabinates,471.0,6,-0.4480879617779469
cabinates,3199.0,6,-0.282641280908132
cabinates,16599.0,6,0.530036696971457
cabinates,1199.0,6,-0.4039365014871752
cabinates,220.0,6,-0.4633105119606168
cabinates,1000.0,6,-0.41600537593479
cabinates,1499.0,6,-0.3857422184003187
cabinates,1449.0,6,-0.38877459891479477
cabinates,1999.0,6,-0.3554184132555579
cabinates,7771.0,6,-0.005360406664439379
cabinates,899.0,6,-0.42213078457403164
cabinates,6499.0,6,-0.08250416695271082
cabinates,7999.0,6,0.00846724848157154
cabinates,1499.0,6,-0.3857422184003187
cabinates,9399.0,6,0.09337390288690174
cabinates,2249.0,6,-0.3402565106831775
cabinates,1499.0,6,-0.3857422184003187
cabinates,7949.0,6,0.005434867967095461
cabinates,17124.0,6,0.5618766923734559
cabinates,1850.0,6,-0.3644549071886966
cabinates,7949.0,6,0.005434867967095461
cabinates,197.0,6,-0.4647054069972758
cabinates,1965.0,6,-0.35748043200540164
cabinates,1499.0,6,-0.3857422184003187
cabinates,7609.0,6,-0.015185319531341874
cabinates,2999.0,6,-0.29477080296603636
cabinates,349.0,6,-0.4554869702332685
cabinates,1950.0,6,-0.35839014615974446
cabinates,2849.0,6,-0.3038679445094646
cabinates,1499.0,6,-0.3857422184003187
cabinates,9349.0,6,0.09034152237242567
cabinates,11368.0,6,0.21278904754696973
cabinates,747.0,6,-0.43134922133803894
cabinates,1499.0,6,-0.3857422184003187
cabinates,1499.0,6,-0.3857422184003187
cabinates,1499.0,6,-0.3857422184003187
cabinates,1499.0,6,-0.3857422184003187
cabinates,1499.0,6,-0.3857422184003187
cabinates,3449.0,6,-0.26747937833575164
cabinates,220.0,6,-0.4633105119606168
cabinates,1499.0,6,-0.3857422184003187
cabinates,1499.0,6,-0.3857422184003187
cabinates,1499.0,6,-0.3857422184003187
cabinates,1499.0,6,-0.3857422184003187
cabinates,1693.0,6,-0.3739765820041515
cabinates,1499.0,6,-0.3857422184003187
cabinates,1499.0,6,-0.3857422184003187
cabinates,1499.0,6,-0.3857422184003187
cabinates,1499.0,6,-0.3857422184003187
cabinates,1499.0,6,-0.3857422184003187
cabinates,1499.0,6,-0.3857422184003187
cabinates,1499.0,6,-0.3857422184003187
cabinates,1499.0,6,-0.3857422184003187
cabinates,1499.0,6,-0.3857422184003187
cabinates,1499.0,6,-0.3857422184003187
cabinates,1499.0,6,-0.3857422184003187
cabinates,1499.0,6,-0.3857422184003187
cabinates,1499.0,6,-0.3857422184003187
cabinates,1499.0,6,-0.3857422184003187
cabinates,1499.0,6,-0.3857422184003187
cabinates,1499.0,6,-0.3857422184003187
cabinates,349.0,6,-0.4554869702332685
cabinates,1499.0,6,-0.3857422184003187
cabinates,1499.0,6,-0.3857422184003187
cabinates,1499.0,6,-0.3857422184003187
cabinates,1499.0,6,-0.3857422184003187
cabinates,1965.0,6,-0.35748043200540164
cabinates,1499.0,6,-0.3857422184003187
cabinates,1499.0,6,-0.3857422184003187
cabinates,1499.0,6,-0.3857422184003187
cabinates,1499.0,6,-0.3857422184003187
cabinates,1499.0,6,-0.3857422184003187
cabinates,1499.0,6,-0.3857422184003187
cabinates,1499.0,6,-0.3857422184003187
cabinates,1499.0,6,-0.3857422184003187
cabinates,1199.0,6,-0.4039365014871752
cabinates,1499.0,6,-0.3857422184003187
cabinates,1499.0,6,-0.3857422184003187
cabinates,3449.0,6,-0.26747937833575164
cabinates,220.0,6,-0.4633105119606168
cabinates,2629.0,6,-0.3172104187731593
cabinates,3379.0,6,-0.27172471105601814
cabinates,1798.0,6,-0.36760858292375176
cabinates,2811.0,6,-0.3061725537004664
cabinates,1499.0,6,-0.3857422184003187
cabinates,3049.0,6,-0.2917384224515603
cabinates,3125.0,6,-0.2871292040695566
cabinates,2999.0,6,-0.29477080296603636
cabinates,6634.0,6,-0.07431673956362542
cabinates,2777.0,6,-0.3082345724503101
cabinates,4999.0,6,-0.17347558238699318
cabinates,1499.0,6,-0.3857422184003187
cabinates,3699.0,6,-0.2523174757633712
cabinates,9929.0,6,0.12551713634034817
cabinates,6949.0,6,-0.055212742322426116
cabinates,1199.0,6,-0.4039365014871752
cabinates,8576.0,6,0.04346091961862549
cabinates,1798.0,6,-0.36760858292375176
cabinates,2249.0,6,-0.3402565106831775
cabinates,1263.0,6,-0.4000550544286458
cabinates,1980.0,6,-0.3565707178510588
cabinates,1499.0,6,-0.3857422184003187
cabinates,4821.0,6,-0.18427085701852802
cabinates,1700.0,6,-0.3735520487321249
cabinates,2455.0,6,-0.32776310296353606
cabinates,8699.0,6,0.05092057568423664
cabinates,3839.0,6,-0.2438268103228382
cabinates,1849.0,6,-0.3645155547989862
cabinates,10599.0,6,0.16615103523432764
cabinates,3899.0,6,-0.24018795370546692
cabinates,4799.0,6,-0.1856051044448975
cabinates,5500.0,6,-0.14309112963194287
cabinates,36099.0,6,1.7126650976171278
cabinates,1950.0,6,-0.35839014615974446
cabinates,5699.0,6,-0.13102225518432808
cabinates,1855.0,6,-0.364151669137249
cabinates,9499.0,6,0.0994386639158539
cabinates,4999.0,6,-0.17347558238699318
cabinates,3449.0,6,-0.26747937833575164
cabinates,799.0,6,-0.4281955456029838
cabinates,2999.0,6,-0.29477080296603636
cabinates,4799.0,6,-0.1856051044448975
cabinates,19849.0,6,0.7271414304124022
cabinates,9889.0,6,0.12309123192876732
cabinates,220.0,6,-0.4633105119606168
cabinates,1000.0,6,-0.41600537593479
cabinates,13559.0,6,0.3456679616913115
cabinates,2000.0,6,-0.3553577656452684
cabinates,19319.0,6,0.6949981969589558
cabinates,7549.0,6,-0.01882417614871317
cabinates,7269.0,6,-0.03580550702977921
cabinates,3669.0,6,-0.25413690407205686
cabinates,1999.0,6,-0.3554184132555579
cabinates,1950.0,6,-0.35839014615974446
cabinates,11512.0,6,0.22152230342866083
cabinates,3600.0,6,-0.25832158918203385
cabinates,3109.0,6,-0.28809956583418894
cabinates,3199.0,6,-0.282641280908132
cabinates,1700.0,6,-0.3735520487321249
cabinates,4049.0,6,-0.2310908121620387
cabinates,1199.0,6,-0.4039365014871752
cabinates,5842.0,6,-0.1223496469129265
cabinates,2399.0,6,-0.3311593691397493
cabinates,13999.0,6,0.372352910218701
cabinates,2219.0,6,-0.34207593899186317
cabinates,1199.0,6,-0.4039365014871752
cabinates,1999.0,6,-0.3554184132555579
cabinates,9570.0,6,0.10374464424640993
cabinates,9210.0,6,0.08191150454218217
cabinates,6049.0,6,-0.10979559158299554
cabinates,1499.0,6,-0.3857422184003187
cabinates,3199.0,6,-0.282641280908132
cabinates,18339.0,6,0.6355635388752247
cabinates,2399.0,6,-0.3311593691397493
cabinates,15973.0,6,0.49207129293021656
cabinates,4799.0,6,-0.1856051044448975
cabinates,1199.0,6,-0.4039365014871752
cabinates,15973.0,6,0.49207129293021656
cabinates,3449.0,6,-0.26747937833575164
cabinates,799.0,6,-0.4281955456029838
cabinates,1499.0,6,-0.3857422184003187
cabinates,4899.0,6,-0.17954034341594535
cabinates,4999.0,6,-0.17347558238699318
cabinates,5500.0,6,-0.14309112963194287
cabinates,220.0,6,-0.4633105119606168
cabinates,1000.0,6,-0.41600537593479
cabinates,1355.0,6,-0.3944754742820098
cabinates,5396.0,6,-0.14939848110205312
cabinates,2599.0,6,-0.31902984708184495
cabinates,5799.0,6,-0.12495749415537592
cabinates,3300.0,6,-0.27651587226889035
cabinates,2645.0,6,-0.316240057008527
cabinates,1499.0,6,-0.3857422184003187
cabinates,3245.0,6,-0.27985149083481403
cabinates,999.0,6,-0.4160660235450795
cabinates,2645.0,6,-0.316240057008527
cabinates,279.0,6,-0.459732302953535
cabinates,2449.0,6,-0.32812698862527323
cabinates,12088.0,6,0.2564553269554253
cabinates,2099.0,6,-0.34935365222660575
cabinates,3499.0,6,-0.26444699782127556
cabinates,3799.0,6,-0.24625271473441906
cabinates,469.0,6,-0.44820925699852593
cabinates,2645.0,6,-0.316240057008527
cabinates,2645.0,6,-0.316240057008527
cabinates,5267.0,6,-0.1572220228294014
cabinates,3350.0,6,-0.2734834917544143
cabinates,3245.0,6,-0.27985149083481403
cabinates,7999.0,6,0.00846724848157154
cabinates,3599.0,6,-0.2583822367923234
cabinates,3199.0,6,-0.282641280908132
cabinates,10865.0,6,0.18228329957134037
cabinates,2599.0,6,-0.31902984708184495
cabinates,2999.0,6,-0.29477080296603636
cabinates,1099.0,6,-0.41000126251612734
cabinates,4749.0,6,-0.18863748495937357
cabinates,2999.0,6,-0.29477080296603636
cabinates,3050.0,6,-0.2916777748412707
cabinates,3449.0,6,-0.26747937833575164
cabinates,799.0,6,-0.4281955456029838
cabinates,471.0,6,-0.4480879617779469
cabinates,3199.0,6,-0.282641280908132
cabinates,16599.0,6,0.530036696971457
cabinates,1199.0,6,-0.4039365014871752
cabinates,220.0,6,-0.4633105119606168
cabinates,1000.0,6,-0.41600537593479
cabinates,1499.0,6,-0.3857422184003187
cabinates,1449.0,6,-0.38877459891479477
cabinates,1999.0,6,-0.3554184132555579
cabinates,7771.0,6,-0.005360406664439379
cabinates,899.0,6,-0.42213078457403164
cabinates,6499.0,6,-0.08250416695271082
cabinates,7999.0,6,0.00846724848157154
cabinates,1499.0,6,-0.3857422184003187
cabinates,9399.0,6,0.09337390288690174
cabinates,2249.0,6,-0.3402565106831775
cabinates,1499.0,6,-0.3857422184003187
cabinates,7949.0,6,0.005434867967095461
cabinates,17124.0,6,0.5618766923734559
cabinates,1850.0,6,-0.3644549071886966
cabinates,7949.0,6,0.005434867967095461
cabinates,197.0,6,-0.4647054069972758
cabinates,1965.0,6,-0.35748043200540164
cabinates,1499.0,6,-0.3857422184003187
cabinates,7609.0,6,-0.015185319531341874
cabinates,2999.0,6,-0.29477080296603636
cabinates,349.0,6,-0.4554869702332685
cabinates,1950.0,6,-0.35839014615974446
cabinates,2849.0,6,-0.3038679445094646
cabinates,1499.0,6,-0.3857422184003187
cabinates,9349.0,6,0.09034152237242567
cabinates,11368.0,6,0.21278904754696973
cabinates,747.0,6,-0.43134922133803894
cabinates,1499.0,6,-0.3857422184003187
cabinates,1499.0,6,-0.3857422184003187
cabinates,1499.0,6,-0.3857422184003187
cabinates,1499.0,6,-0.3857422184003187
cabinates,1499.0,6,-0.3857422184003187
cabinates,3449.0,6,-0.26747937833575164
cabinates,220.0,6,-0.4633105119606168
cabinates,1499.0,6,-0.3857422184003187
cabinates,1499.0,6,-0.3857422184003187
cabinates,1499.0,6,-0.3857422184003187
cabinates,1499.0,6,-0.3857422184003187
cabinates,1693.0,6,-0.3739765820041515
cabinates,1499.0,6,-0.3857422184003187
cabinates,1499.0,6,-0.3857422184003187
cabinates,1499.0,6,-0.3857422184003187
cabinates,1499.0,6,-0.3857422184003187
cabinates,1499.0,6,-0.3857422184003187
cabinates,1499.0,6,-0.3857422184003187
cabinates,1499.0,6,-0.3857422184003187
cabinates,1499.0,6,-0.3857422184003187
cabinates,1499.0,6,-0.3857422184003187
cabinates,1499.0,6,-0.3857422184003187
cabinates,1499.0,6,-0.3857422184003187
cabinates,1499.0,6,-0.3857422184003187
cabinates,1499.0,6,-0.3857422184003187
cabinates,1499.0,6,-0.3857422184003187
cabinates,1499.0,6,-0.3857422184003187
cabinates,1499.0,6,-0.3857422184003187
cabinates,349.0,6,-0.4554869702332685
cabinates,1499.0,6,-0.3857422184003187
cabinates,1499.0,6,-0.3857422184003187
cabinates,1499.0,6,-0.3857422184003187
cabinates,1499.0,6,-0.3857422184003187
cabinates,1965.0,6,-0.35748043200540164
cabinates,1499.0,6,-0.3857422184003187
cabinates,1499.0,6,-0.3857422184003187
cabinates,1499.0,6,-0.3857422184003187
cabinates,1499.0,6,-0.3857422184003187
cabinates,1499.0,6,-0.3857422184003187
cabinates,1499.0,6,-0.3857422184003187
cabinates,1499.0,6,-0.3857422184003187
cabinates,1499.0,6,-0.3857422184003187
cabinates,1199.0,6,-0.4039365014871752
cabinates,1499.0,6,-0.3857422184003187
cabinates,1499.0,6,-0.3857422184003187
cabinates,3449.0,6,-0.26747937833575164
cabinates,799.0,6,-0.4281955456029838
cabinates,1499.0,6,-0.3857422184003187
cabinates,1499.0,6,-0.3857422184003187
cabinates,1499.0,6,-0.3857422184003187
cabinates,1499.0,6,-0.3857422184003187
cabinates,220.0,6,-0.4633105119606168
cabinates,1000.0,6,-0.41600537593479
cabinates,1499.0,6,-0.3857422184003187
cabinates,1499.0,6,-0.3857422184003187
cabinates,1499.0,6,-0.3857422184003187
cabinates,1499.0,6,-0.3857422184003187
cabinates,1499.0,6,-0.3857422184003187
cabinates,1499.0,6,-0.3857422184003187
cabinates,1499.0,6,-0.3857422184003187
cabinates,1499.0,6,-0.3857422184003187
cabinates,1499.0,6,-0.3857422184003187
cabinates,1499.0,6,-0.3857422184003187
cabinates,1499.0,6,-0.3857422184003187
cabinates,1499.0,6,-0.3857422184003187
cabinates,1499.0,6,-0.3857422184003187
cabinates,1499.0,6,-0.3857422184003187
cabinates,1499.0,6,-0.3857422184003187
cabinates,1499.0,6,-0.3857422184003187
cabinates,1499.0,6,-0.3857422184003187
cabinates,1499.0,6,-0.3857422184003187
cabinates,1499.0,6,-0.3857422184003187
cabinates,1499.0,6,-0.3857422184003187
cabinates,1499.0,6,-0.3857422184003187
cabinates,1499.0,6,-0.3857422184003187
cabinates,1499.0,6,-0.3857422184003187
cabinates,1499.0,6,-0.3857422184003187
cabinates,1499.0,6,-0.3857422184003187
cabinates,1499.0,6,-0.3857422184003187
cabinates,1499.0,6,-0.3857422184003187
cabinates,1499.0,6,-0.3857422184003187
cabinates,1499.0,6,-0.3857422184003187
cabinates,1499.0,6,-0.3857422184003187
cabinates,1499.0,6,-0.3857422184003187
cabinates,1499.0,6,-0.3857422184003187
cabinates,3449.0,6,-0.26747937833575164
cabinates,220.0,6,-0.4633105119606168
cabinates,2629.0,6,-0.3172104187731593
cabinates,3379.0,6,-0.27172471105601814
cabinates,1798.0,6,-0.36760858292375176
cabinates,2811.0,6,-0.3061725537004664
cabinates,1499.0,6,-0.3857422184003187
cabinates,3049.0,6,-0.2917384224515603
cabinates,3125.0,6,-0.2871292040695566
cabinates,2999.0,6,-0.29477080296603636
cabinates,6634.0,6,-0.07431673956362542
cabinates,2777.0,6,-0.3082345724503101
cabinates,4999.0,6,-0.17347558238699318
cabinates,1499.0,6,-0.3857422184003187
cabinates,3699.0,6,-0.2523174757633712
cabinates,9929.0,6,0.12551713634034817
cabinates,6949.0,6,-0.055212742322426116
cabinates,1199.0,6,-0.4039365014871752
cabinates,8576.0,6,0.04346091961862549
cabinates,1798.0,6,-0.36760858292375176
cabinates,2249.0,6,-0.3402565106831775
cabinates,1263.0,6,-0.4000550544286458
cabinates,1980.0,6,-0.3565707178510588
cabinates,1499.0,6,-0.3857422184003187
cabinates,4821.0,6,-0.18427085701852802
cabinates,1700.0,6,-0.3735520487321249
cabinates,2455.0,6,-0.32776310296353606
cabinates,8699.0,6,0.05092057568423664
cabinates,3839.0,6,-0.2438268103228382
cabinates,1849.0,6,-0.3645155547989862
cabinates,10599.0,6,0.16615103523432764
cabinates,3899.0,6,-0.24018795370546692
cabinates,4799.0,6,-0.1856051044448975
cabinates,5500.0,6,-0.14309112963194287
cabinates,36099.0,6,1.7126650976171278
cabinates,1950.0,6,-0.35839014615974446
cabinates,5699.0,6,-0.13102225518432808
cabinates,1855.0,6,-0.364151669137249
cabinates,9499.0,6,0.0994386639158539
cabinates,4999.0,6,-0.17347558238699318
cabinates,3449.0,6,-0.26747937833575164
cabinates,799.0,6,-0.4281955456029838
cabinates,2999.0,6,-0.29477080296603636
cabinates,4799.0,6,-0.1856051044448975
cabinates,19849.0,6,0.7271414304124022
cabinates,9889.0,6,0.12309123192876732
cabinates,220.0,6,-0.4633105119606168
cabinates,1000.0,6,-0.41600537593479
cabinates,13559.0,6,0.3456679616913115
cabinates,2000.0,6,-0.3553577656452684
cabinates,19319.0,6,0.6949981969589558
cabinates,7549.0,6,-0.01882417614871317
cabinates,7269.0,6,-0.03580550702977921
cabinates,3669.0,6,-0.25413690407205686
cabinates,1999.0,6,-0.3554184132555579
cabinates,1950.0,6,-0.35839014615974446
cabinates,11512.0,6,0.22152230342866083
cabinates,3600.0,6,-0.25832158918203385
cabinates,3109.0,6,-0.28809956583418894
cabinates,3199.0,6,-0.282641280908132
cabinates,1700.0,6,-0.3735520487321249
cabinates,4049.0,6,-0.2310908121620387
cabinates,1199.0,6,-0.4039365014871752
cabinates,5842.0,6,-0.1223496469129265
cabinates,2399.0,6,-0.3311593691397493
cabinates,13999.0,6,0.372352910218701
cabinates,2219.0,6,-0.34207593899186317
cabinates,1199.0,6,-0.4039365014871752
cabinates,1999.0,6,-0.3554184132555579
cabinates,9570.0,6,0.10374464424640993
cabinates,9210.0,6,0.08191150454218217
cabinates,6049.0,6,-0.10979559158299554
cabinates,1499.0,6,-0.3857422184003187
cabinates,3199.0,6,-0.282641280908132
cabinates,18339.0,6,0.6355635388752247
cabinates,2399.0,6,-0.3311593691397493
cabinates,15973.0,6,0.49207129293021656
cabinates,4799.0,6,-0.1856051044448975
cabinates,1199.0,6,-0.4039365014871752
cabinates,15973.0,6,0.49207129293021656
cabinates,3449.0,6,-0.26747937833575164
cabinates,799.0,6,-0.4281955456029838
cabinates,1499.0,6,-0.3857422184003187
cabinates,4899.0,6,-0.17954034341594535
cabinates,4999.0,6,-0.17347558238699318
cabinates,5500.0,6,-0.14309112963194287
cabinates,220.0,6,-0.4633105119606168
cabinates,1000.0,6,-0.41600537593479
cabinates,1355.0,6,-0.3944754742820098
cabinates,5396.0,6,-0.14939848110205312
cabinates,2599.0,6,-0.31902984708184495
cabinates,5799.0,6,-0.12495749415537592
cabinates,3300.0,6,-0.27651587226889035
cabinates,2645.0,6,-0.316240057008527
cabinates,1499.0,6,-0.3857422184003187
cabinates,3245.0,6,-0.27985149083481403
cabinates,999.0,6,-0.4160660235450795
cabinates,2645.0,6,-0.316240057008527
cabinates,279.0,6,-0.459732302953535
cabinates,2449.0,6,-0.32812698862527323
cabinates,12088.0,6,0.2564553269554253
cabinates,2099.0,6,-0.34935365222660575
cabinates,3499.0,6,-0.26444699782127556
cabinates,3799.0,6,-0.24625271473441906
cabinates,469.0,6,-0.44820925699852593
cabinates,2645.0,6,-0.316240057008527
cabinates,2645.0,6,-0.316240057008527
cabinates,5267.0,6,-0.1572220228294014
cabinates,3350.0,6,-0.2734834917544143
cabinates,3245.0,6,-0.27985149083481403
cabinates,7999.0,6,0.00846724848157154
cabinates,3599.0,6,-0.2583822367923234
cabinates,3199.0,6,-0.282641280908132
cabinates,10865.0,6,0.18228329957134037
cabinates,2599.0,6,-0.31902984708184495
cabinates,2999.0,6,-0.29477080296603636
cabinates,1099.0,6,-0.41000126251612734
cabinates,4749.0,6,-0.18863748495937357
cabinates,2999.0,6,-0.29477080296603636
cabinates,3050.0,6,-0.2916777748412707
cabinates,3449.0,6,-0.26747937833575164
cabinates,799.0,6,-0.4281955456029838
cabinates,471.0,6,-0.4480879617779469
cabinates,3199.0,6,-0.282641280908132
cabinates,16599.0,6,0.530036696971457
cabinates,1199.0,6,-0.4039365014871752
cabinates,220.0,6,-0.4633105119606168
cabinates,1000.0,6,-0.41600537593479
cabinates,1499.0,6,-0.3857422184003187
cabinates,1449.0,6,-0.38877459891479477
cabinates,1999.0,6,-0.3554184132555579
cabinates,7771.0,6,-0.005360406664439379
cabinates,899.0,6,-0.42213078457403164
cabinates,6499.0,6,-0.08250416695271082
cabinates,7999.0,6,0.00846724848157154
cabinates,1499.0,6,-0.3857422184003187
cabinates,9399.0,6,0.09337390288690174
cabinates,2249.0,6,-0.3402565106831775
cabinates,1499.0,6,-0.3857422184003187
cabinates,7949.0,6,0.005434867967095461
cabinates,17124.0,6,0.5618766923734559
cabinates,1850.0,6,-0.3644549071886966
cabinates,7949.0,6,0.005434867967095461
cabinates,197.0,6,-0.4647054069972758
cabinates,1965.0,6,-0.35748043200540164
cabinates,1499.0,6,-0.3857422184003187
cabinates,7609.0,6,-0.015185319531341874
cabinates,2999.0,6,-0.29477080296603636
cabinates,349.0,6,-0.4554869702332685
cabinates,1950.0,6,-0.35839014615974446
cabinates,2849.0,6,-0.3038679445094646
cabinates,1499.0,6,-0.3857422184003187
cabinates,9349.0,6,0.09034152237242567
cabinates,11368.0,6,0.21278904754696973
cabinates,747.0,6,-0.43134922133803894
cabinates,1499.0,6,-0.3857422184003187
cabinates,1499.0,6,-0.3857422184003187
cabinates,1499.0,6,-0.3857422184003187
cabinates,1499.0,6,-0.3857422184003187
cabinates,1499.0,6,-0.3857422184003187
cabinates,3449.0,6,-0.26747937833575164
cabinates,220.0,6,-0.4633105119606168
cabinates,1499.0,6,-0.3857422184003187
cabinates,1499.0,6,-0.3857422184003187
cabinates,1499.0,6,-0.3857422184003187
cabinates,1499.0,6,-0.3857422184003187
cabinates,1693.0,6,-0.3739765820041515
cabinates,1499.0,6,-0.3857422184003187
cabinates,1499.0,6,-0.3857422184003187
cabinates,1499.0,6,-0.3857422184003187
cabinates,1499.0,6,-0.3857422184003187
cabinates,1499.0,6,-0.3857422184003187
cabinates,1499.0,6,-0.3857422184003187
cabinates,1499.0,6,-0.3857422184003187
cabinates,1499.0,6,-0.3857422184003187
cabinates,1499.0,6,-0.3857422184003187
cabinates,1499.0,6,-0.3857422184003187
cabinates,1499.0,6,-0.3857422184003187
cabinates,1499.0,6,-0.3857422184003187
cabinates,1499.0,6,-0.3857422184003187
cabinates,1499.0,6,-0.3857422184003187
cabinates,1499.0,6,-0.3857422184003187
cabinates,1499.0,6,-0.3857422184003187
cabinates,349.0,6,-0.4554869702332685
cabinates,1499.0,6,-0.3857422184003187
cabinates,1499.0,6,-0.3857422184003187
cabinates,1499.0,6,-0.3857422184003187
cabinates,1499.0,6,-0.3857422184003187
cabinates,1965.0,6,-0.35748043200540164
cabinates,1499.0,6,-0.3857422184003187
cabinates,1499.0,6,-0.3857422184003187
cabinates,1499.0,6,-0.3857422184003187
cabinates,1499.0,6,-0.3857422184003187
cabinates,1499.0,6,-0.3857422184003187
cabinates,1499.0,6,-0.3857422184003187
cabinates,1499.0,6,-0.3857422184003187
cabinates,1499.0,6,-0.3857422184003187
cabinates,1199.0,6,-0.4039365014871752
cabinates,1499.0,6,-0.3857422184003187
cabinates,1499.0,6,-0.3857422184003187
cabinates,3449.0,6,-0.26747937833575164
cabinates,799.0,6,-0.4281955456029838
cabinates,1499.0,6,-0.3857422184003187
cabinates,1499.0,6,-0.3857422184003187
cabinates,1499.0,6,-0.3857422184003187
cabinates,1499.0,6,-0.3857422184003187
cabinates,220.0,6,-0.4633105119606168
cabinates,1000.0,6,-0.41600537593479
cabinates,1499.0,6,-0.3857422184003187
cabinates,1499.0,6,-0.3857422184003187
cabinates,1499.0,6,-0.3857422184003187
cabinates,1499.0,6,-0.3857422184003187
cabinates,1499.0,6,-0.3857422184003187
cabinates,1499.0,6,-0.3857422184003187
cabinates,1499.0,6,-0.3857422184003187
cabinates,1499.0,6,-0.3857422184003187
cabinates,1499.0,6,-0.3857422184003187
cabinates,1499.0,6,-0.3857422184003187
cabinates,1499.0,6,-0.3857422184003187
cabinates,1499.0,6,-0.3857422184003187
cabinates,1499.0,6,-0.3857422184003187
cabinates,1499.0,6,-0.3857422184003187
cabinates,1499.0,6,-0.3857422184003187
cabinates,1499.0,6,-0.3857422184003187
cabinates,1499.0,6,-0.3857422184003187
cabinates,1499.0,6,-0.3857422184003187
cabinates,1499.0,6,-0.3857422184003187
cabinates,1499.0,6,-0.3857422184003187
cabinates,1499.0,6,-0.3857422184003187
cabinates,1499.0,6,-0.3857422184003187
cabinates,1499.0,6,-0.3857422184003187
cabinates,1499.0,6,-0.3857422184003187
cabinates,1499.0,6,-0.3857422184003187
cabinates,1499.0,6,-0.3857422184003187
cabinates,1499.0,6,-0.3857422184003187
cabinates,1499.0,6,-0.3857422184003187
cabinates,1499.0,6,-0.3857422184003187
cabinates,1499.0,6,-0.3857422184003187
cabinates,1499.0,6,-0.3857422184003187
cabinates,1499.0,6,-0.3857422184003187
cabinates,3449.0,6,-0.26747937833575164
cabinates,799.0,6,-0.4281955456029838
cabinates,1499.0,6,-0.3857422184003187
cabinates,1499.0,6,-0.3857422184003187
cabinates,1499.0,6,-0.3857422184003187
cabinates,1499.0,6,-0.3857422184003187
cabinates,220.0,6,-0.4633105119606168
cabinates,1000.0,6,-0.41600537593479
cabinates,1499.0,6,-0.3857422184003187
cabinates,1499.0,6,-0.3857422184003187
cabinates,1499.0,6,-0.3857422184003187
cabinates,1499.0,6,-0.3857422184003187
cabinates,1499.0,6,-0.3857422184003187
cabinates,1499.0,6,-0.3857422184003187
cabinates,1499.0,6,-0.3857422184003187
cabinates,1499.0,6,-0.3857422184003187
cabinates,1499.0,6,-0.3857422184003187
cabinates,1499.0,6,-0.3857422184003187
cabinates,1499.0,6,-0.3857422184003187
cabinates,1499.0,6,-0.3857422184003187
cabinates,1499.0,6,-0.3857422184003187
cabinates,1499.0,6,-0.3857422184003187
cabinates,9889.0,6,0.12309123192876732
cabinates,1499.0,6,-0.3857422184003187
cabinates,1499.0,6,-0.3857422184003187
cabinates,1499.0,6,-0.3857422184003187
cabinates,1499.0,6,-0.3857422184003187
cabinates,1499.0,6,-0.3857422184003187
cabinates,1499.0,6,-0.3857422184003187
cabinates,1499.0,6,-0.3857422184003187
cabinates,1499.0,6,-0.3857422184003187
cabinates,1499.0,6,-0.3857422184003187
cabinates,1499.0,6,-0.3857422184003187
cabinates,1499.0,6,-0.3857422184003187
cabinates,1499.0,6,-0.3857422184003187
cabinates,1499.0,6,-0.3857422184003187
cabinates,1499.0,6,-0.3857422184003187
cabinates,1499.0,6,-0.3857422184003187
cabinates,1499.0,6,-0.3857422184003187
cabinates,1499.0,6,-0.3857422184003187
cabinates,3449.0,6,-0.26747937833575164
cabinates,220.0,6,-0.4633105119606168
cabinates,2629.0,6,-0.3172104187731593
cabinates,3379.0,6,-0.27172471105601814
cabinates,1798.0,6,-0.36760858292375176
cabinates,2811.0,6,-0.3061725537004664
cabinates,1499.0,6,-0.3857422184003187
cabinates,3049.0,6,-0.2917384224515603
cabinates,3125.0,6,-0.2871292040695566
cabinates,2999.0,6,-0.29477080296603636
cabinates,6634.0,6,-0.07431673956362542
cabinates,2777.0,6,-0.3082345724503101
cabinates,4999.0,6,-0.17347558238699318
cabinates,1499.0,6,-0.3857422184003187
cabinates,3699.0,6,-0.2523174757633712
cabinates,9929.0,6,0.12551713634034817
cabinates,6949.0,6,-0.055212742322426116
cabinates,1199.0,6,-0.4039365014871752
cabinates,8576.0,6,0.04346091961862549
cabinates,1798.0,6,-0.36760858292375176
cabinates,2249.0,6,-0.3402565106831775
cabinates,1263.0,6,-0.4000550544286458
cabinates,1980.0,6,-0.3565707178510588
cabinates,1499.0,6,-0.3857422184003187
cabinates,4821.0,6,-0.18427085701852802
cabinates,1700.0,6,-0.3735520487321249
cabinates,2455.0,6,-0.32776310296353606
cabinates,8699.0,6,0.05092057568423664
cabinates,3839.0,6,-0.2438268103228382
cabinates,1849.0,6,-0.3645155547989862
cabinates,10599.0,6,0.16615103523432764
cabinates,3899.0,6,-0.24018795370546692
cabinates,4799.0,6,-0.1856051044448975
cabinates,5500.0,6,-0.14309112963194287
cabinates,36099.0,6,1.7126650976171278
cabinates,1950.0,6,-0.35839014615974446
cabinates,5699.0,6,-0.13102225518432808
cabinates,1855.0,6,-0.364151669137249
cabinates,9499.0,6,0.0994386639158539
cabinates,4999.0,6,-0.17347558238699318
cabinates,3449.0,6,-0.26747937833575164
cabinates,799.0,6,-0.4281955456029838
cabinates,2999.0,6,-0.29477080296603636
cabinates,4799.0,6,-0.1856051044448975
cabinates,19849.0,6,0.7271414304124022
cabinates,9889.0,6,0.12309123192876732
cabinates,220.0,6,-0.4633105119606168
cabinates,1000.0,6,-0.41600537593479
cabinates,13559.0,6,0.3456679616913115
cabinates,2000.0,6,-0.3553577656452684
cabinates,19319.0,6,0.6949981969589558
cabinates,7549.0,6,-0.01882417614871317
cabinates,7269.0,6,-0.03580550702977921
cabinates,3669.0,6,-0.25413690407205686
cabinates,1999.0,6,-0.3554184132555579
cabinates,1950.0,6,-0.35839014615974446
cabinates,11512.0,6,0.22152230342866083
cabinates,3600.0,6,-0.25832158918203385
cabinates,3109.0,6,-0.28809956583418894
cabinates,3199.0,6,-0.282641280908132
cabinates,1700.0,6,-0.3735520487321249
cabinates,4049.0,6,-0.2310908121620387
cabinates,1199.0,6,-0.4039365014871752
cabinates,5842.0,6,-0.1223496469129265
cabinates,2399.0,6,-0.3311593691397493
cabinates,13999.0,6,0.372352910218701
cabinates,2219.0,6,-0.34207593899186317
cabinates,1199.0,6,-0.4039365014871752
cabinates,1999.0,6,-0.3554184132555579
cabinates,9570.0,6,0.10374464424640993
cabinates,9210.0,6,0.08191150454218217
cabinates,6049.0,6,-0.10979559158299554
cabinates,1499.0,6,-0.3857422184003187
cabinates,3199.0,6,-0.282641280908132
cabinates,18339.0,6,0.6355635388752247
cabinates,2399.0,6,-0.3311593691397493
cabinates,15973.0,6,0.49207129293021656
cabinates,4799.0,6,-0.1856051044448975
cabinates,1199.0,6,-0.4039365014871752
cabinates,15973.0,6,0.49207129293021656
cabinates,3449.0,6,-0.26747937833575164
cabinates,799.0,6,-0.4281955456029838
cabinates,1499.0,6,-0.3857422184003187
cabinates,4899.0,6,-0.17954034341594535
cabinates,4999.0,6,-0.17347558238699318
cabinates,5500.0,6,-0.14309112963194287
cabinates,220.0,6,-0.4633105119606168
cabinates,1000.0,6,-0.41600537593479
cabinates,1355.0,6,-0.3944754742820098
cabinates,5396.0,6,-0.14939848110205312
cabinates,2599.0,6,-0.31902984708184495
cabinates,5799.0,6,-0.12495749415537592
cabinates,3300.0,6,-0.27651587226889035
cabinates,2645.0,6,-0.316240057008527
cabinates,1499.0,6,-0.3857422184003187
cabinates,3245.0,6,-0.27985149083481403
cabinates,999.0,6,-0.4160660235450795
cabinates,2645.0,6,-0.316240057008527
cabinates,279.0,6,-0.459732302953535
cabinates,2449.0,6,-0.32812698862527323
cabinates,12088.0,6,0.2564553269554253
cabinates,2099.0,6,-0.34935365222660575
cabinates,3499.0,6,-0.26444699782127556
cabinates,3799.0,6,-0.24625271473441906
cabinates,469.0,6,-0.44820925699852593
cabinates,2645.0,6,-0.316240057008527
cabinates,2645.0,6,-0.316240057008527
cabinates,5267.0,6,-0.1572220228294014
cabinates,3350.0,6,-0.2734834917544143
cabinates,3245.0,6,-0.27985149083481403
cabinates,7999.0,6,0.00846724848157154
cabinates,3599.0,6,-0.2583822367923234
cabinates,3199.0,6,-0.282641280908132
cabinates,10865.0,6,0.18228329957134037
cabinates,2599.0,6,-0.31902984708184495
cabinates,2999.0,6,-0.29477080296603636
cabinates,1099.0,6,-0.41000126251612734
cabinates,4749.0,6,-0.18863748495937357
cabinates,2999.0,6,-0.29477080296603636
cabinates,3050.0,6,-0.2916777748412707
cabinates,3449.0,6,-0.26747937833575164
cabinates,799.0,6,-0.4281955456029838
cabinates,471.0,6,-0.4480879617779469
cabinates,3199.0,6,-0.282641280908132
cabinates,16599.0,6,0.530036696971457
cabinates,1199.0,6,-0.4039365014871752
cabinates,220.0,6,-0.4633105119606168
cabinates,1000.0,6,-0.41600537593479
cabinates,1499.0,6,-0.3857422184003187
cabinates,1449.0,6,-0.38877459891479477
cabinates,1999.0,6,-0.3554184132555579
cabinates,7771.0,6,-0.005360406664439379
cabinates,899.0,6,-0.42213078457403164
cabinates,6499.0,6,-0.08250416695271082
cabinates,7999.0,6,0.00846724848157154
cabinates,1499.0,6,-0.3857422184003187
cabinates,9399.0,6,0.09337390288690174
cabinates,2249.0,6,-0.3402565106831775
cabinates,1499.0,6,-0.3857422184003187
cabinates,7949.0,6,0.005434867967095461
cabinates,17124.0,6,0.5618766923734559
cabinates,1850.0,6,-0.3644549071886966
cabinates,7949.0,6,0.005434867967095461
cabinates,197.0,6,-0.4647054069972758
cabinates,1965.0,6,-0.35748043200540164
cabinates,1499.0,6,-0.3857422184003187
cabinates,7609.0,6,-0.015185319531341874
cabinates,2999.0,6,-0.29477080296603636
cabinates,349.0,6,-0.4554869702332685
cabinates,1950.0,6,-0.35839014615974446
cabinates,2849.0,6,-0.3038679445094646
cabinates,1499.0,6,-0.3857422184003187
cabinates,9349.0,6,0.09034152237242567
cabinates,11368.0,6,0.21278904754696973
cabinates,747.0,6,-0.43134922133803894
cabinates,1499.0,6,-0.3857422184003187
cabinates,1499.0,6,-0.3857422184003187
cabinates,1499.0,6,-0.3857422184003187
cabinates,1499.0,6,-0.3857422184003187
cabinates,1499.0,6,-0.3857422184003187
cabinates,3449.0,6,-0.26747937833575164
cabinates,220.0,6,-0.4633105119606168
cabinates,1499.0,6,-0.3857422184003187
cabinates,1499.0,6,-0.3857422184003187
cabinates,1499.0,6,-0.3857422184003187
cabinates,1499.0,6,-0.3857422184003187
cabinates,1693.0,6,-0.3739765820041515
cabinates,1499.0,6,-0.3857422184003187
cabinates,1499.0,6,-0.3857422184003187
cabinates,1499.0,6,-0.3857422184003187
cabinates,1499.0,6,-0.3857422184003187
cabinates,1499.0,6,-0.3857422184003187
cabinates,1499.0,6,-0.3857422184003187
cabinates,1499.0,6,-0.3857422184003187
cabinates,1499.0,6,-0.3857422184003187
cabinates,1499.0,6,-0.3857422184003187
cabinates,1499.0,6,-0.3857422184003187
cabinates,1499.0,6,-0.3857422184003187
cabinates,1499.0,6,-0.3857422184003187
cabinates,1499.0,6,-0.3857422184003187
cabinates,1499.0,6,-0.3857422184003187
cabinates,1499.0,6,-0.3857422184003187
cabinates,1499.0,6,-0.3857422184003187
cabinates,349.0,6,-0.4554869702332685
cabinates,1499.0,6,-0.3857422184003187
cabinates,1499.0,6,-0.3857422184003187
cabinates,1499.0,6,-0.3857422184003187
cabinates,1499.0,6,-0.3857422184003187
cabinates,1965.0,6,-0.35748043200540164
cabinates,1499.0,6,-0.3857422184003187
cabinates,1499.0,6,-0.3857422184003187
cabinates,1499.0,6,-0.3857422184003187
cabinates,1499.0,6,-0.3857422184003187
cabinates,1499.0,6,-0.3857422184003187
cabinates,1499.0,6,-0.3857422184003187
cabinates,1499.0,6,-0.3857422184003187
cabinates,1499.0,6,-0.3857422184003187
cabinates,1199.0,6,-0.4039365014871752
cabinates,1499.0,6,-0.3857422184003187
cabinates,1499.0,6,-0.3857422184003187
cabinates,3449.0,6,-0.26747937833575164
cabinates,799.0,6,-0.4281955456029838
cabinates,1499.0,6,-0.3857422184003187
cabinates,1499.0,6,-0.3857422184003187
cabinates,1499.0,6,-0.3857422184003187
cabinates,1499.0,6,-0.3857422184003187
cabinates,220.0,6,-0.4633105119606168
cabinates,1000.0,6,-0.41600537593479
cabinates,1499.0,6,-0.3857422184003187
cabinates,1499.0,6,-0.3857422184003187
cabinates,1499.0,6,-0.3857422184003187
cabinates,1499.0,6,-0.3857422184003187
cabinates,1499.0,6,-0.3857422184003187
cabinates,1499.0,6,-0.3857422184003187
cabinates,1499.0,6,-0.3857422184003187
cabinates,1499.0,6,-0.3857422184003187
cabinates,1499.0,6,-0.3857422184003187
cabinates,1499.0,6,-0.3857422184003187
cabinates,1499.0,6,-0.3857422184003187
cabinates,1499.0,6,-0.3857422184003187
cabinates,1499.0,6,-0.3857422184003187
cabinates,1499.0,6,-0.3857422184003187
cabinates,1499.0,6,-0.3857422184003187
cabinates,1499.0,6,-0.3857422184003187
cabinates,1499.0,6,-0.3857422184003187
cabinates,1499.0,6,-0.3857422184003187
cabinates,1499.0,6,-0.3857422184003187
cabinates,1499.0,6,-0.3857422184003187
cabinates,1499.0,6,-0.3857422184003187
cabinates,1499.0,6,-0.3857422184003187
cabinates,1499.0,6,-0.3857422184003187
cabinates,1499.0,6,-0.3857422184003187
cabinates,1499.0,6,-0.3857422184003187
cabinates,1499.0,6,-0.3857422184003187
cabinates,1499.0,6,-0.3857422184003187
cabinates,1499.0,6,-0.3857422184003187
cabinates,1499.0,6,-0.3857422184003187
cabinates,1499.0,6,-0.3857422184003187
cabinates,1499.0,6,-0.3857422184003187
cabinates,1499.0,6,-0.3857422184003187
cabinates,3449.0,6,-0.26747937833575164
cabinates,799.0,6,-0.4281955456029838
cabinates,1499.0,6,-0.3857422184003187
cabinates,1499.0,6,-0.3857422184003187
cabinates,1499.0,6,-0.3857422184003187
cabinates,1499.0,6,-0.3857422184003187
cabinates,220.0,6,-0.4633105119606168
cabinates,1000.0,6,-0.41600537593479
cabinates,1499.0,6,-0.3857422184003187
cabinates,1499.0,6,-0.3857422184003187
cabinates,1499.0,6,-0.3857422184003187
cabinates,1499.0,6,-0.3857422184003187
cabinates,1499.0,6,-0.3857422184003187
cabinates,1499.0,6,-0.3857422184003187
cabinates,1499.0,6,-0.3857422184003187
cabinates,1499.0,6,-0.3857422184003187
cabinates,1499.0,6,-0.3857422184003187
cabinates,1499.0,6,-0.3857422184003187
cabinates,1499.0,6,-0.3857422184003187
cabinates,1499.0,6,-0.3857422184003187
cabinates,1499.0,6,-0.3857422184003187
cabinates,1499.0,6,-0.3857422184003187
cabinates,9889.0,6,0.12309123192876732
cabinates,1499.0,6,-0.3857422184003187
cabinates,1499.0,6,-0.3857422184003187
cabinates,1499.0,6,-0.3857422184003187
cabinates,1499.0,6,-0.3857422184003187
cabinates,1499.0,6,-0.3857422184003187
cabinates,1499.0,6,-0.3857422184003187
cabinates,1499.0,6,-0.3857422184003187
cabinates,1499.0,6,-0.3857422184003187
cabinates,1499.0,6,-0.3857422184003187
cabinates,1499.0,6,-0.3857422184003187
cabinates,1499.0,6,-0.3857422184003187
cabinates,1499.0,6,-0.3857422184003187
cabinates,1499.0,6,-0.3857422184003187
cabinates,1499.0,6,-0.3857422184003187
cabinates,1499.0,6,-0.3857422184003187
cabinates,1499.0,6,-0.3857422184003187
cabinates,1499.0,6,-0.3857422184003187
cabinates,3449.0,6,-0.26747937833575164
cabinates,799.0,6,-0.4281955456029838
cabinates,1499.0,6,-0.3857422184003187
cabinates,1499.0,6,-0.3857422184003187
cabinates,1499.0,6,-0.3857422184003187
cabinates,1499.0,6,-0.3857422184003187
cabinates,220.0,6,-0.4633105119606168
cabinates,1000.0,6,-0.41600537593479
cabinates,1499.0,6,-0.3857422184003187
cabinates,1499.0,6,-0.3857422184003187
cabinates,1499.0,6,-0.3857422184003187
cabinates,1499.0,6,-0.3857422184003187
cabinates,1499.0,6,-0.3857422184003187
cabinates,1499.0,6,-0.3857422184003187
cabinates,1499.0,6,-0.3857422184003187
cabinates,1499.0,6,-0.3857422184003187
cabinates,1499.0,6,-0.3857422184003187
cabinates,1499.0,6,-0.3857422184003187
cabinates,1499.0,6,-0.3857422184003187
cabinates,1499.0,6,-0.3857422184003187
cabinates,1499.0,6,-0.3857422184003187
cabinates,1499.0,6,-0.3857422184003187
cabinates,1499.0,6,-0.3857422184003187
cabinates,1499.0,6,-0.3857422184003187
cabinates,1499.0,6,-0.3857422184003187
cabinates,1950.0,6,-0.35839014615974446
cabinates,1499.0,6,-0.3857422184003187
cabinates,1499.0,6,-0.3857422184003187
cabinates,1499.0,6,-0.3857422184003187
cabinates,1499.0,6,-0.3857422184003187
cabinates,2999.0,6,-0.29477080296603636
cabinates,1499.0,6,-0.3857422184003187
cabinates,1499.0,6,-0.3857422184003187
cabinates,1499.0,6,-0.3857422184003187
cabinates,1499.0,6,-0.3857422184003187
cabinates,1499.0,6,-0.3857422184003187
cabinates,1499.0,6,-0.3857422184003187
cabinates,1499.0,6,-0.3857422184003187
cabinates,1499.0,6,-0.3857422184003187
cabinates,7949.0,6,0.005434867967095461
cabinates,3449.0,6,-0.26747937833575164
cabinates,220.0,6,-0.4633105119606168
cabinates,2629.0,6,-0.3172104187731593
cabinates,3379.0,6,-0.27172471105601814
cabinates,1798.0,6,-0.36760858292375176
cabinates,2811.0,6,-0.3061725537004664
cabinates,1499.0,6,-0.3857422184003187
cabinates,3049.0,6,-0.2917384224515603
cabinates,3125.0,6,-0.2871292040695566
cabinates,2999.0,6,-0.29477080296603636
cabinates,6634.0,6,-0.07431673956362542
cabinates,2777.0,6,-0.3082345724503101
cabinates,4999.0,6,-0.17347558238699318
cabinates,1499.0,6,-0.3857422184003187
cabinates,3699.0,6,-0.2523174757633712
cabinates,9929.0,6,0.12551713634034817
cabinates,6949.0,6,-0.055212742322426116
cabinates,1199.0,6,-0.4039365014871752
cabinates,8576.0,6,0.04346091961862549
cabinates,1798.0,6,-0.36760858292375176
cabinates,2249.0,6,-0.3402565106831775
cabinates,1263.0,6,-0.4000550544286458
cabinates,1980.0,6,-0.3565707178510588
cabinates,1499.0,6,-0.3857422184003187
cabinates,4821.0,6,-0.18427085701852802
cabinates,1700.0,6,-0.3735520487321249
cabinates,2455.0,6,-0.32776310296353606
cabinates,8699.0,6,0.05092057568423664
cabinates,3839.0,6,-0.2438268103228382
cabinates,1849.0,6,-0.3645155547989862
cabinates,10599.0,6,0.16615103523432764
cabinates,3899.0,6,-0.24018795370546692
cabinates,4799.0,6,-0.1856051044448975
cabinates,5500.0,6,-0.14309112963194287
cabinates,36099.0,6,1.7126650976171278
cabinates,1950.0,6,-0.35839014615974446
cabinates,5699.0,6,-0.13102225518432808
cabinates,1855.0,6,-0.364151669137249
cabinates,9499.0,6,0.0994386639158539
cabinates,4999.0,6,-0.17347558238699318
cabinates,3449.0,6,-0.26747937833575164
cabinates,799.0,6,-0.4281955456029838
cabinates,2999.0,6,-0.29477080296603636
cabinates,4799.0,6,-0.1856051044448975
cabinates,19849.0,6,0.7271414304124022
cabinates,9889.0,6,0.12309123192876732
cabinates,220.0,6,-0.4633105119606168
cabinates,1000.0,6,-0.41600537593479
cabinates,13559.0,6,0.3456679616913115
cabinates,2000.0,6,-0.3553577656452684
cabinates,19319.0,6,0.6949981969589558
cabinates,7549.0,6,-0.01882417614871317
cabinates,7269.0,6,-0.03580550702977921
cabinates,3669.0,6,-0.25413690407205686
cabinates,1999.0,6,-0.3554184132555579
cabinates,1950.0,6,-0.35839014615974446
cabinates,11512.0,6,0.22152230342866083
cabinates,3600.0,6,-0.25832158918203385
cabinates,3109.0,6,-0.28809956583418894
cabinates,3199.0,6,-0.282641280908132
cabinates,1700.0,6,-0.3735520487321249
cabinates,4049.0,6,-0.2310908121620387
cabinates,1199.0,6,-0.4039365014871752
cabinates,5842.0,6,-0.1223496469129265
cabinates,2399.0,6,-0.3311593691397493
cabinates,13999.0,6,0.372352910218701
cabinates,2219.0,6,-0.34207593899186317
cabinates,1199.0,6,-0.4039365014871752
cabinates,1999.0,6,-0.3554184132555579
cabinates,9570.0,6,0.10374464424640993
cabinates,9210.0,6,0.08191150454218217
cabinates,6049.0,6,-0.10979559158299554
cabinates,1499.0,6,-0.3857422184003187
cabinates,3199.0,6,-0.282641280908132
cabinates,18339.0,6,0.6355635388752247
cabinates,2399.0,6,-0.3311593691397493
cabinates,15973.0,6,0.49207129293021656
cabinates,4799.0,6,-0.1856051044448975
cabinates,1199.0,6,-0.4039365014871752
cabinates,15973.0,6,0.49207129293021656
cabinates,3449.0,6,-0.26747937833575164
cabinates,799.0,6,-0.4281955456029838
cabinates,1499.0,6,-0.3857422184003187
cabinates,4899.0,6,-0.17954034341594535
cabinates,4999.0,6,-0.17347558238699318
cabinates,5500.0,6,-0.14309112963194287
cabinates,220.0,6,-0.4633105119606168
cabinates,1000.0,6,-0.41600537593479
cabinates,1355.0,6,-0.3944754742820098
cabinates,5396.0,6,-0.14939848110205312
cabinates,2599.0,6,-0.31902984708184495
cabinates,5799.0,6,-0.12495749415537592
cabinates,3300.0,6,-0.27651587226889035
cabinates,2645.0,6,-0.316240057008527
cabinates,1499.0,6,-0.3857422184003187
cabinates,3245.0,6,-0.27985149083481403
cabinates,999.0,6,-0.4160660235450795
cabinates,2645.0,6,-0.316240057008527
cabinates,279.0,6,-0.459732302953535
cabinates,2449.0,6,-0.32812698862527323
cabinates,12088.0,6,0.2564553269554253
cabinates,2099.0,6,-0.34935365222660575
cabinates,3499.0,6,-0.26444699782127556
cabinates,3799.0,6,-0.24625271473441906
cabinates,469.0,6,-0.44820925699852593
cabinates,2645.0,6,-0.316240057008527
cabinates,2645.0,6,-0.316240057008527
cabinates,5267.0,6,-0.1572220228294014
cabinates,3350.0,6,-0.2734834917544143
cabinates,3245.0,6,-0.27985149083481403
cabinates,7999.0,6,0.00846724848157154
cabinates,3599.0,6,-0.2583822367923234
cabinates,3199.0,6,-0.282641280908132
cabinates,10865.0,6,0.18228329957134037
cabinates,2599.0,6,-0.31902984708184495
cabinates,2999.0,6,-0.29477080296603636
cabinates,1099.0,6,-0.41000126251612734
cabinates,4749.0,6,-0.18863748495937357
cabinates,2999.0,6,-0.29477080296603636
cabinates,3050.0,6,-0.2916777748412707
cabinates,3449.0,6,-0.26747937833575164
cabinates,799.0,6,-0.4281955456029838
cabinates,471.0,6,-0.4480879617779469
cabinates,3199.0,6,-0.282641280908132
cabinates,16599.0,6,0.530036696971457
cabinates,1199.0,6,-0.4039365014871752
cabinates,220.0,6,-0.4633105119606168
cabinates,1000.0,6,-0.41600537593479
cabinates,1499.0,6,-0.3857422184003187
cabinates,1449.0,6,-0.38877459891479477
cabinates,1999.0,6,-0.3554184132555579
cabinates,7771.0,6,-0.005360406664439379
cabinates,899.0,6,-0.42213078457403164
cabinates,6499.0,6,-0.08250416695271082
cabinates,7999.0,6,0.00846724848157154
cabinates,1499.0,6,-0.3857422184003187
cabinates,9399.0,6,0.09337390288690174
cabinates,2249.0,6,-0.3402565106831775
cabinates,1499.0,6,-0.3857422184003187
cabinates,7949.0,6,0.005434867967095461
cabinates,17124.0,6,0.5618766923734559
cabinates,1850.0,6,-0.3644549071886966
cabinates,7949.0,6,0.005434867967095461
cabinates,197.0,6,-0.4647054069972758
cabinates,1965.0,6,-0.35748043200540164
cabinates,1499.0,6,-0.3857422184003187
cabinates,7609.0,6,-0.015185319531341874
cabinates,2999.0,6,-0.29477080296603636
cabinates,349.0,6,-0.4554869702332685
cabinates,1950.0,6,-0.35839014615974446
cabinates,2849.0,6,-0.3038679445094646
cabinates,1499.0,6,-0.3857422184003187
cabinates,9349.0,6,0.09034152237242567
cabinates,11368.0,6,0.21278904754696973
cabinates,747.0,6,-0.43134922133803894
cabinates,1499.0,6,-0.3857422184003187
cabinates,1499.0,6,-0.3857422184003187
cabinates,1499.0,6,-0.3857422184003187
cabinates,1499.0,6,-0.3857422184003187
cabinates,1499.0,6,-0.3857422184003187
cabinates,3449.0,6,-0.26747937833575164
cabinates,220.0,6,-0.4633105119606168
cabinates,1499.0,6,-0.3857422184003187
cabinates,1499.0,6,-0.3857422184003187
cabinates,1499.0,6,-0.3857422184003187
cabinates,1499.0,6,-0.3857422184003187
cabinates,1693.0,6,-0.3739765820041515
cabinates,1499.0,6,-0.3857422184003187
cabinates,1499.0,6,-0.3857422184003187
cabinates,1499.0,6,-0.3857422184003187
cabinates,1499.0,6,-0.3857422184003187
cabinates,1499.0,6,-0.3857422184003187
cabinates,1499.0,6,-0.3857422184003187
cabinates,1499.0,6,-0.3857422184003187
cabinates,1499.0,6,-0.3857422184003187
cabinates,1499.0,6,-0.3857422184003187
cabinates,1499.0,6,-0.3857422184003187
cabinates,1499.0,6,-0.3857422184003187
cabinates,1499.0,6,-0.3857422184003187
cabinates,1499.0,6,-0.3857422184003187
cabinates,1499.0,6,-0.3857422184003187
cabinates,1499.0,6,-0.3857422184003187
cabinates,1499.0,6,-0.3857422184003187
cabinates,349.0,6,-0.4554869702332685
cabinates,1499.0,6,-0.3857422184003187
cabinates,1499.0,6,-0.3857422184003187
cabinates,1499.0,6,-0.3857422184003187
cabinates,1499.0,6,-0.3857422184003187
cabinates,1965.0,6,-0.35748043200540164
cabinates,1499.0,6,-0.3857422184003187
cabinates,1499.0,6,-0.3857422184003187
cabinates,1499.0,6,-0.3857422184003187
cabinates,1499.0,6,-0.3857422184003187
cabinates,1499.0,6,-0.3857422184003187
cabinates,1499.0,6,-0.3857422184003187
cabinates,1499.0,6,-0.3857422184003187
cabinates,1499.0,6,-0.3857422184003187
cabinates,1199.0,6,-0.4039365014871752
cabinates,1499.0,6,-0.3857422184003187
cabinates,1499.0,6,-0.3857422184003187
cabinates,3449.0,6,-0.26747937833575164
cabinates,799.0,6,-0.4281955456029838
cabinates,1499.0,6,-0.3857422184003187
cabinates,1499.0,6,-0.3857422184003187
cabinates,1499.0,6,-0.3857422184003187
cabinates,1499.0,6,-0.3857422184003187
cabinates,220.0,6,-0.4633105119606168
cabinates,1000.0,6,-0.41600537593479
cabinates,1499.0,6,-0.3857422184003187
cabinates,1499.0,6,-0.3857422184003187
cabinates,1499.0,6,-0.3857422184003187
cabinates,1499.0,6,-0.3857422184003187
cabinates,1499.0,6,-0.3857422184003187
cabinates,1499.0,6,-0.3857422184003187
cabinates,1499.0,6,-0.3857422184003187
cabinates,1499.0,6,-0.3857422184003187
cabinates,1499.0,6,-0.3857422184003187
cabinates,1499.0,6,-0.3857422184003187
cabinates,1499.0,6,-0.3857422184003187
cabinates,1499.0,6,-0.3857422184003187
cabinates,1499.0,6,-0.3857422184003187
cabinates,1499.0,6,-0.3857422184003187
cabinates,1499.0,6,-0.3857422184003187
cabinates,1499.0,6,-0.3857422184003187
cabinates,1499.0,6,-0.3857422184003187
cabinates,1499.0,6,-0.3857422184003187
cabinates,1499.0,6,-0.3857422184003187
cabinates,1499.0,6,-0.3857422184003187
cabinates,1499.0,6,-0.3857422184003187
cabinates,1499.0,6,-0.3857422184003187
cabinates,1499.0,6,-0.3857422184003187
cabinates,1499.0,6,-0.3857422184003187
cabinates,1499.0,6,-0.3857422184003187
cabinates,1499.0,6,-0.3857422184003187
cabinates,1499.0,6,-0.3857422184003187
cabinates,1499.0,6,-0.3857422184003187
cabinates,1499.0,6,-0.3857422184003187
cabinates,1499.0,6,-0.3857422184003187
cabinates,1499.0,6,-0.3857422184003187
cabinates,1499.0,6,-0.3857422184003187
cabinates,3449.0,6,-0.26747937833575164
cabinates,799.0,6,-0.4281955456029838
cabinates,1499.0,6,-0.3857422184003187
cabinates,1499.0,6,-0.3857422184003187
cabinates,1499.0,6,-0.3857422184003187
cabinates,1499.0,6,-0.3857422184003187
cabinates,220.0,6,-0.4633105119606168
cabinates,1000.0,6,-0.41600537593479
cabinates,1499.0,6,-0.3857422184003187
cabinates,1499.0,6,-0.3857422184003187
cabinates,1499.0,6,-0.3857422184003187
cabinates,1499.0,6,-0.3857422184003187
cabinates,1499.0,6,-0.3857422184003187
cabinates,1499.0,6,-0.3857422184003187
cabinates,1499.0,6,-0.3857422184003187
cabinates,1499.0,6,-0.3857422184003187
cabinates,1499.0,6,-0.3857422184003187
cabinates,1499.0,6,-0.3857422184003187
cabinates,1499.0,6,-0.3857422184003187
cabinates,1499.0,6,-0.3857422184003187
cabinates,1499.0,6,-0.3857422184003187
cabinates,1499.0,6,-0.3857422184003187
cabinates,9889.0,6,0.12309123192876732
cabinates,1499.0,6,-0.3857422184003187
cabinates,1499.0,6,-0.3857422184003187
cabinates,1499.0,6,-0.3857422184003187
cabinates,1499.0,6,-0.3857422184003187
cabinates,1499.0,6,-0.3857422184003187
cabinates,1499.0,6,-0.3857422184003187
cabinates,1499.0,6,-0.3857422184003187
cabinates,1499.0,6,-0.3857422184003187
cabinates,1499.0,6,-0.3857422184003187
cabinates,1499.0,6,-0.3857422184003187
cabinates,1499.0,6,-0.3857422184003187
cabinates,1499.0,6,-0.3857422184003187
cabinates,1499.0,6,-0.3857422184003187
cabinates,1499.0,6,-0.3857422184003187
cabinates,1499.0,6,-0.3857422184003187
cabinates,1499.0,6,-0.3857422184003187
cabinates,1499.0,6,-0.3857422184003187
cabinates,3449.0,6,-0.26747937833575164
cabinates,799.0,6,-0.4281955456029838
cabinates,1499.0,6,-0.3857422184003187
cabinates,1499.0,6,-0.3857422184003187
cabinates,1499.0,6,-0.3857422184003187
cabinates,1499.0,6,-0.3857422184003187
cabinates,220.0,6,-0.4633105119606168
cabinates,1000.0,6,-0.41600537593479
cabinates,1499.0,6,-0.3857422184003187
cabinates,1499.0,6,-0.3857422184003187
cabinates,1499.0,6,-0.3857422184003187
cabinates,1499.0,6,-0.3857422184003187
cabinates,1499.0,6,-0.3857422184003187
cabinates,1499.0,6,-0.3857422184003187
cabinates,1499.0,6,-0.3857422184003187
cabinates,1499.0,6,-0.3857422184003187
cabinates,1499.0,6,-0.3857422184003187
cabinates,1499.0,6,-0.3857422184003187
cabinates,1499.0,6,-0.3857422184003187
cabinates,1499.0,6,-0.3857422184003187
cabinates,1499.0,6,-0.3857422184003187
cabinates,1499.0,6,-0.3857422184003187
cabinates,1499.0,6,-0.3857422184003187
cabinates,1499.0,6,-0.3857422184003187
cabinates,1499.0,6,-0.3857422184003187
cabinates,1950.0,6,-0.35839014615974446
cabinates,1499.0,6,-0.3857422184003187
cabinates,1499.0,6,-0.3857422184003187
cabinates,1499.0,6,-0.3857422184003187
cabinates,1499.0,6,-0.3857422184003187
cabinates,2999.0,6,-0.29477080296603636
cabinates,1499.0,6,-0.3857422184003187
cabinates,1499.0,6,-0.3857422184003187
cabinates,1499.0,6,-0.3857422184003187
cabinates,1499.0,6,-0.3857422184003187
cabinates,1499.0,6,-0.3857422184003187
cabinates,1499.0,6,-0.3857422184003187
cabinates,1499.0,6,-0.3857422184003187
cabinates,1499.0,6,-0.3857422184003187
cabinates,7949.0,6,0.005434867967095461
cabinates,3449.0,6,-0.26747937833575164
cabinates,799.0,6,-0.4281955456029838
cabinates,1499.0,6,-0.3857422184003187
cabinates,7899.0,6,0.002402487452619383
cabinates,1499.0,6,-0.3857422184003187
cabinates,1499.0,6,-0.3857422184003187
cabinates,220.0,6,-0.4633105119606168
cabinates,1000.0,6,-0.41600537593479
cabinates,1499.0,6,-0.3857422184003187
cabinates,1499.0,6,-0.3857422184003187
cabinates,1499.0,6,-0.3857422184003187
cabinates,1499.0,6,-0.3857422184003187
cabinates,1499.0,6,-0.3857422184003187
cabinates,1499.0,6,-0.3857422184003187
cabinates,1499.0,6,-0.3857422184003187
cabinates,1499.0,6,-0.3857422184003187
cabinates,1499.0,6,-0.3857422184003187
cabinates,1499.0,6,-0.3857422184003187
cabinates,1499.0,6,-0.3857422184003187
cabinates,1499.0,6,-0.3857422184003187
cabinates,1499.0,6,-0.3857422184003187
cabinates,1499.0,6,-0.3857422184003187
cabinates,1499.0,6,-0.3857422184003187
cabinates,1499.0,6,-0.3857422184003187
cabinates,1499.0,6,-0.3857422184003187
cabinates,1499.0,6,-0.3857422184003187
cabinates,1499.0,6,-0.3857422184003187
cabinates,1499.0,6,-0.3857422184003187
cabinates,1499.0,6,-0.3857422184003187
cabinates,1499.0,6,-0.3857422184003187
cabinates,1499.0,6,-0.3857422184003187
cabinates,1499.0,6,-0.3857422184003187
cabinates,1499.0,6,-0.3857422184003187
cabinates,1499.0,6,-0.3857422184003187
cabinates,1699.0,6,-0.3736126963424144
cabinates,1499.0,6,-0.3857422184003187
cabinates,1499.0,6,-0.3857422184003187
cabinates,1499.0,6,-0.3857422184003187
cabinates,1499.0,6,-0.3857422184003187
cabinates,1499.0,6,-0.3857422184003187
cabinates,3449.0,6,-0.26747937833575164
cabinates,220.0,6,-0.4633105119606168
cabinates,2629.0,6,-0.3172104187731593
cabinates,3379.0,6,-0.27172471105601814
cabinates,1798.0,6,-0.36760858292375176
cabinates,2811.0,6,-0.3061725537004664
cabinates,1499.0,6,-0.3857422184003187
cabinates,3049.0,6,-0.2917384224515603
cabinates,3125.0,6,-0.2871292040695566
cabinates,2999.0,6,-0.29477080296603636
cabinates,6634.0,6,-0.07431673956362542
cabinates,2777.0,6,-0.3082345724503101
cabinates,4999.0,6,-0.17347558238699318
cabinates,1499.0,6,-0.3857422184003187
cabinates,3699.0,6,-0.2523174757633712
cabinates,9929.0,6,0.12551713634034817
cabinates,6949.0,6,-0.055212742322426116
cabinates,1199.0,6,-0.4039365014871752
cabinates,8576.0,6,0.04346091961862549
cabinates,1798.0,6,-0.36760858292375176
cabinates,2249.0,6,-0.3402565106831775
cabinates,1263.0,6,-0.4000550544286458
cabinates,1980.0,6,-0.3565707178510588
cabinates,1499.0,6,-0.3857422184003187
cabinates,4821.0,6,-0.18427085701852802
cabinates,1700.0,6,-0.3735520487321249
cabinates,2455.0,6,-0.32776310296353606
cabinates,8699.0,6,0.05092057568423664
cabinates,3839.0,6,-0.2438268103228382
cabinates,1849.0,6,-0.3645155547989862
cabinates,10599.0,6,0.16615103523432764
cabinates,3899.0,6,-0.24018795370546692
cabinates,4799.0,6,-0.1856051044448975
cabinates,5500.0,6,-0.14309112963194287
cabinates,36099.0,6,1.7126650976171278
cabinates,1950.0,6,-0.35839014615974446
cabinates,5699.0,6,-0.13102225518432808
cabinates,1855.0,6,-0.364151669137249
cabinates,9499.0,6,0.0994386639158539
cabinates,4999.0,6,-0.17347558238699318
cabinates,3449.0,6,-0.26747937833575164
cabinates,799.0,6,-0.4281955456029838
cabinates,2999.0,6,-0.29477080296603636
cabinates,4799.0,6,-0.1856051044448975
cabinates,19849.0,6,0.7271414304124022
cabinates,9889.0,6,0.12309123192876732
cabinates,220.0,6,-0.4633105119606168
cabinates,1000.0,6,-0.41600537593479
cabinates,13559.0,6,0.3456679616913115
cabinates,2000.0,6,-0.3553577656452684
cabinates,19319.0,6,0.6949981969589558
cabinates,7549.0,6,-0.01882417614871317
cabinates,7269.0,6,-0.03580550702977921
cabinates,3669.0,6,-0.25413690407205686
cabinates,1999.0,6,-0.3554184132555579
cabinates,1950.0,6,-0.35839014615974446
cabinates,11512.0,6,0.22152230342866083
cabinates,3600.0,6,-0.25832158918203385
cabinates,3109.0,6,-0.28809956583418894
cabinates,3199.0,6,-0.282641280908132
cabinates,1700.0,6,-0.3735520487321249
cabinates,4049.0,6,-0.2310908121620387
cabinates,1199.0,6,-0.4039365014871752
cabinates,5842.0,6,-0.1223496469129265
cabinates,2399.0,6,-0.3311593691397493
cabinates,13999.0,6,0.372352910218701
cabinates,2219.0,6,-0.34207593899186317
cabinates,1199.0,6,-0.4039365014871752
cabinates,1999.0,6,-0.3554184132555579
cabinates,9570.0,6,0.10374464424640993
cabinates,9210.0,6,0.08191150454218217
cabinates,6049.0,6,-0.10979559158299554
cabinates,1499.0,6,-0.3857422184003187
cabinates,3199.0,6,-0.282641280908132
cabinates,18339.0,6,0.6355635388752247
cabinates,2399.0,6,-0.3311593691397493
cabinates,15973.0,6,0.49207129293021656
cabinates,4799.0,6,-0.1856051044448975
cabinates,1199.0,6,-0.4039365014871752
cabinates,15973.0,6,0.49207129293021656
cabinates,3449.0,6,-0.26747937833575164
cabinates,799.0,6,-0.4281955456029838
cabinates,1499.0,6,-0.3857422184003187
cabinates,4899.0,6,-0.17954034341594535
cabinates,4999.0,6,-0.17347558238699318
cabinates,5500.0,6,-0.14309112963194287
cabinates,220.0,6,-0.4633105119606168
cabinates,1000.0,6,-0.41600537593479
cabinates,1355.0,6,-0.3944754742820098
cabinates,5396.0,6,-0.14939848110205312
cabinates,2599.0,6,-0.31902984708184495
cabinates,5799.0,6,-0.12495749415537592
cabinates,3300.0,6,-0.27651587226889035
cabinates,2645.0,6,-0.316240057008527
cabinates,1499.0,6,-0.3857422184003187
cabinates,3245.0,6,-0.27985149083481403
cabinates,999.0,6,-0.4160660235450795
cabinates,2645.0,6,-0.316240057008527
cabinates,279.0,6,-0.459732302953535
cabinates,2449.0,6,-0.32812698862527323
cabinates,12088.0,6,0.2564553269554253
cabinates,2099.0,6,-0.34935365222660575
cabinates,3499.0,6,-0.26444699782127556
cabinates,3799.0,6,-0.24625271473441906
cabinates,469.0,6,-0.44820925699852593
cabinates,2645.0,6,-0.316240057008527
cabinates,2645.0,6,-0.316240057008527
cabinates,5267.0,6,-0.1572220228294014
cabinates,3350.0,6,-0.2734834917544143
cabinates,3245.0,6,-0.27985149083481403
cabinates,7999.0,6,0.00846724848157154
cabinates,3599.0,6,-0.2583822367923234
cabinates,3199.0,6,-0.282641280908132
cabinates,10865.0,6,0.18228329957134037
cabinates,2599.0,6,-0.31902984708184495
cabinates,2999.0,6,-0.29477080296603636
cabinates,1099.0,6,-0.41000126251612734
cabinates,4749.0,6,-0.18863748495937357
cabinates,2999.0,6,-0.29477080296603636
cabinates,3050.0,6,-0.2916777748412707
cabinates,3449.0,6,-0.26747937833575164
cabinates,799.0,6,-0.4281955456029838
cabinates,471.0,6,-0.4480879617779469
cabinates,3199.0,6,-0.282641280908132
cabinates,16599.0,6,0.530036696971457
cabinates,1199.0,6,-0.4039365014871752
cabinates,220.0,6,-0.4633105119606168
cabinates,1000.0,6,-0.41600537593479
cabinates,1499.0,6,-0.3857422184003187
cabinates,1449.0,6,-0.38877459891479477
cabinates,1999.0,6,-0.3554184132555579
cabinates,7771.0,6,-0.005360406664439379
cabinates,899.0,6,-0.42213078457403164
cabinates,6499.0,6,-0.08250416695271082
cabinates,7999.0,6,0.00846724848157154
cabinates,1499.0,6,-0.3857422184003187
cabinates,9399.0,6,0.09337390288690174
cabinates,2249.0,6,-0.3402565106831775
cabinates,1499.0,6,-0.3857422184003187
cabinates,7949.0,6,0.005434867967095461
cabinates,17124.0,6,0.5618766923734559
cabinates,1850.0,6,-0.3644549071886966
cabinates,7949.0,6,0.005434867967095461
cabinates,197.0,6,-0.4647054069972758
cabinates,1965.0,6,-0.35748043200540164
cabinates,1499.0,6,-0.3857422184003187
cabinates,7609.0,6,-0.015185319531341874
cabinates,2999.0,6,-0.29477080296603636
cabinates,349.0,6,-0.4554869702332685
cabinates,1950.0,6,-0.35839014615974446
cabinates,2849.0,6,-0.3038679445094646
cabinates,1499.0,6,-0.3857422184003187
cabinates,9349.0,6,0.09034152237242567
cabinates,11368.0,6,0.21278904754696973
cabinates,747.0,6,-0.43134922133803894
cabinates,1499.0,6,-0.3857422184003187
cabinates,1499.0,6,-0.3857422184003187
cabinates,1499.0,6,-0.3857422184003187
cabinates,1499.0,6,-0.3857422184003187
cabinates,1499.0,6,-0.3857422184003187
cabinates,3449.0,6,-0.26747937833575164
cabinates,220.0,6,-0.4633105119606168
cabinates,1499.0,6,-0.3857422184003187
cabinates,1499.0,6,-0.3857422184003187
cabinates,1499.0,6,-0.3857422184003187
cabinates,1499.0,6,-0.3857422184003187
cabinates,1693.0,6,-0.3739765820041515
cabinates,1499.0,6,-0.3857422184003187
cabinates,1499.0,6,-0.3857422184003187
cabinates,1499.0,6,-0.3857422184003187
cabinates,1499.0,6,-0.3857422184003187
cabinates,1499.0,6,-0.3857422184003187
cabinates,1499.0,6,-0.3857422184003187
cabinates,1499.0,6,-0.3857422184003187
cabinates,1499.0,6,-0.3857422184003187
cabinates,1499.0,6,-0.3857422184003187
cabinates,1499.0,6,-0.3857422184003187
cabinates,1499.0,6,-0.3857422184003187
cabinates,1499.0,6,-0.3857422184003187
cabinates,1499.0,6,-0.3857422184003187
cabinates,1499.0,6,-0.3857422184003187
cabinates,1499.0,6,-0.3857422184003187
cabinates,1499.0,6,-0.3857422184003187
cabinates,349.0,6,-0.4554869702332685
cabinates,1499.0,6,-0.3857422184003187
cabinates,1499.0,6,-0.3857422184003187
cabinates,1499.0,6,-0.3857422184003187
cabinates,1499.0,6,-0.3857422184003187
cabinates,1965.0,6,-0.35748043200540164
cabinates,1499.0,6,-0.3857422184003187
cabinates,1499.0,6,-0.3857422184003187
cabinates,1499.0,6,-0.3857422184003187
cabinates,1499.0,6,-0.3857422184003187
cabinates,1499.0,6,-0.3857422184003187
cabinates,1499.0,6,-0.3857422184003187
cabinates,1499.0,6,-0.3857422184003187
cabinates,1499.0,6,-0.3857422184003187
cabinates,1199.0,6,-0.4039365014871752
cabinates,1499.0,6,-0.3857422184003187
cabinates,1499.0,6,-0.3857422184003187
cabinates,3449.0,6,-0.26747937833575164
cabinates,799.0,6,-0.4281955456029838
cabinates,1499.0,6,-0.3857422184003187
cabinates,1499.0,6,-0.3857422184003187
cabinates,1499.0,6,-0.3857422184003187
cabinates,1499.0,6,-0.3857422184003187
cabinates,220.0,6,-0.4633105119606168
cabinates,1000.0,6,-0.41600537593479
cabinates,1499.0,6,-0.3857422184003187
cabinates,1499.0,6,-0.3857422184003187
cabinates,1499.0,6,-0.3857422184003187
cabinates,1499.0,6,-0.3857422184003187
cabinates,1499.0,6,-0.3857422184003187
cabinates,1499.0,6,-0.3857422184003187
cabinates,1499.0,6,-0.3857422184003187
cabinates,1499.0,6,-0.3857422184003187
cabinates,1499.0,6,-0.3857422184003187
cabinates,1499.0,6,-0.3857422184003187
cabinates,1499.0,6,-0.3857422184003187
cabinates,1499.0,6,-0.3857422184003187
cabinates,1499.0,6,-0.3857422184003187
cabinates,1499.0,6,-0.3857422184003187
cabinates,1499.0,6,-0.3857422184003187
cabinates,1499.0,6,-0.3857422184003187
cabinates,1499.0,6,-0.3857422184003187
cabinates,1499.0,6,-0.3857422184003187
cabinates,1499.0,6,-0.3857422184003187
cabinates,1499.0,6,-0.3857422184003187
cabinates,1499.0,6,-0.3857422184003187
cabinates,1499.0,6,-0.3857422184003187
cabinates,1499.0,6,-0.3857422184003187
cabinates,1499.0,6,-0.3857422184003187
cabinates,1499.0,6,-0.3857422184003187
cabinates,1499.0,6,-0.3857422184003187
cabinates,1499.0,6,-0.3857422184003187
cabinates,1499.0,6,-0.3857422184003187
cabinates,1499.0,6,-0.3857422184003187
cabinates,1499.0,6,-0.3857422184003187
cabinates,1499.0,6,-0.3857422184003187
cabinates,1499.0,6,-0.3857422184003187
cabinates,3449.0,6,-0.26747937833575164
cabinates,799.0,6,-0.4281955456029838
cabinates,1499.0,6,-0.3857422184003187
cabinates,1499.0,6,-0.3857422184003187
cabinates,1499.0,6,-0.3857422184003187
cabinates,1499.0,6,-0.3857422184003187
cabinates,220.0,6,-0.4633105119606168
cabinates,1000.0,6,-0.41600537593479
cabinates,1499.0,6,-0.3857422184003187
cabinates,1499.0,6,-0.3857422184003187
cabinates,1499.0,6,-0.3857422184003187
cabinates,1499.0,6,-0.3857422184003187
cabinates,1499.0,6,-0.3857422184003187
cabinates,1499.0,6,-0.3857422184003187
cabinates,1499.0,6,-0.3857422184003187
cabinates,1499.0,6,-0.3857422184003187
cabinates,1499.0,6,-0.3857422184003187
cabinates,1499.0,6,-0.3857422184003187
cabinates,1499.0,6,-0.3857422184003187
cabinates,1499.0,6,-0.3857422184003187
cabinates,1499.0,6,-0.3857422184003187
cabinates,1499.0,6,-0.3857422184003187
cabinates,9889.0,6,0.12309123192876732
cabinates,1499.0,6,-0.3857422184003187
cabinates,1499.0,6,-0.3857422184003187
cabinates,1499.0,6,-0.3857422184003187
cabinates,1499.0,6,-0.3857422184003187
cabinates,1499.0,6,-0.3857422184003187
cabinates,1499.0,6,-0.3857422184003187
cabinates,1499.0,6,-0.3857422184003187
cabinates,1499.0,6,-0.3857422184003187
cabinates,1499.0,6,-0.3857422184003187
cabinates,1499.0,6,-0.3857422184003187
cabinates,1499.0,6,-0.3857422184003187
cabinates,1499.0,6,-0.3857422184003187
cabinates,1499.0,6,-0.3857422184003187
cabinates,1499.0,6,-0.3857422184003187
cabinates,1499.0,6,-0.3857422184003187
cabinates,1499.0,6,-0.3857422184003187
cabinates,1499.0,6,-0.3857422184003187
cabinates,3449.0,6,-0.26747937833575164
cabinates,799.0,6,-0.4281955456029838
cabinates,1499.0,6,-0.3857422184003187
cabinates,1499.0,6,-0.3857422184003187
cabinates,1499.0,6,-0.3857422184003187
cabinates,1499.0,6,-0.3857422184003187
cabinates,220.0,6,-0.4633105119606168
cabinates,1000.0,6,-0.41600537593479
cabinates,1499.0,6,-0.3857422184003187
cabinates,1499.0,6,-0.3857422184003187
cabinates,1499.0,6,-0.3857422184003187
cabinates,1499.0,6,-0.3857422184003187
cabinates,1499.0,6,-0.3857422184003187
cabinates,1499.0,6,-0.3857422184003187
cabinates,1499.0,6,-0.3857422184003187
cabinates,1499.0,6,-0.3857422184003187
cabinates,1499.0,6,-0.3857422184003187
cabinates,1499.0,6,-0.3857422184003187
cabinates,1499.0,6,-0.3857422184003187
cabinates,1499.0,6,-0.3857422184003187
cabinates,1499.0,6,-0.3857422184003187
cabinates,1499.0,6,-0.3857422184003187
cabinates,1499.0,6,-0.3857422184003187
cabinates,1499.0,6,-0.3857422184003187
cabinates,1499.0,6,-0.3857422184003187
cabinates,1950.0,6,-0.35839014615974446
cabinates,1499.0,6,-0.3857422184003187
cabinates,1499.0,6,-0.3857422184003187
cabinates,1499.0,6,-0.3857422184003187
cabinates,1499.0,6,-0.3857422184003187
cabinates,2999.0,6,-0.29477080296603636
cabinates,1499.0,6,-0.3857422184003187
cabinates,1499.0,6,-0.3857422184003187
cabinates,1499.0,6,-0.3857422184003187
cabinates,1499.0,6,-0.3857422184003187
cabinates,1499.0,6,-0.3857422184003187
cabinates,1499.0,6,-0.3857422184003187
cabinates,1499.0,6,-0.3857422184003187
cabinates,1499.0,6,-0.3857422184003187
cabinates,7949.0,6,0.005434867967095461
cabinates,3449.0,6,-0.26747937833575164
cabinates,799.0,6,-0.4281955456029838
cabinates,1499.0,6,-0.3857422184003187
cabinates,7899.0,6,0.002402487452619383
cabinates,1499.0,6,-0.3857422184003187
cabinates,1499.0,6,-0.3857422184003187
cabinates,220.0,6,-0.4633105119606168
cabinates,1000.0,6,-0.41600537593479
cabinates,1499.0,6,-0.3857422184003187
cabinates,1499.0,6,-0.3857422184003187
cabinates,1499.0,6,-0.3857422184003187
cabinates,1499.0,6,-0.3857422184003187
cabinates,1499.0,6,-0.3857422184003187
cabinates,1499.0,6,-0.3857422184003187
cabinates,1499.0,6,-0.3857422184003187
cabinates,1499.0,6,-0.3857422184003187
cabinates,1499.0,6,-0.3857422184003187
cabinates,1499.0,6,-0.3857422184003187
cabinates,1499.0,6,-0.3857422184003187
cabinates,1499.0,6,-0.3857422184003187
cabinates,1499.0,6,-0.3857422184003187
cabinates,1499.0,6,-0.3857422184003187
cabinates,1499.0,6,-0.3857422184003187
cabinates,1499.0,6,-0.3857422184003187
cabinates,1499.0,6,-0.3857422184003187
cabinates,1499.0,6,-0.3857422184003187
cabinates,1499.0,6,-0.3857422184003187
cabinates,1499.0,6,-0.3857422184003187
cabinates,1499.0,6,-0.3857422184003187
cabinates,1499.0,6,-0.3857422184003187
cabinates,1499.0,6,-0.3857422184003187
cabinates,1499.0,6,-0.3857422184003187
cabinates,1499.0,6,-0.3857422184003187
cabinates,1499.0,6,-0.3857422184003187
cabinates,1699.0,6,-0.3736126963424144
cabinates,1499.0,6,-0.3857422184003187
cabinates,1499.0,6,-0.3857422184003187
cabinates,1499.0,6,-0.3857422184003187
cabinates,1499.0,6,-0.3857422184003187
cabinates,1499.0,6,-0.3857422184003187
cabinates,3449.0,6,-0.26747937833575164
cabinates,799.0,6,-0.4281955456029838
cabinates,1499.0,6,-0.3857422184003187
cabinates,2599.0,6,-0.31902984708184495
cabinates,1499.0,6,-0.3857422184003187
cabinates,1499.0,6,-0.3857422184003187
cabinates,220.0,6,-0.4633105119606168
cabinates,1000.0,6,-0.41600537593479
cabinates,1499.0,6,-0.3857422184003187
cabinates,1499.0,6,-0.3857422184003187
cabinates,1499.0,6,-0.3857422184003187
cabinates,1499.0,6,-0.3857422184003187
cabinates,1499.0,6,-0.3857422184003187
cabinates,1499.0,6,-0.3857422184003187
cabinates,1499.0,6,-0.3857422184003187
cabinates,1499.0,6,-0.3857422184003187
cabinates,1499.0,6,-0.3857422184003187
cabinates,1499.0,6,-0.3857422184003187
cabinates,8274.0,6,0.025145341311189975
cabinates,1499.0,6,-0.3857422184003187
cabinates,1499.0,6,-0.3857422184003187
cabinates,1499.0,6,-0.3857422184003187
cabinates,1499.0,6,-0.3857422184003187
cabinates,1499.0,6,-0.3857422184003187
cabinates,1499.0,6,-0.3857422184003187
cabinates,1499.0,6,-0.3857422184003187
cabinates,1499.0,6,-0.3857422184003187
cabinates,1499.0,6,-0.3857422184003187
cabinates,1499.0,6,-0.3857422184003187
cabinates,1499.0,6,-0.3857422184003187
cabinates,1499.0,6,-0.3857422184003187
cabinates,1499.0,6,-0.3857422184003187
cabinates,1499.0,6,-0.3857422184003187
cabinates,1499.0,6,-0.3857422184003187
cabinates,1499.0,6,-0.3857422184003187
cabinates,1499.0,6,-0.3857422184003187
cabinates,1499.0,6,-0.3857422184003187
cabinates,1499.0,6,-0.3857422184003187
cabinates,1499.0,6,-0.3857422184003187
cabinates,1499.0,6,-0.3857422184003187
cabinates,3449.0,6,-0.26747937833575164
cabinates,220.0,6,-0.4633105119606168
cabinates,2629.0,6,-0.3172104187731593
cabinates,3379.0,6,-0.27172471105601814
cabinates,1798.0,6,-0.36760858292375176
cabinates,2811.0,6,-0.3061725537004664
cabinates,1499.0,6,-0.3857422184003187
cabinates,3049.0,6,-0.2917384224515603
cabinates,3125.0,6,-0.2871292040695566
cabinates,2999.0,6,-0.29477080296603636
cabinates,6634.0,6,-0.07431673956362542
cabinates,2777.0,6,-0.3082345724503101
cabinates,4999.0,6,-0.17347558238699318
cabinates,1499.0,6,-0.3857422184003187
cabinates,3699.0,6,-0.2523174757633712
cabinates,9929.0,6,0.12551713634034817
cabinates,6949.0,6,-0.055212742322426116
cabinates,1199.0,6,-0.4039365014871752
cabinates,8576.0,6,0.04346091961862549
cabinates,1798.0,6,-0.36760858292375176
cabinates,2249.0,6,-0.3402565106831775
cabinates,1263.0,6,-0.4000550544286458
cabinates,1980.0,6,-0.3565707178510588
cabinates,1499.0,6,-0.3857422184003187
cabinates,4821.0,6,-0.18427085701852802
cabinates,1700.0,6,-0.3735520487321249
cabinates,2455.0,6,-0.32776310296353606
cabinates,8699.0,6,0.05092057568423664
cabinates,3839.0,6,-0.2438268103228382
cabinates,1849.0,6,-0.3645155547989862
cabinates,10599.0,6,0.16615103523432764
cabinates,3899.0,6,-0.24018795370546692
cabinates,4799.0,6,-0.1856051044448975
cabinates,5500.0,6,-0.14309112963194287
cabinates,36099.0,6,1.7126650976171278
cabinates,1950.0,6,-0.35839014615974446
cabinates,5699.0,6,-0.13102225518432808
cabinates,1855.0,6,-0.364151669137249
cabinates,9499.0,6,0.0994386639158539
cabinates,4999.0,6,-0.17347558238699318
cabinates,3449.0,6,-0.26747937833575164
cabinates,799.0,6,-0.4281955456029838
cabinates,2999.0,6,-0.29477080296603636
cabinates,4799.0,6,-0.1856051044448975
cabinates,19849.0,6,0.7271414304124022
cabinates,9889.0,6,0.12309123192876732
cabinates,220.0,6,-0.4633105119606168
cabinates,1000.0,6,-0.41600537593479
cabinates,13559.0,6,0.3456679616913115
cabinates,2000.0,6,-0.3553577656452684
cabinates,19319.0,6,0.6949981969589558
cabinates,7549.0,6,-0.01882417614871317
cabinates,7269.0,6,-0.03580550702977921
cabinates,3669.0,6,-0.25413690407205686
cabinates,1999.0,6,-0.3554184132555579
cabinates,1950.0,6,-0.35839014615974446
cabinates,11512.0,6,0.22152230342866083
cabinates,3600.0,6,-0.25832158918203385
cabinates,3109.0,6,-0.28809956583418894
cabinates,3199.0,6,-0.282641280908132
cabinates,1700.0,6,-0.3735520487321249
cabinates,4049.0,6,-0.2310908121620387
cabinates,1199.0,6,-0.4039365014871752
cabinates,5842.0,6,-0.1223496469129265
cabinates,2399.0,6,-0.3311593691397493
cabinates,13999.0,6,0.372352910218701
cabinates,2219.0,6,-0.34207593899186317
cabinates,1199.0,6,-0.4039365014871752
cabinates,1999.0,6,-0.3554184132555579
cabinates,9570.0,6,0.10374464424640993
cabinates,9210.0,6,0.08191150454218217
cabinates,6049.0,6,-0.10979559158299554
cabinates,1499.0,6,-0.3857422184003187
cabinates,3199.0,6,-0.282641280908132
cabinates,18339.0,6,0.6355635388752247
cabinates,2399.0,6,-0.3311593691397493
cabinates,15973.0,6,0.49207129293021656
cabinates,4799.0,6,-0.1856051044448975
cabinates,1199.0,6,-0.4039365014871752
cabinates,15973.0,6,0.49207129293021656
cabinates,3449.0,6,-0.26747937833575164
cabinates,799.0,6,-0.4281955456029838
cabinates,1499.0,6,-0.3857422184003187
cabinates,4899.0,6,-0.17954034341594535
cabinates,4999.0,6,-0.17347558238699318
cabinates,5500.0,6,-0.14309112963194287
cabinates,220.0,6,-0.4633105119606168
cabinates,1000.0,6,-0.41600537593479
cabinates,1355.0,6,-0.3944754742820098
cabinates,5396.0,6,-0.14939848110205312
cabinates,2599.0,6,-0.31902984708184495
cabinates,5799.0,6,-0.12495749415537592
cabinates,3300.0,6,-0.27651587226889035
cabinates,2645.0,6,-0.316240057008527
cabinates,1499.0,6,-0.3857422184003187
cabinates,3245.0,6,-0.27985149083481403
cabinates,999.0,6,-0.4160660235450795
cabinates,2645.0,6,-0.316240057008527
cabinates,279.0,6,-0.459732302953535
cabinates,2449.0,6,-0.32812698862527323
cabinates,12088.0,6,0.2564553269554253
cabinates,2099.0,6,-0.34935365222660575
cabinates,3499.0,6,-0.26444699782127556
cabinates,3799.0,6,-0.24625271473441906
cabinates,469.0,6,-0.44820925699852593
cabinates,2645.0,6,-0.316240057008527
cabinates,2645.0,6,-0.316240057008527
cabinates,5267.0,6,-0.1572220228294014
cabinates,3350.0,6,-0.2734834917544143
cabinates,3245.0,6,-0.27985149083481403
cabinates,7999.0,6,0.00846724848157154
cabinates,3599.0,6,-0.2583822367923234
cabinates,3199.0,6,-0.282641280908132
cabinates,10865.0,6,0.18228329957134037
cabinates,2599.0,6,-0.31902984708184495
cabinates,2999.0,6,-0.29477080296603636
cabinates,1099.0,6,-0.41000126251612734
cabinates,4749.0,6,-0.18863748495937357
cabinates,2999.0,6,-0.29477080296603636
cabinates,3050.0,6,-0.2916777748412707
cabinates,3449.0,6,-0.26747937833575164
cabinates,799.0,6,-0.4281955456029838
cabinates,471.0,6,-0.4480879617779469
cabinates,3199.0,6,-0.282641280908132
cabinates,16599.0,6,0.530036696971457
cabinates,1199.0,6,-0.4039365014871752
cabinates,220.0,6,-0.4633105119606168
cabinates,1000.0,6,-0.41600537593479
cabinates,1499.0,6,-0.3857422184003187
cabinates,1449.0,6,-0.38877459891479477
cabinates,1999.0,6,-0.3554184132555579
cabinates,7771.0,6,-0.005360406664439379
cabinates,899.0,6,-0.42213078457403164
cabinates,6499.0,6,-0.08250416695271082
cabinates,7999.0,6,0.00846724848157154
cabinates,1499.0,6,-0.3857422184003187
cabinates,9399.0,6,0.09337390288690174
cabinates,2249.0,6,-0.3402565106831775
cabinates,1499.0,6,-0.3857422184003187
cabinates,7949.0,6,0.005434867967095461
cabinates,17124.0,6,0.5618766923734559
cabinates,1850.0,6,-0.3644549071886966
cabinates,7949.0,6,0.005434867967095461
cabinates,197.0,6,-0.4647054069972758
cabinates,1965.0,6,-0.35748043200540164
cabinates,1499.0,6,-0.3857422184003187
cabinates,7609.0,6,-0.015185319531341874
cabinates,2999.0,6,-0.29477080296603636
cabinates,349.0,6,-0.4554869702332685
cabinates,1950.0,6,-0.35839014615974446
cabinates,2849.0,6,-0.3038679445094646
cabinates,1499.0,6,-0.3857422184003187
cabinates,9349.0,6,0.09034152237242567
cabinates,11368.0,6,0.21278904754696973
cabinates,747.0,6,-0.43134922133803894
cabinates,1499.0,6,-0.3857422184003187
cabinates,1499.0,6,-0.3857422184003187
cabinates,1499.0,6,-0.3857422184003187
cabinates,1499.0,6,-0.3857422184003187
cabinates,1499.0,6,-0.3857422184003187
cabinates,3449.0,6,-0.26747937833575164
cabinates,220.0,6,-0.4633105119606168
cabinates,1499.0,6,-0.3857422184003187
cabinates,1499.0,6,-0.3857422184003187
cabinates,1499.0,6,-0.3857422184003187
cabinates,1499.0,6,-0.3857422184003187
cabinates,1693.0,6,-0.3739765820041515
cabinates,1499.0,6,-0.3857422184003187
cabinates,1499.0,6,-0.3857422184003187
cabinates,1499.0,6,-0.3857422184003187
cabinates,1499.0,6,-0.3857422184003187
cabinates,1499.0,6,-0.3857422184003187
cabinates,1499.0,6,-0.3857422184003187
cabinates,1499.0,6,-0.3857422184003187
cabinates,1499.0,6,-0.3857422184003187
cabinates,1499.0,6,-0.3857422184003187
cabinates,1499.0,6,-0.3857422184003187
cabinates,1499.0,6,-0.3857422184003187
cabinates,1499.0,6,-0.3857422184003187
cabinates,1499.0,6,-0.3857422184003187
cabinates,1499.0,6,-0.3857422184003187
cabinates,1499.0,6,-0.3857422184003187
cabinates,1499.0,6,-0.3857422184003187
cabinates,349.0,6,-0.4554869702332685
cabinates,1499.0,6,-0.3857422184003187
cabinates,1499.0,6,-0.3857422184003187
cabinates,1499.0,6,-0.3857422184003187
cabinates,1499.0,6,-0.3857422184003187
cabinates,1965.0,6,-0.35748043200540164
cabinates,1499.0,6,-0.3857422184003187
cabinates,1499.0,6,-0.3857422184003187
cabinates,1499.0,6,-0.3857422184003187
cabinates,1499.0,6,-0.3857422184003187
cabinates,1499.0,6,-0.3857422184003187
cabinates,1499.0,6,-0.3857422184003187
cabinates,1499.0,6,-0.3857422184003187
cabinates,1499.0,6,-0.3857422184003187
cabinates,1199.0,6,-0.4039365014871752
cabinates,1499.0,6,-0.3857422184003187
cabinates,1499.0,6,-0.3857422184003187
cabinates,3449.0,6,-0.26747937833575164
cabinates,799.0,6,-0.4281955456029838
cabinates,1499.0,6,-0.3857422184003187
cabinates,1499.0,6,-0.3857422184003187
cabinates,1499.0,6,-0.3857422184003187
cabinates,1499.0,6,-0.3857422184003187
cabinates,220.0,6,-0.4633105119606168
cabinates,1000.0,6,-0.41600537593479
cabinates,1499.0,6,-0.3857422184003187
cabinates,1499.0,6,-0.3857422184003187
cabinates,1499.0,6,-0.3857422184003187
cabinates,1499.0,6,-0.3857422184003187
cabinates,1499.0,6,-0.3857422184003187
cabinates,1499.0,6,-0.3857422184003187
cabinates,1499.0,6,-0.3857422184003187
cabinates,1499.0,6,-0.3857422184003187
cabinates,1499.0,6,-0.3857422184003187
cabinates,1499.0,6,-0.3857422184003187
cabinates,1499.0,6,-0.3857422184003187
cabinates,1499.0,6,-0.3857422184003187
cabinates,1499.0,6,-0.3857422184003187
cabinates,1499.0,6,-0.3857422184003187
cabinates,1499.0,6,-0.3857422184003187
cabinates,1499.0,6,-0.3857422184003187
cabinates,1499.0,6,-0.3857422184003187
cabinates,1499.0,6,-0.3857422184003187
cabinates,1499.0,6,-0.3857422184003187
cabinates,1499.0,6,-0.3857422184003187
cabinates,1499.0,6,-0.3857422184003187
cabinates,1499.0,6,-0.3857422184003187
cabinates,1499.0,6,-0.3857422184003187
cabinates,1499.0,6,-0.3857422184003187
cabinates,1499.0,6,-0.3857422184003187
cabinates,1499.0,6,-0.3857422184003187
cabinates,1499.0,6,-0.3857422184003187
cabinates,1499.0,6,-0.3857422184003187
cabinates,1499.0,6,-0.3857422184003187
cabinates,1499.0,6,-0.3857422184003187
cabinates,1499.0,6,-0.3857422184003187
cabinates,1499.0,6,-0.3857422184003187
cabinates,3449.0,6,-0.26747937833575164
cabinates,799.0,6,-0.4281955456029838
cabinates,1499.0,6,-0.3857422184003187
cabinates,1499.0,6,-0.3857422184003187
cabinates,1499.0,6,-0.3857422184003187
cabinates,1499.0,6,-0.3857422184003187
cabinates,220.0,6,-0.4633105119606168
cabinates,1000.0,6,-0.41600537593479
cabinates,1499.0,6,-0.3857422184003187
cabinates,1499.0,6,-0.3857422184003187
cabinates,1499.0,6,-0.3857422184003187
cabinates,1499.0,6,-0.3857422184003187
cabinates,1499.0,6,-0.3857422184003187
cabinates,1499.0,6,-0.3857422184003187
cabinates,1499.0,6,-0.3857422184003187
cabinates,1499.0,6,-0.3857422184003187
cabinates,1499.0,6,-0.3857422184003187
cabinates,1499.0,6,-0.3857422184003187
cabinates,1499.0,6,-0.3857422184003187
cabinates,1499.0,6,-0.3857422184003187
cabinates,1499.0,6,-0.3857422184003187
cabinates,1499.0,6,-0.3857422184003187
cabinates,9889.0,6,0.12309123192876732
cabinates,1499.0,6,-0.3857422184003187
cabinates,1499.0,6,-0.3857422184003187
cabinates,1499.0,6,-0.3857422184003187
cabinates,1499.0,6,-0.3857422184003187
cabinates,1499.0,6,-0.3857422184003187
cabinates,1499.0,6,-0.3857422184003187
cabinates,1499.0,6,-0.3857422184003187
cabinates,1499.0,6,-0.3857422184003187
cabinates,1499.0,6,-0.3857422184003187
cabinates,1499.0,6,-0.3857422184003187
cabinates,1499.0,6,-0.3857422184003187
cabinates,1499.0,6,-0.3857422184003187
cabinates,1499.0,6,-0.3857422184003187
cabinates,1499.0,6,-0.3857422184003187
cabinates,1499.0,6,-0.3857422184003187
cabinates,1499.0,6,-0.3857422184003187
cabinates,1499.0,6,-0.3857422184003187
cabinates,3449.0,6,-0.26747937833575164
cabinates,799.0,6,-0.4281955456029838
cabinates,1499.0,6,-0.3857422184003187
cabinates,1499.0,6,-0.3857422184003187
cabinates,1499.0,6,-0.3857422184003187
cabinates,1499.0,6,-0.3857422184003187
cabinates,220.0,6,-0.4633105119606168
cabinates,1000.0,6,-0.41600537593479
cabinates,1499.0,6,-0.3857422184003187
cabinates,1499.0,6,-0.3857422184003187
cabinates,1499.0,6,-0.3857422184003187
cabinates,1499.0,6,-0.3857422184003187
cabinates,1499.0,6,-0.3857422184003187
cabinates,1499.0,6,-0.3857422184003187
cabinates,1499.0,6,-0.3857422184003187
cabinates,1499.0,6,-0.3857422184003187
cabinates,1499.0,6,-0.3857422184003187
cabinates,1499.0,6,-0.3857422184003187
cabinates,1499.0,6,-0.3857422184003187
cabinates,1499.0,6,-0.3857422184003187
cabinates,1499.0,6,-0.3857422184003187
cabinates,1499.0,6,-0.3857422184003187
cabinates,1499.0,6,-0.3857422184003187
cabinates,1499.0,6,-0.3857422184003187
cabinates,1499.0,6,-0.3857422184003187
cabinates,1950.0,6,-0.35839014615974446
cabinates,1499.0,6,-0.3857422184003187
cabinates,1499.0,6,-0.3857422184003187
cabinates,1499.0,6,-0.3857422184003187
cabinates,1499.0,6,-0.3857422184003187
cabinates,2999.0,6,-0.29477080296603636
cabinates,1499.0,6,-0.3857422184003187
cabinates,1499.0,6,-0.3857422184003187
cabinates,1499.0,6,-0.3857422184003187
cabinates,1499.0,6,-0.3857422184003187
cabinates,1499.0,6,-0.3857422184003187
cabinates,1499.0,6,-0.3857422184003187
cabinates,1499.0,6,-0.3857422184003187
cabinates,1499.0,6,-0.3857422184003187
cabinates,7949.0,6,0.005434867967095461
cabinates,3449.0,6,-0.26747937833575164
cabinates,799.0,6,-0.4281955456029838
cabinates,1499.0,6,-0.3857422184003187
cabinates,7899.0,6,0.002402487452619383
cabinates,1499.0,6,-0.3857422184003187
cabinates,1499.0,6,-0.3857422184003187
cabinates,220.0,6,-0.4633105119606168
cabinates,1000.0,6,-0.41600537593479
cabinates,1499.0,6,-0.3857422184003187
cabinates,1499.0,6,-0.3857422184003187
cabinates,1499.0,6,-0.3857422184003187
cabinates,1499.0,6,-0.3857422184003187
cabinates,1499.0,6,-0.3857422184003187
cabinates,1499.0,6,-0.3857422184003187
cabinates,1499.0,6,-0.3857422184003187
cabinates,1499.0,6,-0.3857422184003187
cabinates,1499.0,6,-0.3857422184003187
cabinates,1499.0,6,-0.3857422184003187
cabinates,1499.0,6,-0.3857422184003187
cabinates,1499.0,6,-0.3857422184003187
cabinates,1499.0,6,-0.3857422184003187
cabinates,1499.0,6,-0.3857422184003187
cabinates,1499.0,6,-0.3857422184003187
cabinates,1499.0,6,-0.3857422184003187
cabinates,1499.0,6,-0.3857422184003187
cabinates,1499.0,6,-0.3857422184003187
cabinates,1499.0,6,-0.3857422184003187
cabinates,1499.0,6,-0.3857422184003187
cabinates,1499.0,6,-0.3857422184003187
cabinates,1499.0,6,-0.3857422184003187
cabinates,1499.0,6,-0.3857422184003187
cabinates,1499.0,6,-0.3857422184003187
cabinates,1499.0,6,-0.3857422184003187
cabinates,1499.0,6,-0.3857422184003187
cabinates,1699.0,6,-0.3736126963424144
cabinates,1499.0,6,-0.3857422184003187
cabinates,1499.0,6,-0.3857422184003187
cabinates,1499.0,6,-0.3857422184003187
cabinates,1499.0,6,-0.3857422184003187
cabinates,1499.0,6,-0.3857422184003187
cabinates,3449.0,6,-0.26747937833575164
cabinates,799.0,6,-0.4281955456029838
cabinates,1499.0,6,-0.3857422184003187
cabinates,2599.0,6,-0.31902984708184495
cabinates,1499.0,6,-0.3857422184003187
cabinates,1499.0,6,-0.3857422184003187
cabinates,220.0,6,-0.4633105119606168
cabinates,1000.0,6,-0.41600537593479
cabinates,1499.0,6,-0.3857422184003187
cabinates,1499.0,6,-0.3857422184003187
cabinates,1499.0,6,-0.3857422184003187
cabinates,1499.0,6,-0.3857422184003187
cabinates,1499.0,6,-0.3857422184003187
cabinates,1499.0,6,-0.3857422184003187
cabinates,1499.0,6,-0.3857422184003187
cabinates,1499.0,6,-0.3857422184003187
cabinates,1499.0,6,-0.3857422184003187
cabinates,1499.0,6,-0.3857422184003187
cabinates,8274.0,6,0.025145341311189975
cabinates,1499.0,6,-0.3857422184003187
cabinates,1499.0,6,-0.3857422184003187
cabinates,1499.0,6,-0.3857422184003187
cabinates,1499.0,6,-0.3857422184003187
cabinates,1499.0,6,-0.3857422184003187
cabinates,1499.0,6,-0.3857422184003187
cabinates,1499.0,6,-0.3857422184003187
cabinates,1499.0,6,-0.3857422184003187
cabinates,1499.0,6,-0.3857422184003187
cabinates,1499.0,6,-0.3857422184003187
cabinates,1499.0,6,-0.3857422184003187
cabinates,1499.0,6,-0.3857422184003187
cabinates,1499.0,6,-0.3857422184003187
cabinates,1499.0,6,-0.3857422184003187
cabinates,1499.0,6,-0.3857422184003187
cabinates,1499.0,6,-0.3857422184003187
cabinates,1499.0,6,-0.3857422184003187
cabinates,1499.0,6,-0.3857422184003187
cabinates,1499.0,6,-0.3857422184003187
cabinates,1499.0,6,-0.3857422184003187
cabinates,1499.0,6,-0.3857422184003187
cabinates,3449.0,6,-0.26747937833575164
cabinates,799.0,6,-0.4281955456029838
cabinates,1499.0,6,-0.3857422184003187
cabinates,1499.0,6,-0.3857422184003187
cabinates,1499.0,6,-0.3857422184003187
cabinates,1499.0,6,-0.3857422184003187
cabinates,220.0,6,-0.4633105119606168
cabinates,1000.0,6,-0.41600537593479
cabinates,1499.0,6,-0.3857422184003187
cabinates,1499.0,6,-0.3857422184003187
cabinates,1499.0,6,-0.3857422184003187
cabinates,1499.0,6,-0.3857422184003187
cabinates,1499.0,6,-0.3857422184003187
cabinates,1499.0,6,-0.3857422184003187
cabinates,1499.0,6,-0.3857422184003187
cabinates,1499.0,6,-0.3857422184003187
cabinates,1499.0,6,-0.3857422184003187
cabinates,1499.0,6,-0.3857422184003187
cabinates,1499.0,6,-0.3857422184003187
cabinates,1499.0,6,-0.3857422184003187
cabinates,1499.0,6,-0.3857422184003187
cabinates,1499.0,6,-0.3857422184003187
cabinates,1499.0,6,-0.3857422184003187
cabinates,1499.0,6,-0.3857422184003187
cabinates,1499.0,6,-0.3857422184003187
cabinates,1499.0,6,-0.3857422184003187
cabinates,1499.0,6,-0.3857422184003187
cabinates,1499.0,6,-0.3857422184003187
cabinates,1499.0,6,-0.3857422184003187
cabinates,1499.0,6,-0.3857422184003187
cabinates,1499.0,6,-0.3857422184003187
cabinates,1499.0,6,-0.3857422184003187
cabinates,1499.0,6,-0.3857422184003187
cabinates,1499.0,6,-0.3857422184003187
cabinates,1499.0,6,-0.3857422184003187
cabinates,2099.0,6,-0.34935365222660575
cabinates,1499.0,6,-0.3857422184003187
cabinates,1499.0,6,-0.3857422184003187
cabinates,1499.0,6,-0.3857422184003187
cabinates,1499.0,6,-0.3857422184003187
cabinates,3449.0,6,-0.26747937833575164
cabinates,220.0,6,-0.4633105119606168
cabinates,2629.0,6,-0.3172104187731593
cabinates,3379.0,6,-0.27172471105601814
cabinates,1798.0,6,-0.36760858292375176
cabinates,2811.0,6,-0.3061725537004664
cabinates,1499.0,6,-0.3857422184003187
cabinates,3049.0,6,-0.2917384224515603
cabinates,3125.0,6,-0.2871292040695566
cabinates,2999.0,6,-0.29477080296603636
cabinates,6634.0,6,-0.07431673956362542
cabinates,2777.0,6,-0.3082345724503101
cabinates,4999.0,6,-0.17347558238699318
cabinates,1499.0,6,-0.3857422184003187
cabinates,3699.0,6,-0.2523174757633712
cabinates,9929.0,6,0.12551713634034817
cabinates,6949.0,6,-0.055212742322426116
cabinates,1199.0,6,-0.4039365014871752
cabinates,8576.0,6,0.04346091961862549
cabinates,1798.0,6,-0.36760858292375176
cabinates,2249.0,6,-0.3402565106831775
cabinates,1263.0,6,-0.4000550544286458
cabinates,1980.0,6,-0.3565707178510588
cabinates,1499.0,6,-0.3857422184003187
cabinates,4821.0,6,-0.18427085701852802
cabinates,1700.0,6,-0.3735520487321249
cabinates,2455.0,6,-0.32776310296353606
cabinates,8699.0,6,0.05092057568423664
cabinates,3839.0,6,-0.2438268103228382
cabinates,1849.0,6,-0.3645155547989862
cabinates,10599.0,6,0.16615103523432764
cabinates,3899.0,6,-0.24018795370546692
cabinates,4799.0,6,-0.1856051044448975
cabinates,5500.0,6,-0.14309112963194287
cabinates,36099.0,6,1.7126650976171278
cabinates,1950.0,6,-0.35839014615974446
cabinates,5699.0,6,-0.13102225518432808
cabinates,1855.0,6,-0.364151669137249
cabinates,9499.0,6,0.0994386639158539
cabinates,4999.0,6,-0.17347558238699318
cabinates,3449.0,6,-0.26747937833575164
cabinates,799.0,6,-0.4281955456029838
cabinates,2999.0,6,-0.29477080296603636
cabinates,4799.0,6,-0.1856051044448975
cabinates,19849.0,6,0.7271414304124022
cabinates,9889.0,6,0.12309123192876732
cabinates,220.0,6,-0.4633105119606168
cabinates,1000.0,6,-0.41600537593479
cabinates,13559.0,6,0.3456679616913115
cabinates,2000.0,6,-0.3553577656452684
cabinates,19319.0,6,0.6949981969589558
cabinates,7549.0,6,-0.01882417614871317
cabinates,7269.0,6,-0.03580550702977921
cabinates,3669.0,6,-0.25413690407205686
cabinates,1999.0,6,-0.3554184132555579
cabinates,1950.0,6,-0.35839014615974446
cabinates,11512.0,6,0.22152230342866083
cabinates,3600.0,6,-0.25832158918203385
cabinates,3109.0,6,-0.28809956583418894
cabinates,3199.0,6,-0.282641280908132
cabinates,1700.0,6,-0.3735520487321249
cabinates,4049.0,6,-0.2310908121620387
cabinates,1199.0,6,-0.4039365014871752
cabinates,5842.0,6,-0.1223496469129265
cabinates,2399.0,6,-0.3311593691397493
cabinates,13999.0,6,0.372352910218701
cabinates,2219.0,6,-0.34207593899186317
cabinates,1199.0,6,-0.4039365014871752
cabinates,1999.0,6,-0.3554184132555579
cabinates,9570.0,6,0.10374464424640993
cabinates,9210.0,6,0.08191150454218217
cabinates,6049.0,6,-0.10979559158299554
cabinates,1499.0,6,-0.3857422184003187
cabinates,3199.0,6,-0.282641280908132
cabinates,18339.0,6,0.6355635388752247
cabinates,2399.0,6,-0.3311593691397493
cabinates,15973.0,6,0.49207129293021656
cabinates,4799.0,6,-0.1856051044448975
cabinates,1199.0,6,-0.4039365014871752
cabinates,15973.0,6,0.49207129293021656
cabinates,3449.0,6,-0.26747937833575164
cabinates,799.0,6,-0.4281955456029838
cabinates,1499.0,6,-0.3857422184003187
cabinates,4899.0,6,-0.17954034341594535
cabinates,4999.0,6,-0.17347558238699318
cabinates,5500.0,6,-0.14309112963194287
cabinates,220.0,6,-0.4633105119606168
cabinates,1000.0,6,-0.41600537593479
cabinates,1355.0,6,-0.3944754742820098
cabinates,5396.0,6,-0.14939848110205312
cabinates,2599.0,6,-0.31902984708184495
cabinates,5799.0,6,-0.12495749415537592
cabinates,3300.0,6,-0.27651587226889035
cabinates,2645.0,6,-0.316240057008527
cabinates,1499.0,6,-0.3857422184003187
cabinates,3245.0,6,-0.27985149083481403
cabinates,999.0,6,-0.4160660235450795
cabinates,2645.0,6,-0.316240057008527
cabinates,279.0,6,-0.459732302953535
cabinates,2449.0,6,-0.32812698862527323
cabinates,12088.0,6,0.2564553269554253
cabinates,2099.0,6,-0.34935365222660575
cabinates,3499.0,6,-0.26444699782127556
cabinates,3799.0,6,-0.24625271473441906
cabinates,469.0,6,-0.44820925699852593
cabinates,2645.0,6,-0.316240057008527
cabinates,2645.0,6,-0.316240057008527
cabinates,5267.0,6,-0.1572220228294014
cabinates,3350.0,6,-0.2734834917544143
cabinates,3245.0,6,-0.27985149083481403
cabinates,7999.0,6,0.00846724848157154
cabinates,3599.0,6,-0.2583822367923234
cabinates,3199.0,6,-0.282641280908132
cabinates,10865.0,6,0.18228329957134037
cabinates,2599.0,6,-0.31902984708184495
cabinates,2999.0,6,-0.29477080296603636
cabinates,1099.0,6,-0.41000126251612734
cabinates,4749.0,6,-0.18863748495937357
cabinates,2999.0,6,-0.29477080296603636
cabinates,3050.0,6,-0.2916777748412707
cabinates,3449.0,6,-0.26747937833575164
cabinates,799.0,6,-0.4281955456029838
cabinates,471.0,6,-0.4480879617779469
cabinates,3199.0,6,-0.282641280908132
cabinates,16599.0,6,0.530036696971457
cabinates,1199.0,6,-0.4039365014871752
cabinates,220.0,6,-0.4633105119606168
cabinates,1000.0,6,-0.41600537593479
cabinates,1499.0,6,-0.3857422184003187
cabinates,1449.0,6,-0.38877459891479477
cabinates,1999.0,6,-0.3554184132555579
cabinates,7771.0,6,-0.005360406664439379
cabinates,899.0,6,-0.42213078457403164
cabinates,6499.0,6,-0.08250416695271082
cabinates,7999.0,6,0.00846724848157154
cabinates,1499.0,6,-0.3857422184003187
cabinates,9399.0,6,0.09337390288690174
cabinates,2249.0,6,-0.3402565106831775
cabinates,1499.0,6,-0.3857422184003187
cabinates,7949.0,6,0.005434867967095461
cabinates,17124.0,6,0.5618766923734559
cabinates,1850.0,6,-0.3644549071886966
cabinates,7949.0,6,0.005434867967095461
cabinates,197.0,6,-0.4647054069972758
cabinates,1965.0,6,-0.35748043200540164
cabinates,1499.0,6,-0.3857422184003187
cabinates,7609.0,6,-0.015185319531341874
cabinates,2999.0,6,-0.29477080296603636
cabinates,349.0,6,-0.4554869702332685
cabinates,1950.0,6,-0.35839014615974446
cabinates,2849.0,6,-0.3038679445094646
cabinates,1499.0,6,-0.3857422184003187
cabinates,9349.0,6,0.09034152237242567
cabinates,11368.0,6,0.21278904754696973
cabinates,747.0,6,-0.43134922133803894
cabinates,1499.0,6,-0.3857422184003187
cabinates,1499.0,6,-0.3857422184003187
cabinates,1499.0,6,-0.3857422184003187
cabinates,1499.0,6,-0.3857422184003187
cabinates,1499.0,6,-0.3857422184003187
cabinates,3449.0,6,-0.26747937833575164
cabinates,220.0,6,-0.4633105119606168
cabinates,1499.0,6,-0.3857422184003187
cabinates,1499.0,6,-0.3857422184003187
cabinates,1499.0,6,-0.3857422184003187
cabinates,1499.0,6,-0.3857422184003187
cabinates,1693.0,6,-0.3739765820041515
cabinates,1499.0,6,-0.3857422184003187
cabinates,1499.0,6,-0.3857422184003187
cabinates,1499.0,6,-0.3857422184003187
cabinates,1499.0,6,-0.3857422184003187
cabinates,1499.0,6,-0.3857422184003187
cabinates,1499.0,6,-0.3857422184003187
cabinates,1499.0,6,-0.3857422184003187
cabinates,1499.0,6,-0.3857422184003187
cabinates,1499.0,6,-0.3857422184003187
cabinates,1499.0,6,-0.3857422184003187
cabinates,1499.0,6,-0.3857422184003187
cabinates,1499.0,6,-0.3857422184003187
cabinates,1499.0,6,-0.3857422184003187
cabinates,1499.0,6,-0.3857422184003187
cabinates,1499.0,6,-0.3857422184003187
cabinates,1499.0,6,-0.3857422184003187
cabinates,349.0,6,-0.4554869702332685
cabinates,1499.0,6,-0.3857422184003187
cabinates,1499.0,6,-0.3857422184003187
cabinates,1499.0,6,-0.3857422184003187
cabinates,1499.0,6,-0.3857422184003187
cabinates,1965.0,6,-0.35748043200540164
cabinates,1499.0,6,-0.3857422184003187
cabinates,1499.0,6,-0.3857422184003187
cabinates,1499.0,6,-0.3857422184003187
cabinates,1499.0,6,-0.3857422184003187
cabinates,1499.0,6,-0.3857422184003187
cabinates,1499.0,6,-0.3857422184003187
cabinates,1499.0,6,-0.3857422184003187
cabinates,1499.0,6,-0.3857422184003187
cabinates,1199.0,6,-0.4039365014871752
cabinates,1499.0,6,-0.3857422184003187
cabinates,1499.0,6,-0.3857422184003187
cabinates,3449.0,6,-0.26747937833575164
cabinates,799.0,6,-0.4281955456029838
cabinates,1499.0,6,-0.3857422184003187
cabinates,1499.0,6,-0.3857422184003187
cabinates,1499.0,6,-0.3857422184003187
cabinates,1499.0,6,-0.3857422184003187
cabinates,220.0,6,-0.4633105119606168
cabinates,1000.0,6,-0.41600537593479
cabinates,1499.0,6,-0.3857422184003187
cabinates,1499.0,6,-0.3857422184003187
cabinates,1499.0,6,-0.3857422184003187
cabinates,1499.0,6,-0.3857422184003187
cabinates,1499.0,6,-0.3857422184003187
cabinates,1499.0,6,-0.3857422184003187
cabinates,1499.0,6,-0.3857422184003187
cabinates,1499.0,6,-0.3857422184003187
cabinates,1499.0,6,-0.3857422184003187
cabinates,1499.0,6,-0.3857422184003187
cabinates,1499.0,6,-0.3857422184003187
cabinates,1499.0,6,-0.3857422184003187
cabinates,1499.0,6,-0.3857422184003187
cabinates,1499.0,6,-0.3857422184003187
cabinates,1499.0,6,-0.3857422184003187
cabinates,1499.0,6,-0.3857422184003187
cabinates,1499.0,6,-0.3857422184003187
cabinates,1499.0,6,-0.3857422184003187
cabinates,1499.0,6,-0.3857422184003187
cabinates,1499.0,6,-0.3857422184003187
cabinates,1499.0,6,-0.3857422184003187
cabinates,1499.0,6,-0.3857422184003187
cabinates,1499.0,6,-0.3857422184003187
cabinates,1499.0,6,-0.3857422184003187
cabinates,1499.0,6,-0.3857422184003187
cabinates,1499.0,6,-0.3857422184003187
cabinates,1499.0,6,-0.3857422184003187
cabinates,1499.0,6,-0.3857422184003187
cabinates,1499.0,6,-0.3857422184003187
cabinates,1499.0,6,-0.3857422184003187
cabinates,1499.0,6,-0.3857422184003187
cabinates,1499.0,6,-0.3857422184003187
cabinates,3449.0,6,-0.26747937833575164
cabinates,799.0,6,-0.4281955456029838
cabinates,1499.0,6,-0.3857422184003187
cabinates,1499.0,6,-0.3857422184003187
cabinates,1499.0,6,-0.3857422184003187
cabinates,1499.0,6,-0.3857422184003187
cabinates,220.0,6,-0.4633105119606168
cabinates,1000.0,6,-0.41600537593479
cabinates,1499.0,6,-0.3857422184003187
cabinates,1499.0,6,-0.3857422184003187
cabinates,1499.0,6,-0.3857422184003187
cabinates,1499.0,6,-0.3857422184003187
cabinates,1499.0,6,-0.3857422184003187
cabinates,1499.0,6,-0.3857422184003187
cabinates,1499.0,6,-0.3857422184003187
cabinates,1499.0,6,-0.3857422184003187
cabinates,1499.0,6,-0.3857422184003187
cabinates,1499.0,6,-0.3857422184003187
cabinates,1499.0,6,-0.3857422184003187
cabinates,1499.0,6,-0.3857422184003187
cabinates,1499.0,6,-0.3857422184003187
cabinates,1499.0,6,-0.3857422184003187
cabinates,9889.0,6,0.12309123192876732
cabinates,1499.0,6,-0.3857422184003187
cabinates,1499.0,6,-0.3857422184003187
cabinates,1499.0,6,-0.3857422184003187
cabinates,1499.0,6,-0.3857422184003187
cabinates,1499.0,6,-0.3857422184003187
cabinates,1499.0,6,-0.3857422184003187
cabinates,1499.0,6,-0.3857422184003187
cabinates,1499.0,6,-0.3857422184003187
cabinates,1499.0,6,-0.3857422184003187
cabinates,1499.0,6,-0.3857422184003187
cabinates,1499.0,6,-0.3857422184003187
cabinates,1499.0,6,-0.3857422184003187
cabinates,1499.0,6,-0.3857422184003187
cabinates,1499.0,6,-0.3857422184003187
cabinates,1499.0,6,-0.3857422184003187
cabinates,1499.0,6,-0.3857422184003187
cabinates,1499.0,6,-0.3857422184003187
cabinates,3449.0,6,-0.26747937833575164
cabinates,799.0,6,-0.4281955456029838
cabinates,1499.0,6,-0.3857422184003187
cabinates,1499.0,6,-0.3857422184003187
cabinates,1499.0,6,-0.3857422184003187
cabinates,1499.0,6,-0.3857422184003187
cabinates,220.0,6,-0.4633105119606168
cabinates,1000.0,6,-0.41600537593479
cabinates,1499.0,6,-0.3857422184003187
cabinates,1499.0,6,-0.3857422184003187
cabinates,1499.0,6,-0.3857422184003187
cabinates,1499.0,6,-0.3857422184003187
cabinates,1499.0,6,-0.3857422184003187
cabinates,1499.0,6,-0.3857422184003187
cabinates,1499.0,6,-0.3857422184003187
cabinates,1499.0,6,-0.3857422184003187
cabinates,1499.0,6,-0.3857422184003187
cabinates,1499.0,6,-0.3857422184003187
cabinates,1499.0,6,-0.3857422184003187
cabinates,1499.0,6,-0.3857422184003187
cabinates,1499.0,6,-0.3857422184003187
cabinates,1499.0,6,-0.3857422184003187
cabinates,1499.0,6,-0.3857422184003187
cabinates,1499.0,6,-0.3857422184003187
cabinates,1499.0,6,-0.3857422184003187
cabinates,1950.0,6,-0.35839014615974446
cabinates,1499.0,6,-0.3857422184003187
cabinates,1499.0,6,-0.3857422184003187
cabinates,1499.0,6,-0.3857422184003187
cabinates,1499.0,6,-0.3857422184003187
cabinates,2999.0,6,-0.29477080296603636
cabinates,1499.0,6,-0.3857422184003187
cabinates,1499.0,6,-0.3857422184003187
cabinates,1499.0,6,-0.3857422184003187
cabinates,1499.0,6,-0.3857422184003187
cabinates,1499.0,6,-0.3857422184003187
cabinates,1499.0,6,-0.3857422184003187
cabinates,1499.0,6,-0.3857422184003187
cabinates,1499.0,6,-0.3857422184003187
cabinates,7949.0,6,0.005434867967095461
cabinates,3449.0,6,-0.26747937833575164
cabinates,799.0,6,-0.4281955456029838
cabinates,1499.0,6,-0.3857422184003187
cabinates,7899.0,6,0.002402487452619383
cabinates,1499.0,6,-0.3857422184003187
cabinates,1499.0,6,-0.3857422184003187
cabinates,220.0,6,-0.4633105119606168
cabinates,1000.0,6,-0.41600537593479
cabinates,1499.0,6,-0.3857422184003187
cabinates,1499.0,6,-0.3857422184003187
cabinates,1499.0,6,-0.3857422184003187
cabinates,1499.0,6,-0.3857422184003187
cabinates,1499.0,6,-0.3857422184003187
cabinates,1499.0,6,-0.3857422184003187
cabinates,1499.0,6,-0.3857422184003187
cabinates,1499.0,6,-0.3857422184003187
cabinates,1499.0,6,-0.3857422184003187
cabinates,1499.0,6,-0.3857422184003187
cabinates,1499.0,6,-0.3857422184003187
cabinates,1499.0,6,-0.3857422184003187
cabinates,1499.0,6,-0.3857422184003187
cabinates,1499.0,6,-0.3857422184003187
cabinates,1499.0,6,-0.3857422184003187
cabinates,1499.0,6,-0.3857422184003187
cabinates,1499.0,6,-0.3857422184003187
cabinates,1499.0,6,-0.3857422184003187
cabinates,1499.0,6,-0.3857422184003187
cabinates,1499.0,6,-0.3857422184003187
cabinates,1499.0,6,-0.3857422184003187
cabinates,1499.0,6,-0.3857422184003187
cabinates,1499.0,6,-0.3857422184003187
cabinates,1499.0,6,-0.3857422184003187
cabinates,1499.0,6,-0.3857422184003187
cabinates,1499.0,6,-0.3857422184003187
cabinates,1699.0,6,-0.3736126963424144
cabinates,1499.0,6,-0.3857422184003187
cabinates,1499.0,6,-0.3857422184003187
cabinates,1499.0,6,-0.3857422184003187
cabinates,1499.0,6,-0.3857422184003187
cabinates,1499.0,6,-0.3857422184003187
cabinates,3449.0,6,-0.26747937833575164
cabinates,799.0,6,-0.4281955456029838
cabinates,1499.0,6,-0.3857422184003187
cabinates,2599.0,6,-0.31902984708184495
cabinates,1499.0,6,-0.3857422184003187
cabinates,1499.0,6,-0.3857422184003187
cabinates,220.0,6,-0.4633105119606168
cabinates,1000.0,6,-0.41600537593479
cabinates,1499.0,6,-0.3857422184003187
cabinates,1499.0,6,-0.3857422184003187
cabinates,1499.0,6,-0.3857422184003187
cabinates,1499.0,6,-0.3857422184003187
cabinates,1499.0,6,-0.3857422184003187
cabinates,1499.0,6,-0.3857422184003187
cabinates,1499.0,6,-0.3857422184003187
cabinates,1499.0,6,-0.3857422184003187
cabinates,1499.0,6,-0.3857422184003187
cabinates,1499.0,6,-0.3857422184003187
cabinates,8274.0,6,0.025145341311189975
cabinates,1499.0,6,-0.3857422184003187
cabinates,1499.0,6,-0.3857422184003187
cabinates,1499.0,6,-0.3857422184003187
cabinates,1499.0,6,-0.3857422184003187
cabinates,1499.0,6,-0.3857422184003187
cabinates,1499.0,6,-0.3857422184003187
cabinates,1499.0,6,-0.3857422184003187
cabinates,1499.0,6,-0.3857422184003187
cabinates,1499.0,6,-0.3857422184003187
cabinates,1499.0,6,-0.3857422184003187
cabinates,1499.0,6,-0.3857422184003187
cabinates,1499.0,6,-0.3857422184003187
cabinates,1499.0,6,-0.3857422184003187
cabinates,1499.0,6,-0.3857422184003187
cabinates,1499.0,6,-0.3857422184003187
cabinates,1499.0,6,-0.3857422184003187
cabinates,1499.0,6,-0.3857422184003187
cabinates,1499.0,6,-0.3857422184003187
cabinates,1499.0,6,-0.3857422184003187
cabinates,1499.0,6,-0.3857422184003187
cabinates,1499.0,6,-0.3857422184003187
cabinates,3449.0,6,-0.26747937833575164
cabinates,799.0,6,-0.4281955456029838
cabinates,1499.0,6,-0.3857422184003187
cabinates,1499.0,6,-0.3857422184003187
cabinates,1499.0,6,-0.3857422184003187
cabinates,1499.0,6,-0.3857422184003187
cabinates,220.0,6,-0.4633105119606168
cabinates,1000.0,6,-0.41600537593479
cabinates,1499.0,6,-0.3857422184003187
cabinates,1499.0,6,-0.3857422184003187
cabinates,1499.0,6,-0.3857422184003187
cabinates,1499.0,6,-0.3857422184003187
cabinates,1499.0,6,-0.3857422184003187
cabinates,1499.0,6,-0.3857422184003187
cabinates,1499.0,6,-0.3857422184003187
cabinates,1499.0,6,-0.3857422184003187
cabinates,1499.0,6,-0.3857422184003187
cabinates,1499.0,6,-0.3857422184003187
cabinates,1499.0,6,-0.3857422184003187
cabinates,1499.0,6,-0.3857422184003187
cabinates,1499.0,6,-0.3857422184003187
cabinates,1499.0,6,-0.3857422184003187
cabinates,1499.0,6,-0.3857422184003187
cabinates,1499.0,6,-0.3857422184003187
cabinates,1499.0,6,-0.3857422184003187
cabinates,1499.0,6,-0.3857422184003187
cabinates,1499.0,6,-0.3857422184003187
cabinates,1499.0,6,-0.3857422184003187
cabinates,1499.0,6,-0.3857422184003187
cabinates,1499.0,6,-0.3857422184003187
cabinates,1499.0,6,-0.3857422184003187
cabinates,1499.0,6,-0.3857422184003187
cabinates,1499.0,6,-0.3857422184003187
cabinates,1499.0,6,-0.3857422184003187
cabinates,1499.0,6,-0.3857422184003187
cabinates,2099.0,6,-0.34935365222660575
cabinates,1499.0,6,-0.3857422184003187
cabinates,1499.0,6,-0.3857422184003187
cabinates,1499.0,6,-0.3857422184003187
cabinates,1499.0,6,-0.3857422184003187
cabinates,3449.0,6,-0.26747937833575164
cabinates,799.0,6,-0.4281955456029838
cabinates,1499.0,6,-0.3857422184003187
cabinates,1499.0,6,-0.3857422184003187
cabinates,1499.0,6,-0.3857422184003187
cabinates,1499.0,6,-0.3857422184003187
cabinates,220.0,6,-0.4633105119606168
cabinates,1000.0,6,-0.41600537593479
cabinates,2499.0,6,-0.3250946081107971
cabinates,3199.0,6,-0.282641280908132
cabinates,1499.0,6,-0.3857422184003187
cabinates,1499.0,6,-0.3857422184003187
cabinates,1499.0,6,-0.3857422184003187
cabinates,1499.0,6,-0.3857422184003187
cabinates,1499.0,6,-0.3857422184003187
cabinates,1499.0,6,-0.3857422184003187
cabinates,1499.0,6,-0.3857422184003187
cabinates,1499.0,6,-0.3857422184003187
cabinates,1499.0,6,-0.3857422184003187
cabinates,1499.0,6,-0.3857422184003187
cabinates,1499.0,6,-0.3857422184003187
cabinates,1499.0,6,-0.3857422184003187
cabinates,1499.0,6,-0.3857422184003187
cabinates,1499.0,6,-0.3857422184003187
cabinates,1499.0,6,-0.3857422184003187
cabinates,1499.0,6,-0.3857422184003187
cabinates,1499.0,6,-0.3857422184003187
cabinates,1499.0,6,-0.3857422184003187
cabinates,1499.0,6,-0.3857422184003187
cabinates,1499.0,6,-0.3857422184003187
cabinates,1499.0,6,-0.3857422184003187
cabinates,2399.0,6,-0.3311593691397493
cabinates,8274.0,6,0.025145341311189975
cabinates,1499.0,6,-0.3857422184003187
cabinates,1499.0,6,-0.3857422184003187
cabinates,1499.0,6,-0.3857422184003187
cabinates,1499.0,6,-0.3857422184003187
cabinates,1499.0,6,-0.3857422184003187
cabinates,1499.0,6,-0.3857422184003187
cabinates,1499.0,6,-0.3857422184003187
